packaging_material,submission_id,reporting_period,organisation_id,site_id,nation,packaging_class,activity,weight_tonnes,submission_date
Plastic,REC-0001-2024Q2-SITE-B-PL02,2024-Q2,ORG-12345,SITE-B,Scotland,Primary,Exported,,2024-10-20
Plastic,REC-0002-Q2 2024-SITE-B-PL02,2024-Q2,ORG-12345,SITE-B,Scotland,Shipment,Imported,,2024-11-18
Plastic,REC-0003-Q4 2024-SITE-B-PL01,,ORG-12345,SITE-B,Scotland,Primary,Supplied as goods,,2024-06-05
Plastic,REC-0004-Q2 2024-SITE-C-PL01,2024-Q2,ORG-12345,SITE-C,Wales,Tertiary,Supplied as goods,,2024-07-05
Plastic,REC-0005-2024-Q3-SITE-E-PL02,2024-Q3,ORG-12345,SITE-E,England,Primary,Imported,,2024-09-06
Other,REC-0006-2024-Q3-SITE-E-OT01,2024-Q3,ORG-12345,SITE-E,England,Primary,Imported,,2024-04-22
Plastic,REC-0007-Q2 2024-SITE-A-PL02,2024-Q2,ORG-12345,SITE-A,England,Primary,Exported,,2024-03-15
Steel,REC-0008-2024-Q3-SITE-C-ST01,2024-Q3,ORG-12345,SITE-C,Wales,Secondary,Exported,,2024-12-23
Steel,REC-0009-Q2 2024-SITE-E-ST01,2024-Q2,ORG-12345,SITE-E,England,Tertiary,Exported,,2024-09-07
Fibre-based composite,REC-0010-2024-Q1-SITE-C-FB01,2024-Q1,ORG-12345,SITE-C,Wales,Secondary,Exported,,2024-01-31
Paper/card,REC-0011-Q4 2024-SITE-B-PC01,,ORG-12345,SITE-B,Scotland,Secondary,Imported,,2024-12-09
Wood,REC-0012-Q4 2024-SITE-E-WD01,,ORG-12345,SITE-E,England,Primary,Imported,,2024-08-06
Paper/card,REC-0013-2024-Q1-SITE-A-PC01,2024-Q1,ORG-12345,SITE-A,England,Primary,Supplied as goods,,2024-12-01
Glass,REC-0014-Q4 2024-SITE-D-GL01,,ORG-12345,SITE-D,Northern Ireland,Tertiary,Exported,,2024-09-10
,REC-0015-2024-Q3-SITE-A-UNKNOWN,2024-Q3,ORG-12345,SITE-A,England,Secondary,Exported,,2024-07-07
Plastic,REC-0016-Q2 2024-SITE-C-PL02,2024-Q2,ORG-12345,SITE-C,Wales,Secondary,Imported,,2024-03-09
Steel,REC-0017-2024-Q3-SITE-Z-ST01,2024-Q3,ORG-12345,SITE-Z,,Tertiary,Exported,,2024-10-17
Other,REC-0018-2024-Q3-SITE-A-OT01,2024-Q3,ORG-12345,SITE-A,England,Primary,Exported,,2024-05-16
Plastic,REC-0019-2024-Q1-SITE-D-PL01,2024-Q1,ORG-12345,SITE-D,Northern Ireland,Primary,Exported,,2024-03-19
Glass,REC-0020-Q4 2024-SITE-C-GL01,,ORG-12345,SITE-C,Wales,Tertiary,Imported,,2024-10-17
Aluminium,REC-0021-Q4 2024-SITE-D-AL01,,ORG-12345,SITE-D,Northern Ireland,Tertiary,Imported,,2024-05-20
Aluminium,REC-0022-Q2 2024-SITE-E-AL01,2024-Q2,ORG-12345,SITE-E,England,Primary,Imported,,2024-02-20
Plastic,REC-0023-Q2 2024-SITE-A-PL01,2024-Q2,ORG-12345,SITE-A,England,Primary,Supplied as goods,,2024-12-22
Wood,REC-0024-Q4 2024-SITE-B-WD01,,ORG-12345,SITE-B,Scotland,Primary,Exported,,2024-04-21
Plastic,REC-0025-Q4 2024-SITE-D-PL02,,ORG-12345,SITE-D,Northern Ireland,Primary,Exported,,2024-02-11
Plastic,REC-0026-Q2 2024-SITE-B-PL02,2024-Q2,ORG-12345,SITE-B,Scotland,Primary,Imported,,2024-10-15
Wood,REC-0027-2024-Q1-SITE-B-WD01,2024-Q1,ORG-12345,SITE-B,Scotland,Primary,Imported,,2024-10-22
Plastic,REC-0028-Q2 2024-SITE-A-PL02,2024-Q2,ORG-12345,SITE-A,England,Primary,Exported,,2024-08-10
Wood,REC-0029-Q4 2024-SITE-B-WD01,,ORG-12345,SITE-B,Scotland,Secondary,Supplied as goods,,2024-08-01
Steel,REC-0030-Q2 2024-SITE-B-ST01,2024-Q2,ORG-12345,SITE-B,Scotland,Tertiary,Imported,,2024-05-05
Plastic,REC-0031-2024-Q1-SITE-A-PL01,2024-Q1,ORG-12345,SITE-A,England,Shipment,Exported,,2024-09-15
Other,REC-0032-2024-Q1-SITE-B-OT01,2024-Q1,ORG-12345,SITE-B,Scotland,Tertiary,Exported,,2024-02-18
Aluminium,REC-0033-2024-Q1-SITE-E-AL01,2024-Q1,ORG-12345,SITE-E,England,Secondary,Supplied as goods,,2024-02-25
Fibre-based composite,REC-0034-Q2 2024-SITE-C-FB01,2024-Q2,ORG-12345,SITE-C,Wales,Tertiary,Exported,,2024-06-23
Aluminium,REC-0035-2024-Q3-SITE-D-AL01,2024-Q3,ORG-12345,SITE-D,Northern Ireland,Secondary,Imported,,2024-01-19
Wood,REC-0036-Q2 2024-SITE-E-WD01,2024-Q2,ORG-12345,SITE-E,England,Shipment,Exported,,2024-05-29
Glass,REC-0037-Q2 2024-SITE-C-GL01,2024-Q2,ORG-12345,SITE-C,Wales,Secondary,Supplied as goods,,2024-10-19
Steel,REC-0038-Q2 2024-SITE-A-ST01,2024-Q2,ORG-12345,SITE-A,England,Shipment,Exported,,2024-03-14
Plastic,REC-0039-Q2 2024-SITE-E-PL02,2024-Q2,ORG-12345,SITE-E,England,Tertiary,Exported,,2024-07-08
Aluminium,REC-0040-2024-Q1-SITE-C-AL01,2024-Q1,ORG-12345,SITE-C,Wales,Tertiary,Exported,,2024-12-04
Fibre-based composite,REC-0041-2024-Q3-SITE-B-FB01,2024-Q3,ORG-12345,SITE-B,Scotland,Tertiary,Imported,,2024-08-28
Other,REC-0042-Q2 2024-SITE-A-OT01,2024-Q2,ORG-12345,SITE-A,England,Tertiary,Imported,,2024-02-02
Paper/card,REC-0043-2024-Q3-SITE-A-PC01,2024-Q3,ORG-12345,SITE-A,England,Shipment,Exported,,2024-02-04
Paper/card,REC-0044-Q4 2024-SITE-C-PC01,,ORG-12345,SITE-C,Wales,Primary,Exported,,2024-04-03
Aluminium,REC-0045-2024-Q1-SITE-D-AL01,2024-Q1,ORG-12345,SITE-D,Northern Ireland,Tertiary,Supplied as goods,,2024-07-03
Fibre-based composite,REC-0046-Q2 2024-SITE-C-FB01,2024-Q2,ORG-12345,SITE-C,Wales,Tertiary,Exported,,2024-03-10
Fibre-based composite,REC-0047-Q4 2024-SITE-B-FB01,,ORG-12345,SITE-B,Scotland,Tertiary,Supplied as goods,,2024-06-19
Aluminium,REC-0048-2024-Q3-SITE-C-AL01,2024-Q3,ORG-12345,SITE-C,Wales,Primary,Supplied as goods,,2024-06-05
Paper/card,REC-0049-2024-Q1-SITE-A-PC01,2024-Q1,ORG-12345,SITE-A,England,Tertiary,Exported,,2024-04-15
Steel,REC-0050-Q4 2024-SITE-C-ST01,,ORG-12345,SITE-C,Wales,Primary,Supplied as goods,,2024-10-02
Plastic,REC-0051-2024-Q1-SITE-D-PL02,2024-Q1,ORG-12345,SITE-D,Northern Ireland,Secondary,Exported,,2024-10-16
Aluminium,REC-0052-2024-Q3-SITE-E-AL01,2024-Q3,ORG-12345,SITE-E,England,Secondary,Imported,,2024-03-18
Steel,REC-0053-2024-Q3-SITE-D-ST01,2024-Q3,ORG-12345,SITE-D,Northern Ireland,Shipment,Imported,,2024-03-20
Aluminium,REC-0054-2024-Q3-SITE-E-AL01,2024-Q3,ORG-12345,SITE-E,England,Secondary,Exported,,2024-10-21
Plastic,REC-0055-Q4 2024-SITE-D-PL01,,ORG-12345,SITE-D,Northern Ireland,Secondary,Imported,,2024-12-25
Aluminium,REC-0056-2024-Q3-SITE-A-AL01,2024-Q3,ORG-12345,SITE-A,England,Shipment,Imported,,2024-12-19
Paper/card,REC-0057-Q2 2024-SITE-B-PC01,2024-Q2,ORG-12345,SITE-B,Scotland,Primary,Supplied as goods,,2024-02-07
Aluminium,REC-0058-Q4 2024-SITE-D-AL01,,ORG-12345,SITE-D,Northern Ireland,Secondary,Exported,,2024-11-04
Aluminium,REC-0059-Q2 2024-SITE-B-AL01,2024-Q2,ORG-12345,SITE-B,Scotland,Tertiary,Exported,,2025-01-01
Plastic,REC-0060-Q4 2024-SITE-B-PL01,,ORG-12345,SITE-B,Scotland,Tertiary,Supplied as goods,,2024-10-26
Aluminium,REC-0061-2024-Q3-SITE-E-AL01,2024-Q3,ORG-12345,SITE-E,England,Tertiary,Supplied as goods,,2024-11-23
Other,REC-0062-Q4 2024-SITE-D-OT01,,ORG-12345,SITE-D,Northern Ireland,Secondary,Exported,,2024-05-20
Steel,REC-0063-Q4 2024-SITE-C-ST01,,ORG-12345,SITE-C,Wales,Tertiary,Exported,,2024-06-09
Aluminium,REC-0064-Q2 2024-SITE-B-AL01,2024-Q2,ORG-12345,SITE-B,Scotland,Secondary,Imported,,2024-07-29
Glass,REC-0065-Q4 2024-SITE-C-GL01,,ORG-12345,SITE-C,Wales,Tertiary,Supplied as goods,,2024-02-15
Aluminium,REC-0066-Q4 2024-SITE-E-AL01,,ORG-12345,SITE-E,England,Tertiary,Imported,,2024-01-18
Paper/card,REC-0067-Q2 2024-SITE-E-PC01,2024-Q2,ORG-12345,SITE-E,England,Secondary,Imported,,2024-05-06
Steel,REC-0068-Q2 2024-SITE-D-ST01,2024-Q2,ORG-12345,SITE-D,Northern Ireland,Secondary,Imported,,2024-03-20
Other,REC-0069-Q4 2024-SITE-A-OT01,,ORG-12345,SITE-A,England,Primary,Imported,,2024-09-07
Glass,REC-0070-2024-Q3-SITE-D-GL01,2024-Q3,ORG-12345,SITE-D,Northern Ireland,Primary,Imported,,2024-07-27
Steel,REC-0071-2024-Q1-SITE-D-ST01,2024-Q1,ORG-12345,SITE-D,Northern Ireland,Tertiary,Imported,,2024-10-17
Plastic,REC-0072-Q2 2024-SITE-A-PL01,2024-Q2,ORG-12345,SITE-A,England,Secondary,Supplied as goods,,2024-01-25
Glass,REC-0073-Q2 2024-SITE-E-GL01,2024-Q2,ORG-12345,SITE-E,England,Primary,Supplied as goods,,2025-01-07
Steel,REC-0074-2024-Q3-SITE-B-ST01,2024-Q3,ORG-12345,SITE-B,Scotland,Tertiary,Imported,,2024-11-06
Plastic,REC-0075-Q2 2024-SITE-D-PL01,2024-Q2,ORG-12345,SITE-D,Northern Ireland,Secondary,Exported,,2024-11-13
Aluminium,REC-0076-2024-Q1-SITE-E-AL01,2024-Q1,ORG-12345,SITE-E,England,Primary,Exported,,2024-10-13
Fibre-based composite,REC-0077-Q4 2024-SITE-A-FB01,,ORG-12345,SITE-A,England,Tertiary,Imported,,2024-03-09
Fibre-based composite,REC-0078-Q4 2024-SITE-B-FB01,,ORG-12345,SITE-B,Scotland,Secondary,Exported,,2024-10-08
Steel,REC-0079-2024-Q3-SITE-D-ST01,2024-Q3,ORG-12345,SITE-D,Northern Ireland,Shipment,Exported,,2024-05-19
Plastic,REC-0080-Q4 2024-SITE-E-PL02,,ORG-12345,SITE-E,England,Secondary,Imported,,2024-01-29
Wood,REC-0081-2024-Q3-SITE-C-WD01,2024-Q3,ORG-12345,SITE-C,Wales,Tertiary,Imported,,2024-06-06
Steel,REC-0082-Q2 2024-SITE-A-ST01,2024-Q2,ORG-12345,SITE-A,England,Shipment,Supplied as goods,,2024-08-10
Wood,REC-0083-2024-Q1-SITE-D-WD01,2024-Q1,ORG-12345,SITE-D,Northern Ireland,Shipment,Supplied as goods,,2024-06-13
Aluminium,REC-0084-2024-Q3-SITE-D-AL01,2024-Q3,ORG-12345,SITE-D,Northern Ireland,Secondary,Exported,,2024-10-22
Paper/card,REC-0085-Q2 2024-SITE-C-PC01,2024-Q2,ORG-12345,SITE-C,Wales,Secondary,Exported,,2024-04-22
Paper/card,REC-0086-Q2 2024-SITE-B-PC01,2024-Q2,ORG-12345,SITE-B,Scotland,Primary,Exported,,2024-09-18
Steel,REC-0087-Q2 2024-SITE-A-ST01,2024-Q2,ORG-12345,SITE-A,England,Tertiary,Exported,,2024-05-10
Paper/card,REC-0088-2024-Q1-SITE-C-PC01,2024-Q1,ORG-12345,SITE-C,Wales,Primary,Imported,,2024-10-24
Steel,REC-0089-2024-Q1-SITE-A-ST01,2024-Q1,ORG-12345,SITE-A,England,Tertiary,Supplied as goods,,2024-06-08
Wood,REC-0090-Q4 2024-SITE-C-WD01,,ORG-12345,SITE-C,Wales,Secondary,Imported,,2024-02-17
Fibre-based composite,REC-0091-Q2 2024-SITE-B-FB01,2024-Q2,ORG-12345,SITE-B,Scotland,Secondary,Supplied as goods,,2024-06-18
Plastic,REC-0092-Q2 2024-SITE-E-PL02,2024-Q2,ORG-12345,SITE-E,England,Primary,Supplied as goods,,2024-07-27
Wood,REC-0093-2024-Q1-SITE-C-WD01,2024-Q1,ORG-12345,SITE-C,Wales,Secondary,Imported,,2024-03-05
Aluminium,REC-0094-Q2 2024-SITE-B-AL01,2024-Q2,ORG-12345,SITE-B,Scotland,Tertiary,Supplied as goods,,2024-10-23
Plastic,REC-0095-2024-Q1-SITE-C-PL02,2024-Q1,ORG-12345,SITE-C,Wales,Primary,Supplied as goods,,2024-06-10
Steel,REC-0096-Q2 2024-SITE-C-ST01,2024-Q2,ORG-12345,SITE-C,Wales,Tertiary,Imported,,2024-03-13
Other,REC-0097-2024-Q1-SITE-B-OT01,2024-Q1,ORG-12345,SITE-B,Scotland,Primary,Exported,,2024-04-08
Steel,REC-0098-2024-Q1-SITE-D-ST01,2024-Q1,ORG-12345,SITE-D,Northern Ireland,Shipment,Exported,,2025-01-01
Steel,REC-0099-2024-Q1-SITE-D-ST01,2024-Q1,ORG-12345,SITE-D,Northern Ireland,Tertiary,Imported,,2024-02-04
Fibre-based composite,REC-0100-Q2 2024-SITE-A-FB01,2024-Q2,ORG-12345,SITE-A,England,Tertiary,Imported,,2024-11-04
Plastic,REC-0101-2024Q2-SITE-B-PL01,2024-Q2,ORG-12345,SITE-B,Scotland,Tertiary,Exported,,2024-12-13
Wood,REC-0102-2024-Q1-SITE-D-WD01,2024-Q1,ORG-12345,SITE-D,Northern Ireland,Secondary,Supplied as goods,,2024-07-11
Fibre-based composite,REC-0103-Q4 2024-SITE-C-FB01,,ORG-12345,SITE-C,Wales,Primary,Imported,,2024-09-24
Steel,REC-0104-2024-Q1-SITE-D-ST01,2024-Q1,ORG-12345,SITE-D,Northern Ireland,Tertiary,Imported,,2024-05-23
Paper/card,REC-0105-Q4 2024-SITE-E-PC01,,ORG-12345,SITE-E,England,Primary,Imported,,2024-02-11
Aluminium,REC-0106-2024-Q1-SITE-D-AL01,2024-Q1,ORG-12345,SITE-D,Northern Ireland,Shipment,Imported,,2024-05-30
Other,REC-0107-2024-Q1-SITE-A-OT01,2024-Q1,ORG-12345,SITE-A,England,Primary,Imported,,2024-03-15
Aluminium,REC-0108-Q4 2024-SITE-E-AL01,,ORG-12345,SITE-E,England,Tertiary,Supplied as goods,,2024-05-09
Plastic,REC-0109-2024-Q3-SITE-D-PL02,2024-Q3,ORG-12345,SITE-D,Northern Ireland,Secondary,Supplied as goods,,2024-06-02
Fibre-based composite,REC-0110-Q2 2024-SITE-D-FB01,2024-Q2,ORG-12345,SITE-D,Northern Ireland,Tertiary,Imported,,2024-04-21
Other,REC-0111-2024-Q3-SITE-D-OT01,2024-Q3,ORG-12345,SITE-D,Northern Ireland,Tertiary,Supplied as goods,,2024-05-30
Plastic,REC-0112-Q4 2024-SITE-B-PL01,,ORG-12345,SITE-B,Scotland,Secondary,Exported,,2024-09-18
Paper/card,REC-0113-2024-Q3-SITE-D-PC01,2024-Q3,ORG-12345,SITE-D,Northern Ireland,Secondary,Exported,,2025-01-06
Aluminium,REC-0114-2024-Q3-SITE-A-AL01,2024-Q3,ORG-12345,SITE-A,England,Shipment,Imported,,2024-09-13
,REC-0115-2024-Q1-SITE-D-UNKNOWN,2024-Q1,ORG-12345,SITE-D,Northern Ireland,Secondary,Exported,,2024-09-28
Paper/card,REC-0116-Q4 2024-SITE-A-PC01,,ORG-12345,SITE-A,England,Tertiary,Supplied as goods,,2024-03-28
Fibre-based composite,REC-0117-2024-Q3-SITE-Z-FB01,2024-Q3,ORG-12345,SITE-Z,,Tertiary,Exported,,2024-11-29
Fibre-based composite,REC-0118-Q4 2024-SITE-C-FB01,,ORG-12345,SITE-C,Wales,Tertiary,Supplied as goods,,2024-02-02
Plastic,REC-0119-2024-Q1-SITE-B-PL02,2024-Q1,ORG-12345,SITE-B,Scotland,Primary,Exported,,2024-03-05
Plastic,REC-0120-2024-Q3-SITE-A-PL02,2024-Q3,ORG-12345,SITE-A,England,Secondary,Supplied as goods,,2024-06-13
Paper/card,REC-0121-Q2 2024-SITE-E-PC01,2024-Q2,ORG-12345,SITE-E,England,Secondary,Imported,,2024-04-13
Plastic,REC-0122-Q2 2024-SITE-D-PL02,2024-Q2,ORG-12345,SITE-D,Northern Ireland,Shipment,Imported,,2024-09-07
Steel,REC-0123-Q2 2024-SITE-C-ST01,2024-Q2,ORG-12345,SITE-C,Wales,Secondary,Imported,,2024-08-28
Paper/card,REC-0124-Q4 2024-SITE-C-PC01,,ORG-12345,SITE-C,Wales,Shipment,Imported,,2024-04-25
Fibre-based composite,REC-0125-2024-Q3-SITE-E-FB01,2024-Q3,ORG-12345,SITE-E,England,Tertiary,Imported,,2024-06-14
Steel,REC-0126-2024-Q1-SITE-E-ST01,2024-Q1,ORG-12345,SITE-E,England,Primary,Exported,,2024-09-25
Steel,REC-0127-Q2 2024-SITE-B-ST01,2024-Q2,ORG-12345,SITE-B,Scotland,Tertiary,Supplied as goods,,2024-05-22
Glass,REC-0128-Q4 2024-SITE-C-GL01,,ORG-12345,SITE-C,Wales,Tertiary,Supplied as goods,,2024-11-06
Paper/card,REC-0129-Q4 2024-SITE-C-PC01,,ORG-12345,SITE-C,Wales,Tertiary,Supplied as goods,,2024-04-26
Glass,REC-0130-2024-Q3-SITE-E-GL01,2024-Q3,ORG-12345,SITE-E,England,Tertiary,Exported,,2024-05-25
Wood,REC-0131-Q4 2024-SITE-A-WD01,,ORG-12345,SITE-A,England,Tertiary,Imported,,2024-03-27
Aluminium,REC-0132-2024-Q3-SITE-E-AL01,2024-Q3,ORG-12345,SITE-E,England,Tertiary,Exported,,2024-08-04
Plastic,REC-0133-Q4 2024-SITE-C-PL01,,ORG-12345,SITE-C,Wales,Secondary,Exported,,2024-07-23
Plastic,REC-0134-Q2 2024-SITE-E-PL02,2024-Q2,ORG-12345,SITE-E,England,Tertiary,Supplied as goods,,2024-02-16
Wood,REC-0135-2024-Q1-SITE-B-WD01,2024-Q1,ORG-12345,SITE-B,Scotland,Tertiary,Imported,,2024-06-18
Wood,REC-0136-Q4 2024-SITE-D-WD01,,ORG-12345,SITE-D,Northern Ireland,Primary,Supplied as goods,,2024-12-23
Other,REC-0137-2024-Q1-SITE-D-OT01,2024-Q1,ORG-12345,SITE-D,Northern Ireland,Secondary,Exported,,2024-11-25
Fibre-based composite,REC-0138-Q4 2024-SITE-D-FB01,,ORG-12345,SITE-D,Northern Ireland,Secondary,Supplied as goods,,2024-07-18
Plastic,REC-0139-Q4 2024-SITE-A-PL02,,ORG-12345,SITE-A,England,Tertiary,Imported,,2024-04-21
Plastic,REC-0140-2024-Q1-SITE-E-PL02,2024-Q1,ORG-12345,SITE-E,England,Tertiary,Imported,,2024-07-03
Aluminium,REC-0141-Q2 2024-SITE-E-AL01,2024-Q2,ORG-12345,SITE-E,England,Primary,Exported,,2024-07-01
Glass,REC-0142-2024-Q3-SITE-B-GL01,2024-Q3,ORG-12345,SITE-B,Scotland,Tertiary,Exported,,2024-03-11
Plastic,REC-0143-2024-Q3-SITE-E-PL01,2024-Q3,ORG-12345,SITE-E,England,Primary,Supplied as goods,,2024-04-13
Steel,REC-0144-Q4 2024-SITE-A-ST01,,ORG-12345,SITE-A,England,Primary,Supplied as goods,,2024-07-18
Other,REC-0145-2024-Q1-SITE-E-OT01,2024-Q1,ORG-12345,SITE-E,England,Shipment,Supplied as goods,,2024-12-17
Other,REC-0146-Q4 2024-SITE-A-OT01,,ORG-12345,SITE-A,England,Secondary,Imported,,2024-08-20
Plastic,REC-0147-2024-Q3-SITE-A-PL02,2024-Q3,ORG-12345,SITE-A,England,Secondary,Exported,,2024-03-30
Plastic,REC-0148-2024-Q3-SITE-D-PL02,2024-Q3,ORG-12345,SITE-D,Northern Ireland,Primary,Imported,,2024-09-29
Fibre-based composite,REC-0149-Q4 2024-SITE-D-FB01,,ORG-12345,SITE-D,Northern Ireland,Primary,Exported,,2024-08-13
Paper/card,REC-0150-Q4 2024-SITE-C-PC01,,ORG-12345,SITE-C,Wales,Tertiary,Imported,,2024-12-20
Steel,REC-0151-2024-Q1-SITE-A-ST01,2024-Q1,ORG-12345,SITE-A,England,Secondary,Supplied as goods,,2024-03-02
Fibre-based composite,REC-0152-2024-Q1-SITE-E-FB01,2024-Q1,ORG-12345,SITE-E,England,Primary,Exported,,2024-10-28
Other,REC-0153-2024-Q1-SITE-D-OT01,2024-Q1,ORG-12345,SITE-D,Northern Ireland,Secondary,Exported,,2024-11-17
Steel,REC-0154-Q4 2024-SITE-B-ST01,,ORG-12345,SITE-B,Scotland,Secondary,Supplied as goods,,2024-03-10
Paper/card,REC-0155-Q2 2024-SITE-E-PC01,2024-Q2,ORG-12345,SITE-E,England,Tertiary,Exported,,2024-10-28
Other,REC-0156-Q2 2024-SITE-A-OT01,2024-Q2,ORG-12345,SITE-A,England,Primary,Exported,,2025-01-08
Steel,REC-0157-Q4 2024-SITE-E-ST01,,ORG-12345,SITE-E,England,Secondary,Imported,,2024-03-27
Plastic,REC-0158-Q4 2024-SITE-D-PL01,,ORG-12345,SITE-D,Northern Ireland,Primary,Exported,,2024-04-04
Paper/card,REC-0159-Q2 2024-SITE-A-PC01,2024-Q2,ORG-12345,SITE-A,England,Secondary,Exported,,2024-11-26
Plastic,REC-0160-Q4 2024-SITE-D-PL01,,ORG-12345,SITE-D,Northern Ireland,Tertiary,Supplied as goods,,2024-06-02
Aluminium,REC-0161-2024-Q3-SITE-A-AL01,2024-Q3,ORG-12345,SITE-A,England,Tertiary,Exported,,2024-12-27
Wood,REC-0162-2024-Q1-SITE-D-WD01,2024-Q1,ORG-12345,SITE-D,Northern Ireland,Shipment,Exported,,2024-04-28
Steel,REC-0163-2024-Q1-SITE-C-ST01,2024-Q1,ORG-12345,SITE-C,Wales,Primary,Supplied as goods,,2024-09-25
Fibre-based composite,REC-0164-2024-Q3-SITE-E-FB01,2024-Q3,ORG-12345,SITE-E,England,Primary,Supplied as goods,,2024-08-05
Plastic,REC-0165-Q4 2024-SITE-C-PL01,,ORG-12345,SITE-C,Wales,Secondary,Supplied as goods,,2024-08-09
Fibre-based composite,REC-0166-Q4 2024-SITE-B-FB01,,ORG-12345,SITE-B,Scotland,Secondary,Supplied as goods,,2024-07-18
Plastic,REC-0167-2024-Q1-SITE-E-PL02,2024-Q1,ORG-12345,SITE-E,England,Secondary,Supplied as goods,,2024-06-21
Paper/card,REC-0168-2024-Q1-SITE-E-PC01,2024-Q1,ORG-12345,SITE-E,England,Primary,Imported,,2024-10-02
Aluminium,REC-0169-2024-Q1-SITE-B-AL01,2024-Q1,ORG-12345,SITE-B,Scotland,Tertiary,Imported,,2024-05-25
Aluminium,REC-0170-Q4 2024-SITE-B-AL01,,ORG-12345,SITE-B,Scotland,Primary,Exported,,2024-10-29
Wood,REC-0171-Q2 2024-SITE-C-WD01,2024-Q2,ORG-12345,SITE-C,Wales,Tertiary,Exported,,2024-02-18
Wood,REC-0172-2024-Q1-SITE-E-WD01,2024-Q1,ORG-12345,SITE-E,England,Secondary,Exported,,2024-09-30
Plastic,REC-0173-2024-Q3-SITE-C-PL02,2024-Q3,ORG-12345,SITE-C,Wales,Secondary,Imported,,2024-12-10
Plastic,REC-0174-2024-Q1-SITE-E-PL02,2024-Q1,ORG-12345,SITE-E,England,Shipment,Exported,,2024-11-02
Aluminium,REC-0175-Q4 2024-SITE-A-AL01,,ORG-12345,SITE-A,England,Secondary,Exported,,2024-07-08
Plastic,REC-0176-Q4 2024-SITE-D-PL02,,ORG-12345,SITE-D,Northern Ireland,Shipment,Exported,,2024-10-08
Glass,REC-0177-2024-Q3-SITE-D-GL01,2024-Q3,ORG-12345,SITE-D,Northern Ireland,Secondary,Imported,,2024-11-16
Plastic,REC-0178-2024-Q1-SITE-C-PL01,2024-Q1,ORG-12345,SITE-C,Wales,Tertiary,Exported,,2024-12-27
Fibre-based composite,REC-0179-2024-Q1-SITE-C-FB01,2024-Q1,ORG-12345,SITE-C,Wales,Secondary,Imported,,2024-12-19
Glass,REC-0180-2024-Q1-SITE-B-GL01,2024-Q1,ORG-12345,SITE-B,Scotland,Secondary,Imported,,2024-10-27
Fibre-based composite,REC-0181-2024-Q3-SITE-D-FB01,2024-Q3,ORG-12345,SITE-D,Northern Ireland,Tertiary,Imported,,2024-07-18
Steel,REC-0182-Q2 2024-SITE-B-ST01,2024-Q2,ORG-12345,SITE-B,Scotland,Primary,Supplied as goods,,2024-04-03
Plastic,REC-0183-Q2 2024-SITE-C-PL02,2024-Q2,ORG-12345,SITE-C,Wales,Secondary,Supplied as goods,,2024-07-25
Glass,REC-0184-2024-Q1-SITE-D-GL01,2024-Q1,ORG-12345,SITE-D,Northern Ireland,Primary,Supplied as goods,,2024-07-19
Aluminium,REC-0185-Q2 2024-SITE-B-AL01,2024-Q2,ORG-12345,SITE-B,Scotland,Secondary,Exported,,2024-09-11
Aluminium,REC-0186-2024-Q3-SITE-D-AL01,2024-Q3,ORG-12345,SITE-D,Northern Ireland,Secondary,Exported,,2024-09-28
Other,REC-0187-2024-Q1-SITE-C-OT01,2024-Q1,ORG-12345,SITE-C,Wales,Secondary,Supplied as goods,,2024-09-17
Paper/card,REC-0188-2024-Q1-SITE-C-PC01,2024-Q1,ORG-12345,SITE-C,Wales,Shipment,Supplied as goods,,2024-06-02
Wood,REC-0189-Q4 2024-SITE-B-WD01,,ORG-12345,SITE-B,Scotland,Shipment,Supplied as goods,,2024-01-28
Fibre-based composite,REC-0190-2024-Q1-SITE-D-FB01,2024-Q1,ORG-12345,SITE-D,Northern Ireland,Primary,Imported,,2024-05-08
Plastic,REC-0191-Q2 2024-SITE-B-PL01,2024-Q2,ORG-12345,SITE-B,Scotland,Secondary,Supplied as goods,,2024-06-09
Wood,REC-0192-2024-Q1-SITE-D-WD01,2024-Q1,ORG-12345,SITE-D,Northern Ireland,Tertiary,Supplied as goods,,2024-01-24
Steel,REC-0193-2024-Q3-SITE-A-ST01,2024-Q3,ORG-12345,SITE-A,England,Primary,Supplied as goods,,2024-06-17
Plastic,REC-0194-2024-Q1-SITE-A-PL02,2024-Q1,ORG-12345,SITE-A,England,Primary,Supplied as goods,,2024-11-15
Other,REC-0195-2024-Q3-SITE-B-OT01,2024-Q3,ORG-12345,SITE-B,Scotland,Primary,Exported,,2024-01-15
Paper/card,REC-0196-2024-Q3-SITE-E-PC01,2024-Q3,ORG-12345,SITE-E,England,Primary,Exported,,2024-10-10
Other,REC-0197-2024-Q1-SITE-D-OT01,2024-Q1,ORG-12345,SITE-D,Northern Ireland,Shipment,Exported,,2024-07-31
Paper/card,REC-0198-Q2 2024-SITE-C-PC01,2024-Q2,ORG-12345,SITE-C,Wales,Secondary,Exported,,2024-12-16
Plastic,REC-0199-2024-Q1-SITE-B-PL02,2024-Q1,ORG-12345,SITE-B,Scotland,Tertiary,Exported,,2024-10-20
Paper/card,REC-0200-Q2 2024-SITE-D-PC01,2024-Q2,ORG-12345,SITE-D,Northern Ireland,Tertiary,Exported,,2024-02-16
Wood,REC-0201-2024Q2-SITE-A-WD01,2024-Q2,ORG-12345,SITE-A,England,Primary,Imported,,2024-10-04
Fibre-based composite,REC-0202-2024-Q3-SITE-B-FB01,2024-Q3,ORG-12345,SITE-B,Scotland,Tertiary,Exported,,2024-02-08
Paper/card,REC-0203-Q4 2024-SITE-D-PC01,,ORG-12345,SITE-D,Northern Ireland,Primary,Supplied as goods,,2024-07-06
Glass,REC-0204-Q4 2024-SITE-A-GL01,,ORG-12345,SITE-A,England,Secondary,Exported,,2024-08-22
Glass,REC-0205-2024-Q3-SITE-C-GL01,2024-Q3,ORG-12345,SITE-C,Wales,Shipment,Imported,,2024-08-30
Fibre-based composite,REC-0206-2024-Q3-SITE-A-FB01,2024-Q3,ORG-12345,SITE-A,England,Primary,Exported,,2024-08-24
Steel,REC-0207-Q2 2024-SITE-C-ST01,2024-Q2,ORG-12345,SITE-C,Wales,Tertiary,Supplied as goods,,2024-03-15
Wood,REC-0208-Q4 2024-SITE-C-WD01,,ORG-12345,SITE-C,Wales,Primary,Supplied as goods,,2024-01-31
Glass,REC-0209-2024-Q1-SITE-D-GL01,2024-Q1,ORG-12345,SITE-D,Northern Ireland,Tertiary,Imported,,2024-03-25
Other,REC-0210-2024-Q1-SITE-B-OT01,2024-Q1,ORG-12345,SITE-B,Scotland,Secondary,Imported,,2024-04-19
Wood,REC-0211-2024-Q3-SITE-C-WD01,2024-Q3,ORG-12345,SITE-C,Wales,Shipment,Imported,,2024-08-30
Aluminium,REC-0212-2024-Q1-SITE-B-AL01,2024-Q1,ORG-12345,SITE-B,Scotland,Shipment,Imported,,2024-02-21
Wood,REC-0213-2024-Q3-SITE-C-WD01,2024-Q3,ORG-12345,SITE-C,Wales,Primary,Exported,,2024-02-17
Other,REC-0214-2024-Q3-SITE-B-OT01,2024-Q3,ORG-12345,SITE-B,Scotland,Shipment,Imported,,2024-05-08
,REC-0215-2024-Q3-SITE-A-UNKNOWN,2024-Q3,ORG-12345,SITE-A,England,Primary,Supplied as goods,,2024-11-03
Paper/card,REC-0216-2024-Q3-SITE-A-PC01,2024-Q3,ORG-12345,SITE-A,England,Secondary,Exported,,2024-09-16
Other,REC-0217-2024-Q3-SITE-Z-OT01,2024-Q3,ORG-12345,SITE-Z,,Secondary,Imported,,2024-02-21
Wood,REC-0218-Q2 2024-SITE-E-WD01,2024-Q2,ORG-12345,SITE-E,England,Secondary,Exported,,2024-08-23
Other,REC-0219-Q2 2024-SITE-C-OT01,2024-Q2,ORG-12345,SITE-C,Wales,Tertiary,Supplied as goods,,2024-06-28
Aluminium,REC-0220-Q2 2024-SITE-C-AL01,2024-Q2,ORG-12345,SITE-C,Wales,Secondary,Exported,,2024-10-23
Steel,REC-0221-Q2 2024-SITE-E-ST01,2024-Q2,ORG-12345,SITE-E,England,Primary,Exported,,2024-11-07
Glass,REC-0222-2024-Q1-SITE-E-GL01,2024-Q1,ORG-12345,SITE-E,England,Primary,Exported,,2024-02-25
Plastic,REC-0223-Q4 2024-SITE-E-PL01,,ORG-12345,SITE-E,England,Tertiary,Exported,,2024-12-07
Plastic,REC-0224-Q2 2024-SITE-D-PL01,2024-Q2,ORG-12345,SITE-D,Northern Ireland,Secondary,Exported,,2024-08-09
Steel,REC-0225-Q4 2024-SITE-D-ST01,,ORG-12345,SITE-D,Northern Ireland,Secondary,Supplied as goods,,2024-09-08
Aluminium,REC-0226-Q4 2024-SITE-C-AL01,,ORG-12345,SITE-C,Wales,Secondary,Exported,,2024-07-22
Other,REC-0227-2024-Q3-SITE-A-OT01,2024-Q3,ORG-12345,SITE-A,England,Shipment,Supplied as goods,,2024-05-20
Glass,REC-0228-Q4 2024-SITE-E-GL01,,ORG-12345,SITE-E,England,Primary,Supplied as goods,,2024-04-05
Paper/card,REC-0229-Q4 2024-SITE-D-PC01,,ORG-12345,SITE-D,Northern Ireland,Shipment,Exported,,2024-06-20
Wood,REC-0230-Q2 2024-SITE-B-WD01,2024-Q2,ORG-12345,SITE-B,Scotland,Primary,Supplied as goods,,2024-07-13
Plastic,REC-0231-2024-Q1-SITE-C-PL01,2024-Q1,ORG-12345,SITE-C,Wales,Primary,Imported,,2024-08-22
Glass,REC-0232-2024-Q1-SITE-C-GL01,2024-Q1,ORG-12345,SITE-C,Wales,Secondary,Exported,,2024-02-10
Other,REC-0233-Q4 2024-SITE-D-OT01,,ORG-12345,SITE-D,Northern Ireland,Primary,Imported,,2024-06-06
Plastic,REC-0234-2024-Q3-SITE-E-PL02,2024-Q3,ORG-12345,SITE-E,England,Primary,Supplied as goods,,2024-04-25
Other,REC-0235-2024-Q3-SITE-B-OT01,2024-Q3,ORG-12345,SITE-B,Scotland,Secondary,Exported,,2024-10-06
Wood,REC-0236-2024-Q3-SITE-C-WD01,2024-Q3,ORG-12345,SITE-C,Wales,Primary,Exported,,2024-08-03
Steel,REC-0237-2024-Q3-SITE-E-ST01,2024-Q3,ORG-12345,SITE-E,England,Shipment,Imported,,2024-01-23
Paper/card,REC-0238-2024-Q3-SITE-E-PC01,2024-Q3,ORG-12345,SITE-E,England,Secondary,Exported,,2025-01-01
Plastic,REC-0239-Q4 2024-SITE-A-PL01,,ORG-12345,SITE-A,England,Shipment,Imported,,2024-10-09
Fibre-based composite,REC-0240-2024-Q1-SITE-B-FB01,2024-Q1,ORG-12345,SITE-B,Scotland,Primary,Exported,,2024-06-23
Fibre-based composite,REC-0241-Q4 2024-SITE-E-FB01,,ORG-12345,SITE-E,England,Primary,Imported,,2024-02-15
Glass,REC-0242-Q4 2024-SITE-E-GL01,,ORG-12345,SITE-E,England,Shipment,Supplied as goods,,2024-04-12
Wood,REC-0243-Q4 2024-SITE-E-WD01,,ORG-12345,SITE-E,England,Shipment,Imported,,2024-05-20
Steel,REC-0244-Q2 2024-SITE-C-ST01,2024-Q2,ORG-12345,SITE-C,Wales,Shipment,Imported,,2025-01-09
Wood,REC-0245-2024-Q1-SITE-C-WD01,2024-Q1,ORG-12345,SITE-C,Wales,Secondary,Imported,,2024-12-26
Other,REC-0246-2024-Q1-SITE-C-OT01,2024-Q1,ORG-12345,SITE-C,Wales,Secondary,Imported,,2024-02-24
Paper/card,REC-0247-Q2 2024-SITE-B-PC01,2024-Q2,ORG-12345,SITE-B,Scotland,Secondary,Exported,,2024-06-01
Other,REC-0248-2024-Q1-SITE-B-OT01,2024-Q1,ORG-12345,SITE-B,Scotland,Tertiary,Imported,,2024-10-12
Aluminium,REC-0249-Q4 2024-SITE-C-AL01,,ORG-12345,SITE-C,Wales,Tertiary,Supplied as goods,,2024-12-28
Glass,REC-0250-Q4 2024-SITE-D-GL01,,ORG-12345,SITE-D,Northern Ireland,Primary,Exported,,2024-12-13
Aluminium,REC-0251-Q2 2024-SITE-A-AL01,2024-Q2,ORG-12345,SITE-A,England,Tertiary,Imported,,2024-02-03
Glass,REC-0252-Q4 2024-SITE-D-GL01,,ORG-12345,SITE-D,Northern Ireland,Secondary,Supplied as goods,,2024-06-11
Plastic,REC-0253-2024-Q3-SITE-C-PL01,2024-Q3,ORG-12345,SITE-C,Wales,Primary,Imported,,2024-12-08
Other,REC-0254-Q4 2024-SITE-E-OT01,,ORG-12345,SITE-E,England,Shipment,Imported,,2024-04-22
Plastic,REC-0255-2024-Q1-SITE-B-PL02,2024-Q1,ORG-12345,SITE-B,Scotland,Secondary,Supplied as goods,,2024-07-05
Steel,REC-0256-Q4 2024-SITE-E-ST01,,ORG-12345,SITE-E,England,Shipment,Exported,,2024-10-04
Paper/card,REC-0257-Q4 2024-SITE-B-PC01,,ORG-12345,SITE-B,Scotland,Primary,Imported,,2024-05-21
Plastic,REC-0258-2024-Q3-SITE-C-PL01,2024-Q3,ORG-12345,SITE-C,Wales,Secondary,Imported,,2024-11-03
Plastic,REC-0259-2024-Q1-SITE-A-PL01,2024-Q1,ORG-12345,SITE-A,England,Secondary,Exported,,2024-06-20
Glass,REC-0260-2024-Q3-SITE-A-GL01,2024-Q3,ORG-12345,SITE-A,England,Secondary,Exported,,2024-11-24
Aluminium,REC-0261-2024-Q3-SITE-E-AL01,2024-Q3,ORG-12345,SITE-E,England,Primary,Supplied as goods,,2025-01-08
Other,REC-0262-2024-Q1-SITE-B-OT01,2024-Q1,ORG-12345,SITE-B,Scotland,Secondary,Exported,,2024-08-30
Other,REC-0263-Q2 2024-SITE-A-OT01,2024-Q2,ORG-12345,SITE-A,England,Tertiary,Imported,,2024-10-15
Glass,REC-0264-Q2 2024-SITE-A-GL01,2024-Q2,ORG-12345,SITE-A,England,Primary,Imported,,2024-11-08
Wood,REC-0265-Q2 2024-SITE-D-WD01,2024-Q2,ORG-12345,SITE-D,Northern Ireland,Primary,Exported,,2024-08-14
Wood,REC-0266-Q4 2024-SITE-A-WD01,,ORG-12345,SITE-A,England,Shipment,Supplied as goods,,2024-01-16
Aluminium,REC-0267-2024-Q1-SITE-A-AL01,2024-Q1,ORG-12345,SITE-A,England,Shipment,Supplied as goods,,2024-09-12
Plastic,REC-0268-2024-Q3-SITE-D-PL01,2024-Q3,ORG-12345,SITE-D,Northern Ireland,Secondary,Imported,,2024-08-31
Fibre-based composite,REC-0269-2024-Q1-SITE-C-FB01,2024-Q1,ORG-12345,SITE-C,Wales,Secondary,Supplied as goods,,2024-10-16
Fibre-based composite,REC-0270-2024-Q1-SITE-A-FB01,2024-Q1,ORG-12345,SITE-A,England,Shipment,Supplied as goods,,2024-09-08
Other,REC-0271-Q4 2024-SITE-B-OT01,,ORG-12345,SITE-B,Scotland,Secondary,Exported,,2024-04-03
Steel,REC-0272-2024-Q1-SITE-D-ST01,2024-Q1,ORG-12345,SITE-D,Northern Ireland,Primary,Exported,,2024-04-29
Plastic,REC-0273-2024-Q1-SITE-B-PL02,2024-Q1,ORG-12345,SITE-B,Scotland,Primary,Exported,,2024-08-26
Aluminium,REC-0274-2024-Q3-SITE-B-AL01,2024-Q3,ORG-12345,SITE-B,Scotland,Shipment,Supplied as goods,,2024-11-04
Paper/card,REC-0275-2024-Q3-SITE-B-PC01,2024-Q3,ORG-12345,SITE-B,Scotland,Shipment,Exported,,2024-12-18
Other,REC-0276-Q2 2024-SITE-E-OT01,2024-Q2,ORG-12345,SITE-E,England,Primary,Imported,,2024-12-27
Fibre-based composite,REC-0277-2024-Q3-SITE-D-FB01,2024-Q3,ORG-12345,SITE-D,Northern Ireland,Shipment,Imported,,2024-08-15
Fibre-based composite,REC-0278-Q2 2024-SITE-B-FB01,2024-Q2,ORG-12345,SITE-B,Scotland,Primary,Imported,,2024-03-28
Wood,REC-0279-Q2 2024-SITE-E-WD01,2024-Q2,ORG-12345,SITE-E,England,Primary,Exported,,2024-05-18
Steel,REC-0280-2024-Q1-SITE-C-ST01,2024-Q1,ORG-12345,SITE-C,Wales,Primary,Imported,,2024-04-21
Plastic,REC-0281-Q2 2024-SITE-A-PL01,2024-Q2,ORG-12345,SITE-A,England,Secondary,Imported,,2024-12-23
Other,REC-0282-2024-Q1-SITE-C-OT01,2024-Q1,ORG-12345,SITE-C,Wales,Primary,Imported,,2024-04-21
Plastic,REC-0283-Q2 2024-SITE-D-PL02,2024-Q2,ORG-12345,SITE-D,Northern Ireland,Tertiary,Imported,,2024-06-27
Steel,REC-0284-2024-Q3-SITE-C-ST01,2024-Q3,ORG-12345,SITE-C,Wales,Secondary,Imported,,2024-10-03
Wood,REC-0285-Q2 2024-SITE-C-WD01,2024-Q2,ORG-12345,SITE-C,Wales,Secondary,Supplied as goods,,2024-06-23
Fibre-based composite,REC-0286-2024-Q3-SITE-A-FB01,2024-Q3,ORG-12345,SITE-A,England,Primary,Exported,,2024-11-09
Fibre-based composite,REC-0287-Q2 2024-SITE-D-FB01,2024-Q2,ORG-12345,SITE-D,Northern Ireland,Secondary,Supplied as goods,,2024-10-22
Paper/card,REC-0288-Q2 2024-SITE-D-PC01,2024-Q2,ORG-12345,SITE-D,Northern Ireland,Secondary,Imported,,2024-07-13
Glass,REC-0289-2024-Q1-SITE-E-GL01,2024-Q1,ORG-12345,SITE-E,England,Primary,Exported,,2024-02-01
Plastic,REC-0290-Q2 2024-SITE-D-PL02,2024-Q2,ORG-12345,SITE-D,Northern Ireland,Tertiary,Exported,,2024-05-12
Plastic,REC-0291-2024-Q1-SITE-C-PL02,2024-Q1,ORG-12345,SITE-C,Wales,Tertiary,Supplied as goods,,2024-12-06
Wood,REC-0292-2024-Q1-SITE-A-WD01,2024-Q1,ORG-12345,SITE-A,England,Tertiary,Imported,,2024-06-03
Other,REC-0293-2024-Q1-SITE-B-OT01,2024-Q1,ORG-12345,SITE-B,Scotland,Secondary,Supplied as goods,,2024-10-09
Glass,REC-0294-2024-Q3-SITE-C-GL01,2024-Q3,ORG-12345,SITE-C,Wales,Primary,Supplied as goods,,2024-02-24
Paper/card,REC-0295-2024-Q1-SITE-C-PC01,2024-Q1,ORG-12345,SITE-C,Wales,Secondary,Imported,,2024-12-12
Plastic,REC-0296-2024-Q1-SITE-A-PL01,2024-Q1,ORG-12345,SITE-A,England,Primary,Imported,,2024-04-11
Plastic,REC-0297-2024-Q1-SITE-E-PL02,2024-Q1,ORG-12345,SITE-E,England,Secondary,Imported,,2024-02-05
Aluminium,REC-0298-2024-Q1-SITE-C-AL01,2024-Q1,ORG-12345,SITE-C,Wales,Primary,Exported,,2024-12-30
Steel,REC-0299-2024-Q1-SITE-C-ST01,2024-Q1,ORG-12345,SITE-C,Wales,Shipment,Exported,,2024-11-10
Glass,REC-0300-Q2 2024-SITE-C-GL01,2024-Q2,ORG-12345,SITE-C,Wales,Tertiary,Exported,,2024-05-17
Fibre-based composite,REC-0301-2024Q2-SITE-A-FB01,2024-Q2,ORG-12345,SITE-A,England,Tertiary,Exported,,2024-03-05
Fibre-based composite,REC-0302-2024-Q1-SITE-C-FB01,2024-Q1,ORG-12345,SITE-C,Wales,Primary,Supplied as goods,,2024-06-02
Wood,REC-0303-Q2 2024-SITE-D-WD01,2024-Q2,ORG-12345,SITE-D,Northern Ireland,Primary,Supplied as goods,,2024-11-09
Fibre-based composite,REC-0304-2024-Q1-SITE-A-FB01,2024-Q1,ORG-12345,SITE-A,England,Primary,Exported,,2024-04-02
Fibre-based composite,REC-0305-2024-Q3-SITE-C-FB01,2024-Q3,ORG-12345,SITE-C,Wales,Tertiary,Exported,,2024-03-01
Plastic,REC-0306-Q2 2024-SITE-A-PL01,2024-Q2,ORG-12345,SITE-A,England,Secondary,Imported,,2024-04-19
Fibre-based composite,REC-0307-2024-Q1-SITE-A-FB01,2024-Q1,ORG-12345,SITE-A,England,Secondary,Exported,,2024-03-15
Other,REC-0308-2024-Q1-SITE-D-OT01,2024-Q1,ORG-12345,SITE-D,Northern Ireland,Primary,Exported,,2024-08-13
Fibre-based composite,REC-0309-Q2 2024-SITE-E-FB01,2024-Q2,ORG-12345,SITE-E,England,Tertiary,Supplied as goods,,2024-07-27
Glass,REC-0310-2024-Q1-SITE-B-GL01,2024-Q1,ORG-12345,SITE-B,Scotland,Primary,Imported,,2024-08-24
Steel,REC-0311-2024-Q3-SITE-C-ST01,2024-Q3,ORG-12345,SITE-C,Wales,Secondary,Imported,,2024-11-30
Wood,REC-0312-2024-Q3-SITE-B-WD01,2024-Q3,ORG-12345,SITE-B,Scotland,Shipment,Exported,,2024-08-04
Paper/card,REC-0313-2024-Q3-SITE-D-PC01,2024-Q3,ORG-12345,SITE-D,Northern Ireland,Tertiary,Exported,,2024-12-13
Glass,REC-0314-2024-Q3-SITE-D-GL01,2024-Q3,ORG-12345,SITE-D,Northern Ireland,Secondary,Imported,,2024-08-05
,REC-0315-Q2 2024-SITE-E-UNKNOWN,2024-Q2,ORG-12345,SITE-E,England,Secondary,Exported,,2024-07-25
Steel,REC-0316-Q2 2024-SITE-E-ST01,2024-Q2,ORG-12345,SITE-E,England,Tertiary,Imported,,2024-10-22
Plastic,REC-0317-2024-Q3-SITE-Z-PL01,2024-Q3,ORG-12345,SITE-Z,,Tertiary,Imported,,2024-02-19
Fibre-based composite,REC-0318-2024-Q3-SITE-B-FB01,2024-Q3,ORG-12345,SITE-B,Scotland,Tertiary,Imported,,2024-04-02
Fibre-based composite,REC-0319-Q4 2024-SITE-E-FB01,,ORG-12345,SITE-E,England,Tertiary,Imported,,2024-09-30
Fibre-based composite,REC-0320-2024-Q1-SITE-E-FB01,2024-Q1,ORG-12345,SITE-E,England,Shipment,Supplied as goods,,2024-05-21
Paper/card,REC-0321-Q4 2024-SITE-C-PC01,,ORG-12345,SITE-C,Wales,Primary,Exported,,2024-01-20
Plastic,REC-0322-2024-Q3-SITE-D-PL02,2024-Q3,ORG-12345,SITE-D,Northern Ireland,Secondary,Supplied as goods,,2024-09-08
Other,REC-0323-2024-Q3-SITE-A-OT01,2024-Q3,ORG-12345,SITE-A,England,Primary,Imported,,2024-02-27
Plastic,REC-0324-Q4 2024-SITE-C-PL02,,ORG-12345,SITE-C,Wales,Tertiary,Exported,,2024-10-07
Wood,REC-0325-2024-Q1-SITE-C-WD01,2024-Q1,ORG-12345,SITE-C,Wales,Secondary,Imported,,2024-02-06
Plastic,REC-0326-Q2 2024-SITE-B-PL02,2024-Q2,ORG-12345,SITE-B,Scotland,Primary,Imported,,2024-04-05
Paper/card,REC-0327-Q2 2024-SITE-D-PC01,2024-Q2,ORG-12345,SITE-D,Northern Ireland,Shipment,Imported,,2024-12-07
Fibre-based composite,REC-0328-Q4 2024-SITE-D-FB01,,ORG-12345,SITE-D,Northern Ireland,Secondary,Supplied as goods,,2024-01-17
Aluminium,REC-0329-2024-Q1-SITE-E-AL01,2024-Q1,ORG-12345,SITE-E,England,Primary,Imported,,2024-04-19
Paper/card,REC-0330-2024-Q3-SITE-D-PC01,2024-Q3,ORG-12345,SITE-D,Northern Ireland,Secondary,Supplied as goods,,2024-07-31
Fibre-based composite,REC-0331-Q2 2024-SITE-E-FB01,2024-Q2,ORG-12345,SITE-E,England,Shipment,Supplied as goods,,2024-06-15
Plastic,REC-0332-2024-Q1-SITE-C-PL02,2024-Q1,ORG-12345,SITE-C,Wales,Tertiary,Supplied as goods,,2024-07-24
Glass,REC-0333-Q4 2024-SITE-E-GL01,,ORG-12345,SITE-E,England,Shipment,Imported,,2024-04-19
Wood,REC-0334-Q2 2024-SITE-E-WD01,2024-Q2,ORG-12345,SITE-E,England,Tertiary,Exported,,2024-06-10
Glass,REC-0335-2024-Q1-SITE-C-GL01,2024-Q1,ORG-12345,SITE-C,Wales,Primary,Imported,,2024-03-24
Aluminium,REC-0336-Q4 2024-SITE-D-AL01,,ORG-12345,SITE-D,Northern Ireland,Tertiary,Imported,,2024-08-29
Wood,REC-0337-2024-Q1-SITE-C-WD01,2024-Q1,ORG-12345,SITE-C,Wales,Primary,Supplied as goods,,2024-05-09
Other,REC-0338-2024-Q1-SITE-E-OT01,2024-Q1,ORG-12345,SITE-E,England,Secondary,Supplied as goods,,2024-03-13
Steel,REC-0339-2024-Q1-SITE-E-ST01,2024-Q1,ORG-12345,SITE-E,England,Tertiary,Exported,,2024-08-27
Other,REC-0340-2024-Q1-SITE-C-OT01,2024-Q1,ORG-12345,SITE-C,Wales,Primary,Imported,,2024-05-28
Paper/card,REC-0341-Q2 2024-SITE-B-PC01,2024-Q2,ORG-12345,SITE-B,Scotland,Tertiary,Supplied as goods,,2024-11-11
Paper/card,REC-0342-Q2 2024-SITE-B-PC01,2024-Q2,ORG-12345,SITE-B,Scotland,Tertiary,Exported,,2024-04-29
Plastic,REC-0343-2024-Q3-SITE-C-PL01,2024-Q3,ORG-12345,SITE-C,Wales,Shipment,Imported,,2024-11-03
Steel,REC-0344-Q4 2024-SITE-B-ST01,,ORG-12345,SITE-B,Scotland,Tertiary,Exported,,2024-06-04
Glass,REC-0345-Q4 2024-SITE-B-GL01,,ORG-12345,SITE-B,Scotland,Tertiary,Supplied as goods,,2024-03-27
Steel,REC-0346-Q4 2024-SITE-A-ST01,,ORG-12345,SITE-A,England,Tertiary,Imported,,2024-06-05
Paper/card,REC-0347-Q4 2024-SITE-A-PC01,,ORG-12345,SITE-A,England,Secondary,Imported,,2024-12-20
Paper/card,REC-0348-Q4 2024-SITE-B-PC01,,ORG-12345,SITE-B,Scotland,Tertiary,Supplied as goods,,2024-09-24
Steel,REC-0349-Q4 2024-SITE-E-ST01,,ORG-12345,SITE-E,England,Secondary,Imported,,2024-12-29
Plastic,REC-0350-2024-Q1-SITE-A-PL01,2024-Q1,ORG-12345,SITE-A,England,Primary,Supplied as goods,,2024-08-27
Wood,REC-0351-Q2 2024-SITE-C-WD01,2024-Q2,ORG-12345,SITE-C,Wales,Primary,Imported,,2024-03-02
Paper/card,REC-0352-Q4 2024-SITE-A-PC01,,ORG-12345,SITE-A,England,Secondary,Supplied as goods,,2024-06-19
Aluminium,REC-0353-Q2 2024-SITE-A-AL01,2024-Q2,ORG-12345,SITE-A,England,Secondary,Exported,,2024-02-23
Glass,REC-0354-2024-Q1-SITE-A-GL01,2024-Q1,ORG-12345,SITE-A,England,Shipment,Supplied as goods,,2024-07-08
Plastic,REC-0355-Q2 2024-SITE-A-PL02,2024-Q2,ORG-12345,SITE-A,England,Tertiary,Imported,,2024-02-29
Plastic,REC-0356-Q4 2024-SITE-B-PL02,,ORG-12345,SITE-B,Scotland,Primary,Imported,,2024-12-08
Glass,REC-0357-2024-Q3-SITE-D-GL01,2024-Q3,ORG-12345,SITE-D,Northern Ireland,Primary,Exported,,2024-05-03
Glass,REC-0358-2024-Q1-SITE-A-GL01,2024-Q1,ORG-12345,SITE-A,England,Secondary,Exported,,2024-03-18
Fibre-based composite,REC-0359-2024-Q3-SITE-B-FB01,2024-Q3,ORG-12345,SITE-B,Scotland,Secondary,Imported,,2024-02-27
Aluminium,REC-0360-2024-Q3-SITE-A-AL01,2024-Q3,ORG-12345,SITE-A,England,Shipment,Exported,,2024-10-06
Other,REC-0361-Q4 2024-SITE-B-OT01,,ORG-12345,SITE-B,Scotland,Primary,Exported,,2024-03-12
Aluminium,REC-0362-2024-Q3-SITE-C-AL01,2024-Q3,ORG-12345,SITE-C,Wales,Secondary,Exported,,2024-07-31
Fibre-based composite,REC-0363-2024-Q1-SITE-A-FB01,2024-Q1,ORG-12345,SITE-A,England,Secondary,Exported,,2024-02-18
Plastic,REC-0364-2024-Q3-SITE-D-PL01,2024-Q3,ORG-12345,SITE-D,Northern Ireland,Secondary,Supplied as goods,,2024-09-27
Fibre-based composite,REC-0365-2024-Q1-SITE-C-FB01,2024-Q1,ORG-12345,SITE-C,Wales,Secondary,Exported,,2024-02-24
Other,REC-0366-2024-Q1-SITE-E-OT01,2024-Q1,ORG-12345,SITE-E,England,Primary,Supplied as goods,,2025-01-06
Fibre-based composite,REC-0367-2024-Q1-SITE-D-FB01,2024-Q1,ORG-12345,SITE-D,Northern Ireland,Tertiary,Supplied as goods,,2024-11-23
Plastic,REC-0368-2024-Q1-SITE-A-PL01,2024-Q1,ORG-12345,SITE-A,England,Secondary,Exported,,2024-03-25
Plastic,REC-0369-2024-Q3-SITE-B-PL01,2024-Q3,ORG-12345,SITE-B,Scotland,Primary,Imported,,2024-05-31
Plastic,REC-0370-2024-Q1-SITE-C-PL02,2024-Q1,ORG-12345,SITE-C,Wales,Tertiary,Supplied as goods,,2024-11-05
Plastic,REC-0371-Q2 2024-SITE-D-PL02,2024-Q2,ORG-12345,SITE-D,Northern Ireland,Secondary,Imported,,2024-04-04
Steel,REC-0372-2024-Q1-SITE-B-ST01,2024-Q1,ORG-12345,SITE-B,Scotland,Tertiary,Supplied as goods,,2024-01-21
Aluminium,REC-0373-2024-Q1-SITE-B-AL01,2024-Q1,ORG-12345,SITE-B,Scotland,Primary,Imported,,2024-12-15
Fibre-based composite,REC-0374-2024-Q1-SITE-C-FB01,2024-Q1,ORG-12345,SITE-C,Wales,Primary,Imported,,2024-07-23
Plastic,REC-0375-2024-Q1-SITE-B-PL02,2024-Q1,ORG-12345,SITE-B,Scotland,Shipment,Exported,,2024-02-19
Wood,REC-0376-2024-Q1-SITE-C-WD01,2024-Q1,ORG-12345,SITE-C,Wales,Tertiary,Imported,,2024-09-04
Plastic,REC-0377-Q2 2024-SITE-E-PL01,2024-Q2,ORG-12345,SITE-E,England,Secondary,Supplied as goods,,2024-07-21
Wood,REC-0378-2024-Q1-SITE-B-WD01,2024-Q1,ORG-12345,SITE-B,Scotland,Tertiary,Supplied as goods,,2024-01-27
Aluminium,REC-0379-2024-Q1-SITE-C-AL01,2024-Q1,ORG-12345,SITE-C,Wales,Shipment,Imported,,2024-07-25
Steel,REC-0380-Q4 2024-SITE-D-ST01,,ORG-12345,SITE-D,Northern Ireland,Primary,Supplied as goods,,2024-03-27
Steel,REC-0381-Q4 2024-SITE-C-ST01,,ORG-12345,SITE-C,Wales,Primary,Supplied as goods,,2024-02-27
Plastic,REC-0382-2024-Q1-SITE-A-PL02,2024-Q1,ORG-12345,SITE-A,England,Shipment,Supplied as goods,,2024-12-19
Glass,REC-0383-2024-Q3-SITE-D-GL01,2024-Q3,ORG-12345,SITE-D,Northern Ireland,Primary,Imported,,2024-09-02
Steel,REC-0384-2024-Q1-SITE-E-ST01,2024-Q1,ORG-12345,SITE-E,England,Primary,Supplied as goods,,2024-03-09
Glass,REC-0385-2024-Q3-SITE-E-GL01,2024-Q3,ORG-12345,SITE-E,England,Secondary,Imported,,2024-09-02
Steel,REC-0386-2024-Q3-SITE-B-ST01,2024-Q3,ORG-12345,SITE-B,Scotland,Secondary,Imported,,2025-01-05
Plastic,REC-0387-Q4 2024-SITE-C-PL01,,ORG-12345,SITE-C,Wales,Primary,Imported,,2024-02-09
Steel,REC-0388-Q2 2024-SITE-D-ST01,2024-Q2,ORG-12345,SITE-D,Northern Ireland,Secondary,Supplied as goods,,2024-09-07
Plastic,REC-0389-Q2 2024-SITE-B-PL02,2024-Q2,ORG-12345,SITE-B,Scotland,Tertiary,Supplied as goods,,2024-08-07
Paper/card,REC-0390-2024-Q3-SITE-E-PC01,2024-Q3,ORG-12345,SITE-E,England,Tertiary,Exported,,2024-01-26
Plastic,REC-0391-2024-Q3-SITE-A-PL02,2024-Q3,ORG-12345,SITE-A,England,Primary,Exported,,2024-02-05
Wood,REC-0392-Q4 2024-SITE-D-WD01,,ORG-12345,SITE-D,Northern Ireland,Primary,Supplied as goods,,2024-07-28
Fibre-based composite,REC-0393-2024-Q3-SITE-C-FB01,2024-Q3,ORG-12345,SITE-C,Wales,Primary,Imported,,2024-03-31
Plastic,REC-0394-Q4 2024-SITE-D-PL01,,ORG-12345,SITE-D,Northern Ireland,Shipment,Exported,,2024-09-16
Plastic,REC-0395-Q2 2024-SITE-B-PL01,2024-Q2,ORG-12345,SITE-B,Scotland,Primary,Imported,,2024-10-19
Plastic,REC-0396-2024-Q3-SITE-C-PL01,2024-Q3,ORG-12345,SITE-C,Wales,Secondary,Exported,,2024-06-01
Glass,REC-0397-2024-Q1-SITE-C-GL01,2024-Q1,ORG-12345,SITE-C,Wales,Primary,Imported,,2024-10-12
Paper/card,REC-0398-Q2 2024-SITE-A-PC01,2024-Q2,ORG-12345,SITE-A,England,Tertiary,Exported,,2024-05-17
Steel,REC-0399-Q4 2024-SITE-E-ST01,,ORG-12345,SITE-E,England,Shipment,Exported,,2024-04-12
Glass,REC-0400-2024-Q1-SITE-E-GL01,2024-Q1,ORG-12345,SITE-E,England,Primary,Exported,,2025-01-07
Paper/card,REC-0401-2024Q2-SITE-D-PC01,2024-Q2,ORG-12345,SITE-D,Northern Ireland,Shipment,Exported,,2024-09-22
Plastic,REC-0402-Q4 2024-SITE-A-PL01,,ORG-12345,SITE-A,England,Primary,Supplied as goods,,2024-07-02
Aluminium,REC-0403-2024-Q1-SITE-C-AL01,2024-Q1,ORG-12345,SITE-C,Wales,Primary,Supplied as goods,,2024-03-30
Glass,REC-0404-2024-Q3-SITE-A-GL01,2024-Q3,ORG-12345,SITE-A,England,Tertiary,Supplied as goods,,2024-12-19
Fibre-based composite,REC-0405-Q2 2024-SITE-B-FB01,2024-Q2,ORG-12345,SITE-B,Scotland,Shipment,Supplied as goods,,2024-08-25
Wood,REC-0406-Q2 2024-SITE-B-WD01,2024-Q2,ORG-12345,SITE-B,Scotland,Tertiary,Imported,,2024-06-20
Steel,REC-0407-2024-Q1-SITE-E-ST01,2024-Q1,ORG-12345,SITE-E,England,Primary,Supplied as goods,,2024-03-15
Paper/card,REC-0408-Q2 2024-SITE-D-PC01,2024-Q2,ORG-12345,SITE-D,Northern Ireland,Tertiary,Exported,,2024-02-23
Aluminium,REC-0409-Q4 2024-SITE-C-AL01,,ORG-12345,SITE-C,Wales,Secondary,Imported,,2024-05-29
Aluminium,REC-0410-2024-Q1-SITE-A-AL01,2024-Q1,ORG-12345,SITE-A,England,Primary,Exported,,2024-07-30
Wood,REC-0411-Q4 2024-SITE-D-WD01,,ORG-12345,SITE-D,Northern Ireland,Tertiary,Imported,,2024-10-20
Fibre-based composite,REC-0412-Q4 2024-SITE-B-FB01,,ORG-12345,SITE-B,Scotland,Primary,Imported,,2024-02-01
Steel,REC-0413-2024-Q3-SITE-A-ST01,2024-Q3,ORG-12345,SITE-A,England,Primary,Imported,,2024-07-25
Glass,REC-0414-Q4 2024-SITE-C-GL01,,ORG-12345,SITE-C,Wales,Tertiary,Supplied as goods,,2024-01-30
,REC-0415-2024-Q1-SITE-B-UNKNOWN,2024-Q1,ORG-12345,SITE-B,Scotland,Tertiary,Supplied as goods,,2024-07-02
Aluminium,REC-0416-2024-Q3-SITE-C-AL01,2024-Q3,ORG-12345,SITE-C,Wales,Primary,Imported,,2024-03-04
Plastic,REC-0417-2024-Q1-SITE-Z-PL01,2024-Q1,ORG-12345,SITE-Z,,Secondary,Exported,,2024-01-16
Fibre-based composite,REC-0418-2024-Q1-SITE-B-FB01,2024-Q1,ORG-12345,SITE-B,Scotland,Primary,Imported,,2024-04-29
Glass,REC-0419-2024-Q3-SITE-A-GL01,2024-Q3,ORG-12345,SITE-A,England,Tertiary,Imported,,2024-09-12
Wood,REC-0420-2024-Q3-SITE-B-WD01,2024-Q3,ORG-12345,SITE-B,Scotland,Tertiary,Imported,,2024-07-22
Glass,REC-0421-Q2 2024-SITE-C-GL01,2024-Q2,ORG-12345,SITE-C,Wales,Secondary,Supplied as goods,,2024-10-29
Plastic,REC-0422-Q4 2024-SITE-C-PL01,,ORG-12345,SITE-C,Wales,Primary,Exported,,2024-05-10
Other,REC-0423-Q4 2024-SITE-E-OT01,,ORG-12345,SITE-E,England,Primary,Imported,,2024-05-14
Wood,REC-0424-Q2 2024-SITE-E-WD01,2024-Q2,ORG-12345,SITE-E,England,Secondary,Supplied as goods,,2024-08-31
Glass,REC-0425-Q4 2024-SITE-A-GL01,,ORG-12345,SITE-A,England,Primary,Supplied as goods,,2024-12-29
Fibre-based composite,REC-0426-2024-Q1-SITE-C-FB01,2024-Q1,ORG-12345,SITE-C,Wales,Primary,Exported,,2024-07-31
Other,REC-0427-Q4 2024-SITE-E-OT01,,ORG-12345,SITE-E,England,Secondary,Exported,,2025-01-07
Other,REC-0428-2024-Q1-SITE-B-OT01,2024-Q1,ORG-12345,SITE-B,Scotland,Tertiary,Imported,,2024-10-29
Plastic,REC-0429-2024-Q3-SITE-D-PL02,2024-Q3,ORG-12345,SITE-D,Northern Ireland,Tertiary,Imported,,2024-12-15
Wood,REC-0430-Q4 2024-SITE-C-WD01,,ORG-12345,SITE-C,Wales,Shipment,Exported,,2024-11-26
Fibre-based composite,REC-0431-2024-Q1-SITE-B-FB01,2024-Q1,ORG-12345,SITE-B,Scotland,Primary,Imported,,2024-09-14
Steel,REC-0432-2024-Q3-SITE-C-ST01,2024-Q3,ORG-12345,SITE-C,Wales,Secondary,Supplied as goods,,2025-01-05
Plastic,REC-0433-2024-Q3-SITE-C-PL02,2024-Q3,ORG-12345,SITE-C,Wales,Tertiary,Supplied as goods,,2024-08-15
Plastic,REC-0434-2024-Q3-SITE-D-PL02,2024-Q3,ORG-12345,SITE-D,Northern Ireland,Primary,Imported,,2024-10-04
Glass,REC-0435-2024-Q1-SITE-B-GL01,2024-Q1,ORG-12345,SITE-B,Scotland,Primary,Imported,,2024-04-22
Aluminium,REC-0436-2024-Q3-SITE-A-AL01,2024-Q3,ORG-12345,SITE-A,England,Tertiary,Supplied as goods,,2024-04-25
Steel,REC-0437-Q2 2024-SITE-A-ST01,2024-Q2,ORG-12345,SITE-A,England,Secondary,Imported,,2024-09-21
Wood,REC-0438-Q2 2024-SITE-C-WD01,2024-Q2,ORG-12345,SITE-C,Wales,Primary,Imported,,2025-01-01
Plastic,REC-0439-Q2 2024-SITE-E-PL02,2024-Q2,ORG-12345,SITE-E,England,Secondary,Supplied as goods,,2024-12-11
Aluminium,REC-0440-2024-Q1-SITE-E-AL01,2024-Q1,ORG-12345,SITE-E,England,Tertiary,Supplied as goods,,2024-01-19
Wood,REC-0441-2024-Q3-SITE-B-WD01,2024-Q3,ORG-12345,SITE-B,Scotland,Primary,Exported,,2024-06-19
Steel,REC-0442-Q2 2024-SITE-C-ST01,2024-Q2,ORG-12345,SITE-C,Wales,Secondary,Imported,,2024-06-17
Other,REC-0443-2024-Q3-SITE-A-OT01,2024-Q3,ORG-12345,SITE-A,England,Tertiary,Exported,,2024-12-11
Steel,REC-0444-2024-Q3-SITE-C-ST01,2024-Q3,ORG-12345,SITE-C,Wales,Secondary,Exported,,2024-06-29
Steel,REC-0445-Q2 2024-SITE-B-ST01,2024-Q2,ORG-12345,SITE-B,Scotland,Secondary,Exported,,2024-05-17
Plastic,REC-0446-2024-Q1-SITE-B-PL01,2024-Q1,ORG-12345,SITE-B,Scotland,Tertiary,Exported,,2024-09-25
Steel,REC-0447-Q2 2024-SITE-E-ST01,2024-Q2,ORG-12345,SITE-E,England,Secondary,Imported,,2024-05-07
Other,REC-0448-2024-Q3-SITE-E-OT01,2024-Q3,ORG-12345,SITE-E,England,Tertiary,Imported,,2024-12-16
Other,REC-0449-Q2 2024-SITE-C-OT01,2024-Q2,ORG-12345,SITE-C,Wales,Primary,Imported,,2024-07-04
Plastic,REC-0450-2024-Q3-SITE-D-PL02,2024-Q3,ORG-12345,SITE-D,Northern Ireland,Primary,Imported,,2024-05-27
Steel,REC-0451-Q2 2024-SITE-D-ST01,2024-Q2,ORG-12345,SITE-D,Northern Ireland,Secondary,Supplied as goods,,2024-03-16
Fibre-based composite,REC-0452-Q2 2024-SITE-B-FB01,2024-Q2,ORG-12345,SITE-B,Scotland,Shipment,Imported,,2024-08-11
Wood,REC-0453-Q4 2024-SITE-A-WD01,,ORG-12345,SITE-A,England,Primary,Imported,,2024-12-03
Glass,REC-0454-Q2 2024-SITE-C-GL01,2024-Q2,ORG-12345,SITE-C,Wales,Secondary,Exported,,2024-11-05
Glass,REC-0455-Q4 2024-SITE-D-GL01,,ORG-12345,SITE-D,Northern Ireland,Secondary,Supplied as goods,,2024-09-15
Fibre-based composite,REC-0456-2024-Q3-SITE-A-FB01,2024-Q3,ORG-12345,SITE-A,England,Primary,Supplied as goods,,2024-04-21
Plastic,REC-0457-2024-Q3-SITE-B-PL01,2024-Q3,ORG-12345,SITE-B,Scotland,Tertiary,Supplied as goods,,2024-03-21
Plastic,REC-0458-2024-Q1-SITE-A-PL02,2024-Q1,ORG-12345,SITE-A,England,Secondary,Exported,,2024-06-11
Wood,REC-0459-Q2 2024-SITE-D-WD01,2024-Q2,ORG-12345,SITE-D,Northern Ireland,Tertiary,Exported,,2024-09-21
Paper/card,REC-0460-Q2 2024-SITE-A-PC01,2024-Q2,ORG-12345,SITE-A,England,Tertiary,Supplied as goods,,2024-03-22
Aluminium,REC-0461-2024-Q3-SITE-A-AL01,2024-Q3,ORG-12345,SITE-A,England,Tertiary,Supplied as goods,,2024-12-13
Plastic,REC-0462-2024-Q1-SITE-E-PL01,2024-Q1,ORG-12345,SITE-E,England,Secondary,Exported,,2024-03-10
Plastic,REC-0463-2024-Q1-SITE-D-PL01,2024-Q1,ORG-12345,SITE-D,Northern Ireland,Primary,Exported,,2024-05-23
Wood,REC-0464-Q4 2024-SITE-C-WD01,,ORG-12345,SITE-C,Wales,Tertiary,Supplied as goods,,2024-03-06
Other,REC-0465-2024-Q1-SITE-D-OT01,2024-Q1,ORG-12345,SITE-D,Northern Ireland,Secondary,Exported,,2024-11-26
Plastic,REC-0466-Q2 2024-SITE-B-PL02,2024-Q2,ORG-12345,SITE-B,Scotland,Secondary,Supplied as goods,,2024-10-08
Aluminium,REC-0467-Q4 2024-SITE-A-AL01,,ORG-12345,SITE-A,England,Secondary,Exported,,2025-01-01
Wood,REC-0468-Q4 2024-SITE-A-WD01,,ORG-12345,SITE-A,England,Secondary,Supplied as goods,,2024-03-01
Other,REC-0469-Q4 2024-SITE-B-OT01,,ORG-12345,SITE-B,Scotland,Primary,Exported,,2024-05-29
Wood,REC-0470-2024-Q3-SITE-C-WD01,2024-Q3,ORG-12345,SITE-C,Wales,Primary,Supplied as goods,,2024-06-23
Fibre-based composite,REC-0471-Q2 2024-SITE-A-FB01,2024-Q2,ORG-12345,SITE-A,England,Tertiary,Supplied as goods,,2024-12-11
Glass,REC-0472-2024-Q3-SITE-A-GL01,2024-Q3,ORG-12345,SITE-A,England,Secondary,Imported,,2024-04-17
Plastic,REC-0473-Q4 2024-SITE-D-PL02,,ORG-12345,SITE-D,Northern Ireland,Secondary,Imported,,2024-12-12
Glass,REC-0474-2024-Q1-SITE-B-GL01,2024-Q1,ORG-12345,SITE-B,Scotland,Primary,Supplied as goods,,2024-11-12
Wood,REC-0475-Q4 2024-SITE-E-WD01,,ORG-12345,SITE-E,England,Tertiary,Exported,,2024-11-23
Plastic,REC-0476-Q4 2024-SITE-D-PL01,,ORG-12345,SITE-D,Northern Ireland,Tertiary,Exported,,2024-08-12
Wood,REC-0477-Q2 2024-SITE-A-WD01,2024-Q2,ORG-12345,SITE-A,England,Primary,Supplied as goods,,2024-07-06
Other,REC-0478-Q2 2024-SITE-D-OT01,2024-Q2,ORG-12345,SITE-D,Northern Ireland,Shipment,Exported,,2024-07-10
Fibre-based composite,REC-0479-Q2 2024-SITE-A-FB01,2024-Q2,ORG-12345,SITE-A,England,Primary,Exported,,2024-09-11
Wood,REC-0480-Q2 2024-SITE-C-WD01,2024-Q2,ORG-12345,SITE-C,Wales,Tertiary,Supplied as goods,,2024-06-05
Plastic,REC-0481-Q2 2024-SITE-D-PL01,2024-Q2,ORG-12345,SITE-D,Northern Ireland,Shipment,Supplied as goods,,2024-09-06
Wood,REC-0482-2024-Q3-SITE-D-WD01,2024-Q3,ORG-12345,SITE-D,Northern Ireland,Tertiary,Exported,,2024-09-25
Plastic,REC-0483-2024-Q3-SITE-A-PL01,2024-Q3,ORG-12345,SITE-A,England,Primary,Imported,,2024-10-28
Aluminium,REC-0484-2024-Q1-SITE-C-AL01,2024-Q1,ORG-12345,SITE-C,Wales,Tertiary,Exported,,2024-09-03
Paper/card,REC-0485-2024-Q1-SITE-D-PC01,2024-Q1,ORG-12345,SITE-D,Northern Ireland,Shipment,Exported,,2024-12-17
Aluminium,REC-0486-2024-Q3-SITE-E-AL01,2024-Q3,ORG-12345,SITE-E,England,Primary,Imported,,2024-03-09
Plastic,REC-0487-2024-Q3-SITE-A-PL01,2024-Q3,ORG-12345,SITE-A,England,Primary,Imported,,2024-04-24
Aluminium,REC-0488-2024-Q1-SITE-C-AL01,2024-Q1,ORG-12345,SITE-C,Wales,Primary,Imported,,2024-02-07
Plastic,REC-0489-2024-Q1-SITE-D-PL02,2024-Q1,ORG-12345,SITE-D,Northern Ireland,Tertiary,Imported,,2024-02-08
Other,REC-0490-Q2 2024-SITE-E-OT01,2024-Q2,ORG-12345,SITE-E,England,Secondary,Exported,,2024-03-20
Plastic,REC-0491-Q4 2024-SITE-E-PL02,,ORG-12345,SITE-E,England,Secondary,Exported,,2024-11-21
Aluminium,REC-0492-Q2 2024-SITE-D-AL01,2024-Q2,ORG-12345,SITE-D,Northern Ireland,Secondary,Imported,,2024-08-13
Other,REC-0493-Q2 2024-SITE-E-OT01,2024-Q2,ORG-12345,SITE-E,England,Secondary,Exported,,2024-05-01
Steel,REC-0494-2024-Q3-SITE-B-ST01,2024-Q3,ORG-12345,SITE-B,Scotland,Tertiary,Imported,,2024-03-14
Paper/card,REC-0495-2024-Q3-SITE-E-PC01,2024-Q3,ORG-12345,SITE-E,England,Shipment,Imported,,2024-01-21
Other,REC-0496-Q2 2024-SITE-A-OT01,2024-Q2,ORG-12345,SITE-A,England,Primary,Supplied as goods,,2024-04-06
Steel,REC-0497-Q2 2024-SITE-C-ST01,2024-Q2,ORG-12345,SITE-C,Wales,Tertiary,Imported,,2024-01-31
Paper/card,REC-0498-Q4 2024-SITE-E-PC01,,ORG-12345,SITE-E,England,Tertiary,Imported,,2024-10-02
Steel,REC-0499-Q4 2024-SITE-D-ST01,,ORG-12345,SITE-D,Northern Ireland,Tertiary,Exported,,2024-06-23
Other,REC-0500-Q4 2024-SITE-E-OT01,,ORG-12345,SITE-E,England,Primary,Supplied as goods,,2024-12-04
Paper/card,REC-0501-2024Q2-SITE-B-PC01,2024-Q2,ORG-12345,SITE-B,Scotland,Tertiary,Exported,,2024-04-14
Plastic,REC-0502-2024-Q1-SITE-D-PL02,2024-Q1,ORG-12345,SITE-D,Northern Ireland,Primary,Supplied as goods,,2024-06-05
Other,REC-0503-2024-Q3-SITE-A-OT01,2024-Q3,ORG-12345,SITE-A,England,Primary,Supplied as goods,,2024-04-03
Plastic,REC-0504-2024-Q3-SITE-D-PL01,2024-Q3,ORG-12345,SITE-D,Northern Ireland,Primary,Imported,,2024-06-25
Other,REC-0505-Q4 2024-SITE-D-OT01,,ORG-12345,SITE-D,Northern Ireland,Primary,Supplied as goods,,2024-07-11
Aluminium,REC-0506-Q2 2024-SITE-C-AL01,2024-Q2,ORG-12345,SITE-C,Wales,Primary,Exported,,2024-10-12
Wood,REC-0507-Q2 2024-SITE-D-WD01,2024-Q2,ORG-12345,SITE-D,Northern Ireland,Shipment,Exported,,2024-03-15
Aluminium,REC-0508-Q4 2024-SITE-A-AL01,,ORG-12345,SITE-A,England,Primary,Exported,,2024-10-17
Steel,REC-0509-Q4 2024-SITE-E-ST01,,ORG-12345,SITE-E,England,Primary,Exported,,2024-02-06
Steel,REC-0510-Q2 2024-SITE-A-ST01,2024-Q2,ORG-12345,SITE-A,England,Tertiary,Supplied as goods,,2024-10-14
Plastic,REC-0511-2024-Q1-SITE-D-PL01,2024-Q1,ORG-12345,SITE-D,Northern Ireland,Tertiary,Supplied as goods,,2024-10-16
Fibre-based composite,REC-0512-Q4 2024-SITE-A-FB01,,ORG-12345,SITE-A,England,Tertiary,Supplied as goods,,2024-07-02
Plastic,REC-0513-2024-Q1-SITE-E-PL01,2024-Q1,ORG-12345,SITE-E,England,Primary,Supplied as goods,,2024-05-10
Steel,REC-0514-2024-Q3-SITE-D-ST01,2024-Q3,ORG-12345,SITE-D,Northern Ireland,Secondary,Imported,,2024-08-01
,REC-0515-2024-Q1-SITE-E-UNKNOWN,2024-Q1,ORG-12345,SITE-E,England,Shipment,Supplied as goods,,2024-02-21
Paper/card,REC-0516-2024-Q1-SITE-E-PC01,2024-Q1,ORG-12345,SITE-E,England,Shipment,Supplied as goods,,2024-08-26
Fibre-based composite,REC-0517-Q2 2024-SITE-Z-FB01,2024-Q2,ORG-12345,SITE-Z,,Secondary,Exported,,2024-08-02
Other,REC-0518-Q2 2024-SITE-A-OT01,2024-Q2,ORG-12345,SITE-A,England,Secondary,Exported,,2024-02-05
Plastic,REC-0519-Q2 2024-SITE-C-PL01,2024-Q2,ORG-12345,SITE-C,Wales,Shipment,Exported,,2024-07-09
Aluminium,REC-0520-Q2 2024-SITE-B-AL01,2024-Q2,ORG-12345,SITE-B,Scotland,Secondary,Exported,,2024-11-25
Steel,REC-0521-Q4 2024-SITE-E-ST01,,ORG-12345,SITE-E,England,Primary,Supplied as goods,,2024-10-22
Plastic,REC-0522-Q4 2024-SITE-B-PL02,,ORG-12345,SITE-B,Scotland,Secondary,Exported,,2024-07-15
Glass,REC-0523-2024-Q1-SITE-E-GL01,2024-Q1,ORG-12345,SITE-E,England,Tertiary,Exported,,2024-06-25
Wood,REC-0524-Q2 2024-SITE-E-WD01,2024-Q2,ORG-12345,SITE-E,England,Secondary,Imported,,2024-10-31
Paper/card,REC-0525-2024-Q3-SITE-A-PC01,2024-Q3,ORG-12345,SITE-A,England,Tertiary,Imported,,2024-05-07
Fibre-based composite,REC-0526-Q4 2024-SITE-D-FB01,,ORG-12345,SITE-D,Northern Ireland,Secondary,Imported,,2024-07-16
Steel,REC-0527-Q2 2024-SITE-C-ST01,2024-Q2,ORG-12345,SITE-C,Wales,Secondary,Exported,,2024-04-24
Steel,REC-0528-2024-Q1-SITE-A-ST01,2024-Q1,ORG-12345,SITE-A,England,Tertiary,Exported,,2024-11-06
Fibre-based composite,REC-0529-2024-Q3-SITE-E-FB01,2024-Q3,ORG-12345,SITE-E,England,Tertiary,Exported,,2024-10-17
Wood,REC-0530-2024-Q3-SITE-E-WD01,2024-Q3,ORG-12345,SITE-E,England,Tertiary,Supplied as goods,,2024-09-08
Other,REC-0531-Q2 2024-SITE-B-OT01,2024-Q2,ORG-12345,SITE-B,Scotland,Shipment,Supplied as goods,,2024-03-26
Wood,REC-0532-2024-Q3-SITE-D-WD01,2024-Q3,ORG-12345,SITE-D,Northern Ireland,Primary,Supplied as goods,,2024-05-06
Wood,REC-0533-Q2 2024-SITE-A-WD01,2024-Q2,ORG-12345,SITE-A,England,Primary,Supplied as goods,,2024-07-17
Fibre-based composite,REC-0534-2024-Q1-SITE-C-FB01,2024-Q1,ORG-12345,SITE-C,Wales,Secondary,Imported,,2024-10-07
Steel,REC-0535-Q4 2024-SITE-D-ST01,,ORG-12345,SITE-D,Northern Ireland,Tertiary,Exported,,2024-11-10
Plastic,REC-0536-Q4 2024-SITE-E-PL02,,ORG-12345,SITE-E,England,Shipment,Imported,,2024-07-09
Wood,REC-0537-Q2 2024-SITE-E-WD01,2024-Q2,ORG-12345,SITE-E,England,Tertiary,Imported,,2024-04-08
Aluminium,REC-0538-Q2 2024-SITE-B-AL01,2024-Q2,ORG-12345,SITE-B,Scotland,Primary,Exported,,2024-07-18
Plastic,REC-0539-Q4 2024-SITE-A-PL02,,ORG-12345,SITE-A,England,Tertiary,Supplied as goods,,2024-09-16
Wood,REC-0540-Q2 2024-SITE-A-WD01,2024-Q2,ORG-12345,SITE-A,England,Primary,Exported,,2024-03-20
Glass,REC-0541-Q2 2024-SITE-A-GL01,2024-Q2,ORG-12345,SITE-A,England,Primary,Exported,,2024-04-16
Other,REC-0542-2024-Q1-SITE-C-OT01,2024-Q1,ORG-12345,SITE-C,Wales,Secondary,Exported,,2024-08-31
Wood,REC-0543-Q2 2024-SITE-E-WD01,2024-Q2,ORG-12345,SITE-E,England,Tertiary,Imported,,2024-04-17
Other,REC-0544-2024-Q1-SITE-D-OT01,2024-Q1,ORG-12345,SITE-D,Northern Ireland,Secondary,Supplied as goods,,2024-07-26
Fibre-based composite,REC-0545-2024-Q1-SITE-B-FB01,2024-Q1,ORG-12345,SITE-B,Scotland,Primary,Supplied as goods,,2024-09-14
Plastic,REC-0546-Q4 2024-SITE-A-PL01,,ORG-12345,SITE-A,England,Tertiary,Exported,,2024-03-21
Other,REC-0547-Q4 2024-SITE-E-OT01,,ORG-12345,SITE-E,England,Tertiary,Supplied as goods,,2024-02-06
Other,REC-0548-2024-Q3-SITE-D-OT01,2024-Q3,ORG-12345,SITE-D,Northern Ireland,Secondary,Supplied as goods,,2025-01-05
Plastic,REC-0549-2024-Q3-SITE-A-PL02,2024-Q3,ORG-12345,SITE-A,England,Secondary,Supplied as goods,,2024-10-19
Fibre-based composite,REC-0550-2024-Q1-SITE-E-FB01,2024-Q1,ORG-12345,SITE-E,England,Secondary,Supplied as goods,,2024-01-18
Fibre-based composite,REC-0551-2024-Q3-SITE-D-FB01,2024-Q3,ORG-12345,SITE-D,Northern Ireland,Tertiary,Supplied as goods,,2024-04-03
Fibre-based composite,REC-0552-2024-Q3-SITE-E-FB01,2024-Q3,ORG-12345,SITE-E,England,Tertiary,Exported,,2024-06-04
Fibre-based composite,REC-0553-2024-Q3-SITE-B-FB01,2024-Q3,ORG-12345,SITE-B,Scotland,Tertiary,Supplied as goods,,2024-10-25
Wood,REC-0554-2024-Q1-SITE-B-WD01,2024-Q1,ORG-12345,SITE-B,Scotland,Secondary,Imported,,2024-05-11
Wood,REC-0555-Q4 2024-SITE-B-WD01,,ORG-12345,SITE-B,Scotland,Tertiary,Exported,,2024-10-22
Plastic,REC-0556-Q2 2024-SITE-A-PL01,2024-Q2,ORG-12345,SITE-A,England,Primary,Imported,,2024-11-17
Fibre-based composite,REC-0557-2024-Q1-SITE-A-FB01,2024-Q1,ORG-12345,SITE-A,England,Primary,Supplied as goods,,2024-07-29
Fibre-based composite,REC-0558-Q4 2024-SITE-B-FB01,,ORG-12345,SITE-B,Scotland,Shipment,Exported,,2024-01-20
Aluminium,REC-0559-2024-Q1-SITE-B-AL01,2024-Q1,ORG-12345,SITE-B,Scotland,Tertiary,Exported,,2024-10-02
Other,REC-0560-Q2 2024-SITE-C-OT01,2024-Q2,ORG-12345,SITE-C,Wales,Tertiary,Supplied as goods,,2024-01-15
Glass,REC-0561-Q4 2024-SITE-D-GL01,,ORG-12345,SITE-D,Northern Ireland,Primary,Imported,,2024-04-26
Other,REC-0562-2024-Q3-SITE-E-OT01,2024-Q3,ORG-12345,SITE-E,England,Primary,Exported,,2024-10-27
Paper/card,REC-0563-Q4 2024-SITE-D-PC01,,ORG-12345,SITE-D,Northern Ireland,Secondary,Imported,,2024-01-17
Steel,REC-0564-2024-Q3-SITE-E-ST01,2024-Q3,ORG-12345,SITE-E,England,Primary,Imported,,2024-03-14
Other,REC-0565-Q4 2024-SITE-D-OT01,,ORG-12345,SITE-D,Northern Ireland,Secondary,Exported,,2024-09-18
Aluminium,REC-0566-2024-Q1-SITE-D-AL01,2024-Q1,ORG-12345,SITE-D,Northern Ireland,Tertiary,Imported,,2024-03-14
Steel,REC-0567-2024-Q3-SITE-B-ST01,2024-Q3,ORG-12345,SITE-B,Scotland,Primary,Imported,,2024-07-13
Other,REC-0568-2024-Q3-SITE-B-OT01,2024-Q3,ORG-12345,SITE-B,Scotland,Shipment,Supplied as goods,,2024-08-06
Paper/card,REC-0569-2024-Q3-SITE-C-PC01,2024-Q3,ORG-12345,SITE-C,Wales,Primary,Exported,,2024-11-03
Steel,REC-0570-Q2 2024-SITE-D-ST01,2024-Q2,ORG-12345,SITE-D,Northern Ireland,Primary,Exported,,2024-05-17
Steel,REC-0571-2024-Q3-SITE-E-ST01,2024-Q3,ORG-12345,SITE-E,England,Primary,Supplied as goods,,2024-03-09
Plastic,REC-0572-2024-Q1-SITE-E-PL02,2024-Q1,ORG-12345,SITE-E,England,Primary,Exported,,2024-02-05
Wood,REC-0573-Q2 2024-SITE-D-WD01,2024-Q2,ORG-12345,SITE-D,Northern Ireland,Secondary,Exported,,2024-06-06
Fibre-based composite,REC-0574-2024-Q1-SITE-D-FB01,2024-Q1,ORG-12345,SITE-D,Northern Ireland,Primary,Exported,,2024-07-10
Fibre-based composite,REC-0575-Q4 2024-SITE-A-FB01,,ORG-12345,SITE-A,England,Tertiary,Exported,,2025-01-01
Plastic,REC-0576-2024-Q3-SITE-C-PL01,2024-Q3,ORG-12345,SITE-C,Wales,Primary,Exported,,2024-05-26
Glass,REC-0577-2024-Q3-SITE-E-GL01,2024-Q3,ORG-12345,SITE-E,England,Shipment,Imported,,2024-04-18
Wood,REC-0578-Q4 2024-SITE-C-WD01,,ORG-12345,SITE-C,Wales,Secondary,Supplied as goods,,2024-09-01
Glass,REC-0579-2024-Q3-SITE-A-GL01,2024-Q3,ORG-12345,SITE-A,England,Shipment,Supplied as goods,,2024-10-25
Fibre-based composite,REC-0580-2024-Q1-SITE-D-FB01,2024-Q1,ORG-12345,SITE-D,Northern Ireland,Tertiary,Imported,,2024-08-17
Wood,REC-0581-2024-Q3-SITE-D-WD01,2024-Q3,ORG-12345,SITE-D,Northern Ireland,Primary,Exported,,2024-10-28
Plastic,REC-0582-2024-Q3-SITE-B-PL01,2024-Q3,ORG-12345,SITE-B,Scotland,Secondary,Supplied as goods,,2024-12-02
Plastic,REC-0583-2024-Q3-SITE-C-PL02,2024-Q3,ORG-12345,SITE-C,Wales,Secondary,Exported,,2024-01-25
Fibre-based composite,REC-0584-Q2 2024-SITE-E-FB01,2024-Q2,ORG-12345,SITE-E,England,Primary,Imported,,2024-07-14
Paper/card,REC-0585-Q4 2024-SITE-A-PC01,,ORG-12345,SITE-A,England,Tertiary,Exported,,2024-06-09
Wood,REC-0586-Q4 2024-SITE-D-WD01,,ORG-12345,SITE-D,Northern Ireland,Tertiary,Supplied as goods,,2024-02-24
Glass,REC-0587-Q4 2024-SITE-C-GL01,,ORG-12345,SITE-C,Wales,Secondary,Supplied as goods,,2024-08-29
Paper/card,REC-0588-Q2 2024-SITE-D-PC01,2024-Q2,ORG-12345,SITE-D,Northern Ireland,Tertiary,Exported,,2024-01-26
Glass,REC-0589-Q2 2024-SITE-B-GL01,2024-Q2,ORG-12345,SITE-B,Scotland,Tertiary,Supplied as goods,,2024-03-07
Plastic,REC-0590-2024-Q1-SITE-D-PL02,2024-Q1,ORG-12345,SITE-D,Northern Ireland,Primary,Imported,,2024-05-28
Glass,REC-0591-Q2 2024-SITE-C-GL01,2024-Q2,ORG-12345,SITE-C,Wales,Primary,Exported,,2024-06-08
Wood,REC-0592-2024-Q1-SITE-A-WD01,2024-Q1,ORG-12345,SITE-A,England,Tertiary,Supplied as goods,,2024-07-15
Paper/card,REC-0593-Q4 2024-SITE-E-PC01,,ORG-12345,SITE-E,England,Tertiary,Imported,,2025-01-06
Other,REC-0594-2024-Q3-SITE-E-OT01,2024-Q3,ORG-12345,SITE-E,England,Primary,Exported,,2024-09-17
Other,REC-0595-2024-Q3-SITE-D-OT01,2024-Q3,ORG-12345,SITE-D,Northern Ireland,Primary,Supplied as goods,,2024-06-18
Plastic,REC-0596-2024-Q3-SITE-C-PL01,2024-Q3,ORG-12345,SITE-C,Wales,Primary,Exported,,2024-10-14
Plastic,REC-0597-2024-Q1-SITE-C-PL01,2024-Q1,ORG-12345,SITE-C,Wales,Tertiary,Imported,,2024-06-12
Aluminium,REC-0598-Q4 2024-SITE-D-AL01,,ORG-12345,SITE-D,Northern Ireland,Tertiary,Supplied as goods,,2024-05-21
Glass,REC-0599-2024-Q3-SITE-B-GL01,2024-Q3,ORG-12345,SITE-B,Scotland,Tertiary,Exported,,2024-08-18
Aluminium,REC-0600-2024-Q3-SITE-C-AL01,2024-Q3,ORG-12345,SITE-C,Wales,Shipment,Exported,,2024-04-20
Plastic,REC-0601-2024Q2-SITE-E-PL02,2024-Q2,ORG-12345,SITE-E,England,Primary,Supplied as goods,,2025-01-07
Wood,REC-0602-2024-Q1-SITE-E-WD01,2024-Q1,ORG-12345,SITE-E,England,Primary,Imported,,2024-03-07
Steel,REC-0603-2024-Q1-SITE-B-ST01,2024-Q1,ORG-12345,SITE-B,Scotland,Primary,Supplied as goods,,2024-01-22
Wood,REC-0604-Q4 2024-SITE-C-WD01,,ORG-12345,SITE-C,Wales,Primary,Imported,,2024-01-31
Paper/card,REC-0605-Q4 2024-SITE-A-PC01,,ORG-12345,SITE-A,England,Primary,Supplied as goods,,2024-04-22
Steel,REC-0606-Q4 2024-SITE-B-ST01,,ORG-12345,SITE-B,Scotland,Tertiary,Imported,,2024-05-20
Plastic,REC-0607-Q2 2024-SITE-E-PL01,2024-Q2,ORG-12345,SITE-E,England,Primary,Imported,,2024-03-15
Steel,REC-0608-2024-Q1-SITE-E-ST01,2024-Q1,ORG-12345,SITE-E,England,Secondary,Supplied as goods,,2024-09-17
Steel,REC-0609-Q2 2024-SITE-A-ST01,2024-Q2,ORG-12345,SITE-A,England,Primary,Imported,,2024-08-24
Paper/card,REC-0610-Q2 2024-SITE-D-PC01,2024-Q2,ORG-12345,SITE-D,Northern Ireland,Primary,Supplied as goods,,2024-02-05
Wood,REC-0611-Q2 2024-SITE-B-WD01,2024-Q2,ORG-12345,SITE-B,Scotland,Tertiary,Exported,,2024-03-01
Paper/card,REC-0612-2024-Q1-SITE-B-PC01,2024-Q1,ORG-12345,SITE-B,Scotland,Tertiary,Exported,,2024-09-20
Aluminium,REC-0613-Q2 2024-SITE-D-AL01,2024-Q2,ORG-12345,SITE-D,Northern Ireland,Secondary,Exported,,2025-01-01
Fibre-based composite,REC-0614-Q4 2024-SITE-D-FB01,,ORG-12345,SITE-D,Northern Ireland,Secondary,Exported,,2024-06-13
,REC-0615-2024-Q3-SITE-E-UNKNOWN,2024-Q3,ORG-12345,SITE-E,England,Tertiary,Imported,,2024-09-10
Steel,REC-0616-Q2 2024-SITE-A-ST01,2024-Q2,ORG-12345,SITE-A,England,Tertiary,Exported,,2024-06-14
Steel,REC-0617-2024-Q1-SITE-Z-ST01,2024-Q1,ORG-12345,SITE-Z,,Shipment,Imported,,2024-07-19
Aluminium,REC-0618-Q4 2024-SITE-B-AL01,,ORG-12345,SITE-B,Scotland,Secondary,Exported,,2024-04-02
Steel,REC-0619-2024-Q1-SITE-A-ST01,2024-Q1,ORG-12345,SITE-A,England,Secondary,Imported,,2024-03-21
Glass,REC-0620-2024-Q1-SITE-B-GL01,2024-Q1,ORG-12345,SITE-B,Scotland,Tertiary,Supplied as goods,,2024-11-02
Fibre-based composite,REC-0621-2024-Q3-SITE-A-FB01,2024-Q3,ORG-12345,SITE-A,England,Tertiary,Imported,,2024-11-20
Plastic,REC-0622-2024-Q1-SITE-D-PL02,2024-Q1,ORG-12345,SITE-D,Northern Ireland,Primary,Supplied as goods,,2024-10-26
Fibre-based composite,REC-0623-2024-Q3-SITE-E-FB01,2024-Q3,ORG-12345,SITE-E,England,Tertiary,Imported,,2024-02-04
Plastic,REC-0624-2024-Q1-SITE-E-PL02,2024-Q1,ORG-12345,SITE-E,England,Tertiary,Imported,,2024-05-12
Other,REC-0625-Q2 2024-SITE-E-OT01,2024-Q2,ORG-12345,SITE-E,England,Secondary,Supplied as goods,,2024-10-26
Fibre-based composite,REC-0626-Q4 2024-SITE-D-FB01,,ORG-12345,SITE-D,Northern Ireland,Tertiary,Supplied as goods,,2024-04-09
Glass,REC-0627-Q4 2024-SITE-E-GL01,,ORG-12345,SITE-E,England,Shipment,Imported,,2024-06-24
Other,REC-0628-Q2 2024-SITE-C-OT01,2024-Q2,ORG-12345,SITE-C,Wales,Secondary,Imported,,2024-10-20
Aluminium,REC-0629-Q4 2024-SITE-C-AL01,,ORG-12345,SITE-C,Wales,Secondary,Exported,,2024-08-05
Plastic,REC-0630-Q2 2024-SITE-E-PL01,2024-Q2,ORG-12345,SITE-E,England,Tertiary,Supplied as goods,,2024-01-18
Steel,REC-0631-Q2 2024-SITE-C-ST01,2024-Q2,ORG-12345,SITE-C,Wales,Primary,Supplied as goods,,2024-02-03
Wood,REC-0632-Q2 2024-SITE-E-WD01,2024-Q2,ORG-12345,SITE-E,England,Secondary,Supplied as goods,,2024-05-25
Steel,REC-0633-2024-Q3-SITE-A-ST01,2024-Q3,ORG-12345,SITE-A,England,Primary,Exported,,2024-04-12
Wood,REC-0634-2024-Q3-SITE-E-WD01,2024-Q3,ORG-12345,SITE-E,England,Tertiary,Exported,,2024-11-05
Fibre-based composite,REC-0635-Q4 2024-SITE-C-FB01,,ORG-12345,SITE-C,Wales,Primary,Supplied as goods,,2024-03-16
Aluminium,REC-0636-2024-Q1-SITE-D-AL01,2024-Q1,ORG-12345,SITE-D,Northern Ireland,Tertiary,Exported,,2024-10-09
Plastic,REC-0637-Q2 2024-SITE-E-PL01,2024-Q2,ORG-12345,SITE-E,England,Secondary,Exported,,2024-02-09
Fibre-based composite,REC-0638-Q4 2024-SITE-B-FB01,,ORG-12345,SITE-B,Scotland,Secondary,Exported,,2024-08-03
Glass,REC-0639-Q4 2024-SITE-E-GL01,,ORG-12345,SITE-E,England,Primary,Imported,,2024-02-27
Fibre-based composite,REC-0640-Q4 2024-SITE-B-FB01,,ORG-12345,SITE-B,Scotland,Shipment,Imported,,2024-04-25
Wood,REC-0641-2024-Q1-SITE-B-WD01,2024-Q1,ORG-12345,SITE-B,Scotland,Secondary,Exported,,2024-08-22
Paper/card,REC-0642-2024-Q3-SITE-D-PC01,2024-Q3,ORG-12345,SITE-D,Northern Ireland,Tertiary,Exported,,2024-04-21
Paper/card,REC-0643-2024-Q3-SITE-B-PC01,2024-Q3,ORG-12345,SITE-B,Scotland,Secondary,Exported,,2024-08-28
Glass,REC-0644-2024-Q3-SITE-B-GL01,2024-Q3,ORG-12345,SITE-B,Scotland,Secondary,Supplied as goods,,2024-02-27
Plastic,REC-0645-2024-Q1-SITE-C-PL02,2024-Q1,ORG-12345,SITE-C,Wales,Tertiary,Supplied as goods,,2025-01-04
Plastic,REC-0646-Q2 2024-SITE-B-PL02,2024-Q2,ORG-12345,SITE-B,Scotland,Secondary,Imported,,2024-10-20
Other,REC-0647-Q4 2024-SITE-A-OT01,,ORG-12345,SITE-A,England,Tertiary,Imported,,2024-12-19
Other,REC-0648-2024-Q3-SITE-B-OT01,2024-Q3,ORG-12345,SITE-B,Scotland,Primary,Imported,,2024-09-09
Plastic,REC-0649-2024-Q1-SITE-A-PL01,2024-Q1,ORG-12345,SITE-A,England,Primary,Imported,,2024-12-12
Fibre-based composite,REC-0650-Q4 2024-SITE-C-FB01,,ORG-12345,SITE-C,Wales,Primary,Imported,,2024-10-13
Plastic,REC-0651-2024-Q1-SITE-E-PL02,2024-Q1,ORG-12345,SITE-E,England,Primary,Supplied as goods,,2024-05-20
Other,REC-0652-2024-Q3-SITE-A-OT01,2024-Q3,ORG-12345,SITE-A,England,Secondary,Imported,,2024-07-13
Paper/card,REC-0653-2024-Q3-SITE-A-PC01,2024-Q3,ORG-12345,SITE-A,England,Tertiary,Imported,,2024-01-30
Other,REC-0654-2024-Q1-SITE-B-OT01,2024-Q1,ORG-12345,SITE-B,Scotland,Secondary,Supplied as goods,,2024-07-28
Other,REC-0655-Q2 2024-SITE-D-OT01,2024-Q2,ORG-12345,SITE-D,Northern Ireland,Tertiary,Exported,,2024-04-02
Fibre-based composite,REC-0656-Q2 2024-SITE-B-FB01,2024-Q2,ORG-12345,SITE-B,Scotland,Secondary,Exported,,2024-10-18
Aluminium,REC-0657-Q2 2024-SITE-D-AL01,2024-Q2,ORG-12345,SITE-D,Northern Ireland,Tertiary,Supplied as goods,,2024-10-30
Glass,REC-0658-2024-Q3-SITE-B-GL01,2024-Q3,ORG-12345,SITE-B,Scotland,Secondary,Supplied as goods,,2024-01-30
Paper/card,REC-0659-Q2 2024-SITE-B-PC01,2024-Q2,ORG-12345,SITE-B,Scotland,Secondary,Imported,,2024-03-22
Glass,REC-0660-Q2 2024-SITE-E-GL01,2024-Q2,ORG-12345,SITE-E,England,Primary,Exported,,2024-12-31
Plastic,REC-0661-Q4 2024-SITE-B-PL01,,ORG-12345,SITE-B,Scotland,Secondary,Supplied as goods,,2024-12-12
Paper/card,REC-0662-Q2 2024-SITE-B-PC01,2024-Q2,ORG-12345,SITE-B,Scotland,Primary,Imported,,2024-01-31
Fibre-based composite,REC-0663-Q2 2024-SITE-B-FB01,2024-Q2,ORG-12345,SITE-B,Scotland,Tertiary,Supplied as goods,,2024-02-17
Glass,REC-0664-Q2 2024-SITE-D-GL01,2024-Q2,ORG-12345,SITE-D,Northern Ireland,Secondary,Exported,,2024-08-09
Plastic,REC-0665-2024-Q1-SITE-D-PL01,2024-Q1,ORG-12345,SITE-D,Northern Ireland,Shipment,Exported,,2024-03-10
Wood,REC-0666-Q4 2024-SITE-E-WD01,,ORG-12345,SITE-E,England,Secondary,Supplied as goods,,2024-02-04
Other,REC-0667-2024-Q3-SITE-B-OT01,2024-Q3,ORG-12345,SITE-B,Scotland,Secondary,Exported,,2024-08-05
Steel,REC-0668-2024-Q1-SITE-C-ST01,2024-Q1,ORG-12345,SITE-C,Wales,Tertiary,Imported,,2024-10-05
Glass,REC-0669-Q2 2024-SITE-B-GL01,2024-Q2,ORG-12345,SITE-B,Scotland,Secondary,Exported,,2024-08-13
Paper/card,REC-0670-2024-Q1-SITE-D-PC01,2024-Q1,ORG-12345,SITE-D,Northern Ireland,Secondary,Supplied as goods,,2024-06-28
Glass,REC-0671-2024-Q3-SITE-D-GL01,2024-Q3,ORG-12345,SITE-D,Northern Ireland,Tertiary,Exported,,2024-10-09
Fibre-based composite,REC-0672-Q4 2024-SITE-D-FB01,,ORG-12345,SITE-D,Northern Ireland,Tertiary,Exported,,2024-04-11
Paper/card,REC-0673-Q2 2024-SITE-B-PC01,2024-Q2,ORG-12345,SITE-B,Scotland,Shipment,Exported,,2024-02-10
Fibre-based composite,REC-0674-Q2 2024-SITE-C-FB01,2024-Q2,ORG-12345,SITE-C,Wales,Secondary,Imported,,2024-03-22
Aluminium,REC-0675-Q4 2024-SITE-D-AL01,,ORG-12345,SITE-D,Northern Ireland,Primary,Exported,,2024-10-19
Plastic,REC-0676-Q4 2024-SITE-D-PL01,,ORG-12345,SITE-D,Northern Ireland,Shipment,Imported,,2024-02-24
Plastic,REC-0677-Q2 2024-SITE-A-PL01,2024-Q2,ORG-12345,SITE-A,England,Primary,Exported,,2024-02-12
Paper/card,REC-0678-2024-Q1-SITE-C-PC01,2024-Q1,ORG-12345,SITE-C,Wales,Primary,Supplied as goods,,2024-03-10
Fibre-based composite,REC-0679-2024-Q3-SITE-D-FB01,2024-Q3,ORG-12345,SITE-D,Northern Ireland,Primary,Supplied as goods,,2024-03-02
Steel,REC-0680-2024-Q1-SITE-D-ST01,2024-Q1,ORG-12345,SITE-D,Northern Ireland,Secondary,Imported,,2024-09-12
Glass,REC-0681-Q4 2024-SITE-E-GL01,,ORG-12345,SITE-E,England,Primary,Exported,,2024-05-01
Aluminium,REC-0682-2024-Q3-SITE-D-AL01,2024-Q3,ORG-12345,SITE-D,Northern Ireland,Shipment,Supplied as goods,,2024-11-21
Paper/card,REC-0683-Q4 2024-SITE-B-PC01,,ORG-12345,SITE-B,Scotland,Secondary,Exported,,2024-12-03
Wood,REC-0684-Q2 2024-SITE-C-WD01,2024-Q2,ORG-12345,SITE-C,Wales,Secondary,Supplied as goods,,2024-03-15
Plastic,REC-0685-Q4 2024-SITE-E-PL01,,ORG-12345,SITE-E,England,Secondary,Exported,,2024-02-07
Paper/card,REC-0686-Q2 2024-SITE-A-PC01,2024-Q2,ORG-12345,SITE-A,England,Secondary,Exported,,2024-06-07
Steel,REC-0687-2024-Q1-SITE-A-ST01,2024-Q1,ORG-12345,SITE-A,England,Tertiary,Supplied as goods,,2024-07-03
Paper/card,REC-0688-Q2 2024-SITE-B-PC01,2024-Q2,ORG-12345,SITE-B,Scotland,Secondary,Exported,,2024-07-06
Wood,REC-0689-Q4 2024-SITE-B-WD01,,ORG-12345,SITE-B,Scotland,Secondary,Supplied as goods,,2024-07-04
Wood,REC-0690-2024-Q3-SITE-E-WD01,2024-Q3,ORG-12345,SITE-E,England,Tertiary,Imported,,2024-12-27
Paper/card,REC-0691-2024-Q1-SITE-C-PC01,2024-Q1,ORG-12345,SITE-C,Wales,Shipment,Exported,,2024-06-06
Plastic,REC-0692-Q4 2024-SITE-E-PL01,,ORG-12345,SITE-E,England,Secondary,Imported,,2024-11-14
Plastic,REC-0693-2024-Q3-SITE-A-PL02,2024-Q3,ORG-12345,SITE-A,England,Tertiary,Imported,,2024-02-28
Wood,REC-0694-2024-Q3-SITE-B-WD01,2024-Q3,ORG-12345,SITE-B,Scotland,Primary,Imported,,2024-03-12
Paper/card,REC-0695-2024-Q1-SITE-D-PC01,2024-Q1,ORG-12345,SITE-D,Northern Ireland,Tertiary,Supplied as goods,,2024-09-27
Glass,REC-0696-Q2 2024-SITE-C-GL01,2024-Q2,ORG-12345,SITE-C,Wales,Primary,Imported,,2024-10-05
Glass,REC-0697-2024-Q1-SITE-E-GL01,2024-Q1,ORG-12345,SITE-E,England,Primary,Exported,,2024-06-22
Plastic,REC-0698-2024-Q1-SITE-D-PL01,2024-Q1,ORG-12345,SITE-D,Northern Ireland,Tertiary,Exported,,2024-10-07
Steel,REC-0699-Q2 2024-SITE-C-ST01,2024-Q2,ORG-12345,SITE-C,Wales,Primary,Exported,,2024-06-09
Steel,REC-0700-Q2 2024-SITE-C-ST01,2024-Q2,ORG-12345,SITE-C,Wales,Shipment,Imported,,2024-06-03
Plastic,REC-0701-2024Q2-SITE-B-PL02,2024-Q2,ORG-12345,SITE-B,Scotland,Primary,Exported,,2024-06-26
Steel,REC-0702-2024-Q1-SITE-B-ST01,2024-Q1,ORG-12345,SITE-B,Scotland,Primary,Exported,,2024-11-23
Paper/card,REC-0703-2024-Q1-SITE-D-PC01,2024-Q1,ORG-12345,SITE-D,Northern Ireland,Primary,Imported,,2024-07-29
Plastic,REC-0704-2024-Q3-SITE-E-PL01,2024-Q3,ORG-12345,SITE-E,England,Primary,Imported,,2024-07-03
Aluminium,REC-0705-Q2 2024-SITE-D-AL01,2024-Q2,ORG-12345,SITE-D,Northern Ireland,Tertiary,Exported,,2025-01-06
Wood,REC-0706-Q2 2024-SITE-D-WD01,2024-Q2,ORG-12345,SITE-D,Northern Ireland,Primary,Imported,,2024-03-28
Steel,REC-0707-Q4 2024-SITE-C-ST01,,ORG-12345,SITE-C,Wales,Secondary,Imported,,2024-03-15
Plastic,REC-0708-2024-Q3-SITE-B-PL02,2024-Q3,ORG-12345,SITE-B,Scotland,Secondary,Supplied as goods,,2024-11-19
Glass,REC-0709-2024-Q1-SITE-C-GL01,2024-Q1,ORG-12345,SITE-C,Wales,Shipment,Supplied as goods,,2024-10-13
Wood,REC-0710-Q2 2024-SITE-E-WD01,2024-Q2,ORG-12345,SITE-E,England,Secondary,Exported,,2024-07-29
Plastic,REC-0711-2024-Q3-SITE-D-PL02,2024-Q3,ORG-12345,SITE-D,Northern Ireland,Secondary,Supplied as goods,,2025-01-04
Aluminium,REC-0712-Q4 2024-SITE-A-AL01,,ORG-12345,SITE-A,England,Primary,Exported,,2024-10-25
Plastic,REC-0713-2024-Q1-SITE-A-PL02,2024-Q1,ORG-12345,SITE-A,England,Tertiary,Imported,,2024-11-15
Fibre-based composite,REC-0714-Q2 2024-SITE-A-FB01,2024-Q2,ORG-12345,SITE-A,England,Secondary,Imported,,2024-11-07
,REC-0715-2024-Q3-SITE-E-UNKNOWN,2024-Q3,ORG-12345,SITE-E,England,Tertiary,Supplied as goods,,2024-11-25
Wood,REC-0716-2024-Q3-SITE-C-WD01,2024-Q3,ORG-12345,SITE-C,Wales,Primary,Supplied as goods,,2024-07-09
Plastic,REC-0717-2024-Q3-SITE-Z-PL02,2024-Q3,ORG-12345,SITE-Z,,Shipment,Supplied as goods,,2024-07-22
Other,REC-0718-2024-Q3-SITE-A-OT01,2024-Q3,ORG-12345,SITE-A,England,Primary,Supplied as goods,,2024-05-14
Fibre-based composite,REC-0719-Q4 2024-SITE-D-FB01,,ORG-12345,SITE-D,Northern Ireland,Tertiary,Exported,,2024-08-24
Other,REC-0720-Q4 2024-SITE-B-OT01,,ORG-12345,SITE-B,Scotland,Primary,Exported,,2024-08-15
Glass,REC-0721-2024-Q1-SITE-A-GL01,2024-Q1,ORG-12345,SITE-A,England,Secondary,Exported,,2024-09-20
Fibre-based composite,REC-0722-Q4 2024-SITE-D-FB01,,ORG-12345,SITE-D,Northern Ireland,Primary,Supplied as goods,,2024-04-16
Wood,REC-0723-2024-Q3-SITE-D-WD01,2024-Q3,ORG-12345,SITE-D,Northern Ireland,Shipment,Imported,,2024-04-19
Fibre-based composite,REC-0724-2024-Q3-SITE-E-FB01,2024-Q3,ORG-12345,SITE-E,England,Shipment,Supplied as goods,,2024-10-20
Paper/card,REC-0725-Q4 2024-SITE-A-PC01,,ORG-12345,SITE-A,England,Primary,Supplied as goods,,2024-02-24
Glass,REC-0726-2024-Q1-SITE-D-GL01,2024-Q1,ORG-12345,SITE-D,Northern Ireland,Tertiary,Exported,,2024-11-22
Plastic,REC-0727-2024-Q3-SITE-E-PL02,2024-Q3,ORG-12345,SITE-E,England,Primary,Imported,,2024-02-11
Paper/card,REC-0728-2024-Q3-SITE-E-PC01,2024-Q3,ORG-12345,SITE-E,England,Shipment,Supplied as goods,,2024-07-13
Steel,REC-0729-2024-Q3-SITE-E-ST01,2024-Q3,ORG-12345,SITE-E,England,Secondary,Supplied as goods,,2024-12-02
Wood,REC-0730-2024-Q1-SITE-E-WD01,2024-Q1,ORG-12345,SITE-E,England,Shipment,Supplied as goods,,2024-09-19
Plastic,REC-0731-Q2 2024-SITE-C-PL02,2024-Q2,ORG-12345,SITE-C,Wales,Primary,Exported,,2024-06-06
Steel,REC-0732-Q2 2024-SITE-E-ST01,2024-Q2,ORG-12345,SITE-E,England,Tertiary,Imported,,2024-04-01
Wood,REC-0733-Q2 2024-SITE-D-WD01,2024-Q2,ORG-12345,SITE-D,Northern Ireland,Secondary,Supplied as goods,,2024-01-31
Paper/card,REC-0734-Q4 2024-SITE-D-PC01,,ORG-12345,SITE-D,Northern Ireland,Primary,Supplied as goods,,2024-05-15
Wood,REC-0735-2024-Q3-SITE-A-WD01,2024-Q3,ORG-12345,SITE-A,England,Tertiary,Exported,,2024-02-10
Glass,REC-0736-Q2 2024-SITE-E-GL01,2024-Q2,ORG-12345,SITE-E,England,Secondary,Imported,,2024-12-29
Fibre-based composite,REC-0737-2024-Q3-SITE-A-FB01,2024-Q3,ORG-12345,SITE-A,England,Secondary,Imported,,2024-07-28
Paper/card,REC-0738-2024-Q3-SITE-E-PC01,2024-Q3,ORG-12345,SITE-E,England,Shipment,Exported,,2024-11-22
Steel,REC-0739-Q4 2024-SITE-C-ST01,,ORG-12345,SITE-C,Wales,Secondary,Imported,,2024-12-25
Aluminium,REC-0740-2024-Q3-SITE-E-AL01,2024-Q3,ORG-12345,SITE-E,England,Tertiary,Exported,,2025-01-02
Glass,REC-0741-2024-Q1-SITE-A-GL01,2024-Q1,ORG-12345,SITE-A,England,Secondary,Exported,,2024-03-05
Other,REC-0742-2024-Q3-SITE-C-OT01,2024-Q3,ORG-12345,SITE-C,Wales,Primary,Exported,,2024-02-01
Plastic,REC-0743-2024-Q1-SITE-E-PL01,2024-Q1,ORG-12345,SITE-E,England,Shipment,Supplied as goods,,2024-03-16
Plastic,REC-0744-Q2 2024-SITE-A-PL02,2024-Q2,ORG-12345,SITE-A,England,Tertiary,Exported,,2024-06-13
Wood,REC-0745-2024-Q3-SITE-D-WD01,2024-Q3,ORG-12345,SITE-D,Northern Ireland,Tertiary,Supplied as goods,,2024-04-06
Plastic,REC-0746-2024-Q3-SITE-A-PL02,2024-Q3,ORG-12345,SITE-A,England,Secondary,Supplied as goods,,2024-04-15
Wood,REC-0747-Q4 2024-SITE-E-WD01,,ORG-12345,SITE-E,England,Primary,Imported,,2024-12-10
Wood,REC-0748-2024-Q1-SITE-B-WD01,2024-Q1,ORG-12345,SITE-B,Scotland,Primary,Supplied as goods,,2024-05-26
Plastic,REC-0749-2024-Q1-SITE-D-PL02,2024-Q1,ORG-12345,SITE-D,Northern Ireland,Primary,Supplied as goods,,2024-03-31
Plastic,REC-0750-Q4 2024-SITE-C-PL01,,ORG-12345,SITE-C,Wales,Primary,Exported,,2024-01-16
Other,REC-0751-Q2 2024-SITE-A-OT01,2024-Q2,ORG-12345,SITE-A,England,Tertiary,Imported,,2024-07-29
Wood,REC-0752-2024-Q3-SITE-C-WD01,2024-Q3,ORG-12345,SITE-C,Wales,Primary,Exported,,2024-02-12
Plastic,REC-0753-Q4 2024-SITE-A-PL02,,ORG-12345,SITE-A,England,Secondary,Exported,,2024-12-11
Aluminium,REC-0754-2024-Q3-SITE-B-AL01,2024-Q3,ORG-12345,SITE-B,Scotland,Primary,Exported,,2024-08-01
Plastic,REC-0755-Q2 2024-SITE-D-PL02,2024-Q2,ORG-12345,SITE-D,Northern Ireland,Tertiary,Exported,,2024-02-02
Aluminium,REC-0756-Q4 2024-SITE-D-AL01,,ORG-12345,SITE-D,Northern Ireland,Primary,Exported,,2024-10-17
Steel,REC-0757-2024-Q1-SITE-A-ST01,2024-Q1,ORG-12345,SITE-A,England,Secondary,Exported,,2024-02-12
Paper/card,REC-0758-Q4 2024-SITE-B-PC01,,ORG-12345,SITE-B,Scotland,Tertiary,Exported,,2024-10-15
Glass,REC-0759-Q2 2024-SITE-A-GL01,2024-Q2,ORG-12345,SITE-A,England,Tertiary,Exported,,2024-12-14
Plastic,REC-0760-Q2 2024-SITE-A-PL01,2024-Q2,ORG-12345,SITE-A,England,Secondary,Exported,,2024-02-09
Steel,REC-0761-2024-Q1-SITE-E-ST01,2024-Q1,ORG-12345,SITE-E,England,Tertiary,Supplied as goods,,2024-03-13
Wood,REC-0762-2024-Q3-SITE-D-WD01,2024-Q3,ORG-12345,SITE-D,Northern Ireland,Shipment,Exported,,2024-12-27
Fibre-based composite,REC-0763-Q2 2024-SITE-C-FB01,2024-Q2,ORG-12345,SITE-C,Wales,Secondary,Supplied as goods,,2024-11-13
Glass,REC-0764-Q2 2024-SITE-D-GL01,2024-Q2,ORG-12345,SITE-D,Northern Ireland,Secondary,Supplied as goods,,2024-07-22
Other,REC-0765-2024-Q1-SITE-B-OT01,2024-Q1,ORG-12345,SITE-B,Scotland,Primary,Imported,,2024-11-23
Fibre-based composite,REC-0766-2024-Q1-SITE-A-FB01,2024-Q1,ORG-12345,SITE-A,England,Tertiary,Supplied as goods,,2024-04-15
Plastic,REC-0767-Q4 2024-SITE-D-PL02,,ORG-12345,SITE-D,Northern Ireland,Tertiary,Exported,,2024-03-19
Aluminium,REC-0768-Q2 2024-SITE-D-AL01,2024-Q2,ORG-12345,SITE-D,Northern Ireland,Primary,Exported,,2024-11-22
Plastic,REC-0769-2024-Q3-SITE-C-PL01,2024-Q3,ORG-12345,SITE-C,Wales,Shipment,Supplied as goods,,2024-01-17
Other,REC-0770-2024-Q3-SITE-E-OT01,2024-Q3,ORG-12345,SITE-E,England,Primary,Supplied as goods,,2024-09-30
Aluminium,REC-0771-Q2 2024-SITE-A-AL01,2024-Q2,ORG-12345,SITE-A,England,Secondary,Exported,,2024-03-31
Wood,REC-0772-2024-Q3-SITE-A-WD01,2024-Q3,ORG-12345,SITE-A,England,Secondary,Supplied as goods,,2024-05-01
Fibre-based composite,REC-0773-2024-Q1-SITE-A-FB01,2024-Q1,ORG-12345,SITE-A,England,Secondary,Imported,,2024-02-10
Other,REC-0774-2024-Q1-SITE-E-OT01,2024-Q1,ORG-12345,SITE-E,England,Primary,Supplied as goods,,2024-05-14
Wood,REC-0775-Q2 2024-SITE-C-WD01,2024-Q2,ORG-12345,SITE-C,Wales,Shipment,Exported,,2024-06-29
Aluminium,REC-0776-Q2 2024-SITE-D-AL01,2024-Q2,ORG-12345,SITE-D,Northern Ireland,Primary,Supplied as goods,,2024-09-12
Wood,REC-0777-Q4 2024-SITE-B-WD01,,ORG-12345,SITE-B,Scotland,Primary,Imported,,2024-03-24
Wood,REC-0778-2024-Q3-SITE-B-WD01,2024-Q3,ORG-12345,SITE-B,Scotland,Tertiary,Supplied as goods,,2024-01-31
Plastic,REC-0779-Q4 2024-SITE-D-PL01,,ORG-12345,SITE-D,Northern Ireland,Secondary,Supplied as goods,,2024-07-08
Aluminium,REC-0780-Q2 2024-SITE-E-AL01,2024-Q2,ORG-12345,SITE-E,England,Secondary,Exported,,2024-08-12
Other,REC-0781-2024-Q1-SITE-C-OT01,2024-Q1,ORG-12345,SITE-C,Wales,Secondary,Supplied as goods,,2024-08-21
Aluminium,REC-0782-Q2 2024-SITE-E-AL01,2024-Q2,ORG-12345,SITE-E,England,Primary,Imported,,2024-01-17
Fibre-based composite,REC-0783-Q4 2024-SITE-D-FB01,,ORG-12345,SITE-D,Northern Ireland,Primary,Supplied as goods,,2025-01-05
Plastic,REC-0784-Q2 2024-SITE-D-PL02,2024-Q2,ORG-12345,SITE-D,Northern Ireland,Secondary,Imported,,2024-07-16
Steel,REC-0785-2024-Q3-SITE-D-ST01,2024-Q3,ORG-12345,SITE-D,Northern Ireland,Primary,Exported,,2025-01-09
Wood,REC-0786-Q4 2024-SITE-D-WD01,,ORG-12345,SITE-D,Northern Ireland,Tertiary,Exported,,2025-01-09
Fibre-based composite,REC-0787-Q4 2024-SITE-A-FB01,,ORG-12345,SITE-A,England,Primary,Imported,,2024-07-03
Other,REC-0788-Q2 2024-SITE-E-OT01,2024-Q2,ORG-12345,SITE-E,England,Primary,Imported,,2024-02-25
Paper/card,REC-0789-2024-Q1-SITE-A-PC01,2024-Q1,ORG-12345,SITE-A,England,Tertiary,Supplied as goods,,2024-07-20
Wood,REC-0790-2024-Q1-SITE-E-WD01,2024-Q1,ORG-12345,SITE-E,England,Shipment,Supplied as goods,,2024-04-28
Glass,REC-0791-Q2 2024-SITE-E-GL01,2024-Q2,ORG-12345,SITE-E,England,Secondary,Supplied as goods,,2024-05-09
Paper/card,REC-0792-2024-Q1-SITE-C-PC01,2024-Q1,ORG-12345,SITE-C,Wales,Secondary,Imported,,2024-07-23
Paper/card,REC-0793-2024-Q3-SITE-D-PC01,2024-Q3,ORG-12345,SITE-D,Northern Ireland,Secondary,Imported,,2024-11-27
Paper/card,REC-0794-Q4 2024-SITE-B-PC01,,ORG-12345,SITE-B,Scotland,Tertiary,Exported,,2024-02-25
Fibre-based composite,REC-0795-Q2 2024-SITE-A-FB01,2024-Q2,ORG-12345,SITE-A,England,Primary,Imported,,2024-03-12
Glass,REC-0796-Q4 2024-SITE-C-GL01,,ORG-12345,SITE-C,Wales,Secondary,Supplied as goods,,2024-10-18
Glass,REC-0797-Q2 2024-SITE-C-GL01,2024-Q2,ORG-12345,SITE-C,Wales,Secondary,Imported,,2024-01-26
Aluminium,REC-0798-2024-Q3-SITE-E-AL01,2024-Q3,ORG-12345,SITE-E,England,Tertiary,Exported,,2024-12-10
Paper/card,REC-0799-2024-Q3-SITE-D-PC01,2024-Q3,ORG-12345,SITE-D,Northern Ireland,Secondary,Exported,,2024-03-22
Steel,REC-0800-2024-Q1-SITE-C-ST01,2024-Q1,ORG-12345,SITE-C,Wales,Primary,Imported,,2024-07-13
Steel,REC-0801-2024Q2-SITE-E-ST01,2024-Q2,ORG-12345,SITE-E,England,Secondary,Supplied as goods,,2024-04-13
Glass,REC-0802-Q2 2024-SITE-E-GL01,2024-Q2,ORG-12345,SITE-E,England,Primary,Supplied as goods,,2024-05-27
Paper/card,REC-0803-2024-Q3-SITE-C-PC01,2024-Q3,ORG-12345,SITE-C,Wales,Primary,Supplied as goods,,2024-07-23
Wood,REC-0804-Q4 2024-SITE-A-WD01,,ORG-12345,SITE-A,England,Shipment,Supplied as goods,,2024-03-29
Wood,REC-0805-Q4 2024-SITE-C-WD01,,ORG-12345,SITE-C,Wales,Secondary,Supplied as goods,,2024-11-03
Glass,REC-0806-2024-Q1-SITE-C-GL01,2024-Q1,ORG-12345,SITE-C,Wales,Tertiary,Exported,,2024-09-16
Plastic,REC-0807-Q4 2024-SITE-A-PL01,,ORG-12345,SITE-A,England,Primary,Exported,,2024-03-15
Wood,REC-0808-Q2 2024-SITE-E-WD01,2024-Q2,ORG-12345,SITE-E,England,Secondary,Supplied as goods,,2024-04-24
Plastic,REC-0809-Q4 2024-SITE-E-PL01,,ORG-12345,SITE-E,England,Primary,Exported,,2024-09-22
Paper/card,REC-0810-Q4 2024-SITE-C-PC01,,ORG-12345,SITE-C,Wales,Shipment,Exported,,2024-08-20
Paper/card,REC-0811-2024-Q3-SITE-C-PC01,2024-Q3,ORG-12345,SITE-C,Wales,Secondary,Imported,,2024-10-28
Plastic,REC-0812-2024-Q3-SITE-D-PL02,2024-Q3,ORG-12345,SITE-D,Northern Ireland,Primary,Exported,,2024-08-19
Fibre-based composite,REC-0813-2024-Q3-SITE-B-FB01,2024-Q3,ORG-12345,SITE-B,Scotland,Primary,Exported,,2024-10-09
Paper/card,REC-0814-Q4 2024-SITE-A-PC01,,ORG-12345,SITE-A,England,Primary,Exported,,2024-06-02
,REC-0815-Q2 2024-SITE-B-UNKNOWN,2024-Q2,ORG-12345,SITE-B,Scotland,Primary,Exported,,2024-06-11
Other,REC-0816-2024-Q3-SITE-E-OT01,2024-Q3,ORG-12345,SITE-E,England,Secondary,Supplied as goods,,2024-10-27
Wood,REC-0817-2024-Q3-SITE-Z-WD01,2024-Q3,ORG-12345,SITE-Z,,Primary,Supplied as goods,,2024-12-05
Wood,REC-0818-Q2 2024-SITE-D-WD01,2024-Q2,ORG-12345,SITE-D,Northern Ireland,Primary,Exported,,2025-01-01
Aluminium,REC-0819-2024-Q3-SITE-A-AL01,2024-Q3,ORG-12345,SITE-A,England,Primary,Supplied as goods,,2024-09-17
Fibre-based composite,REC-0820-2024-Q3-SITE-A-FB01,2024-Q3,ORG-12345,SITE-A,England,Tertiary,Imported,,2024-11-04
Plastic,REC-0821-2024-Q3-SITE-B-PL01,2024-Q3,ORG-12345,SITE-B,Scotland,Tertiary,Imported,,2025-01-03
Glass,REC-0822-2024-Q3-SITE-D-GL01,2024-Q3,ORG-12345,SITE-D,Northern Ireland,Secondary,Supplied as goods,,2024-06-11
Steel,REC-0823-2024-Q1-SITE-B-ST01,2024-Q1,ORG-12345,SITE-B,Scotland,Shipment,Exported,,2024-04-09
Other,REC-0824-2024-Q3-SITE-C-OT01,2024-Q3,ORG-12345,SITE-C,Wales,Secondary,Imported,,2024-10-14
Paper/card,REC-0825-Q4 2024-SITE-C-PC01,,ORG-12345,SITE-C,Wales,Tertiary,Supplied as goods,,2024-07-07
Glass,REC-0826-2024-Q1-SITE-B-GL01,2024-Q1,ORG-12345,SITE-B,Scotland,Primary,Supplied as goods,,2024-09-06
Plastic,REC-0827-2024-Q3-SITE-C-PL02,2024-Q3,ORG-12345,SITE-C,Wales,Primary,Supplied as goods,,2024-07-18
Glass,REC-0828-2024-Q3-SITE-B-GL01,2024-Q3,ORG-12345,SITE-B,Scotland,Tertiary,Imported,,2024-03-15
Aluminium,REC-0829-Q2 2024-SITE-C-AL01,2024-Q2,ORG-12345,SITE-C,Wales,Primary,Exported,,2024-03-21
Plastic,REC-0830-2024-Q1-SITE-A-PL02,2024-Q1,ORG-12345,SITE-A,England,Secondary,Exported,,2024-08-22
Plastic,REC-0831-2024-Q1-SITE-D-PL01,2024-Q1,ORG-12345,SITE-D,Northern Ireland,Primary,Supplied as goods,,2024-02-06
Plastic,REC-0832-Q2 2024-SITE-A-PL02,2024-Q2,ORG-12345,SITE-A,England,Secondary,Exported,,2024-04-26
Glass,REC-0833-2024-Q3-SITE-C-GL01,2024-Q3,ORG-12345,SITE-C,Wales,Tertiary,Imported,,2024-04-06
Other,REC-0834-2024-Q1-SITE-A-OT01,2024-Q1,ORG-12345,SITE-A,England,Tertiary,Exported,,2024-05-05
Aluminium,REC-0835-Q2 2024-SITE-A-AL01,2024-Q2,ORG-12345,SITE-A,England,Secondary,Supplied as goods,,2024-09-14
Paper/card,REC-0836-2024-Q3-SITE-B-PC01,2024-Q3,ORG-12345,SITE-B,Scotland,Tertiary,Exported,,2024-08-19
Aluminium,REC-0837-Q4 2024-SITE-A-AL01,,ORG-12345,SITE-A,England,Shipment,Supplied as goods,,2024-10-07
Glass,REC-0838-2024-Q3-SITE-A-GL01,2024-Q3,ORG-12345,SITE-A,England,Secondary,Imported,,2024-03-14
Fibre-based composite,REC-0839-Q2 2024-SITE-D-FB01,2024-Q2,ORG-12345,SITE-D,Northern Ireland,Secondary,Imported,,2024-08-10
Steel,REC-0840-2024-Q3-SITE-D-ST01,2024-Q3,ORG-12345,SITE-D,Northern Ireland,Tertiary,Imported,,2024-01-21
Wood,REC-0841-Q2 2024-SITE-A-WD01,2024-Q2,ORG-12345,SITE-A,England,Tertiary,Supplied as goods,,2024-08-07
Plastic,REC-0842-Q2 2024-SITE-C-PL02,2024-Q2,ORG-12345,SITE-C,Wales,Tertiary,Supplied as goods,,2024-08-08
Plastic,REC-0843-2024-Q3-SITE-E-PL02,2024-Q3,ORG-12345,SITE-E,England,Primary,Imported,,2024-08-06
Paper/card,REC-0844-2024-Q3-SITE-D-PC01,2024-Q3,ORG-12345,SITE-D,Northern Ireland,Secondary,Exported,,2024-09-03
Plastic,REC-0845-2024-Q1-SITE-B-PL02,2024-Q1,ORG-12345,SITE-B,Scotland,Primary,Imported,,2024-02-11
Plastic,REC-0846-2024-Q3-SITE-D-PL02,2024-Q3,ORG-12345,SITE-D,Northern Ireland,Secondary,Exported,,2024-06-18
Plastic,REC-0847-Q2 2024-SITE-D-PL02,2024-Q2,ORG-12345,SITE-D,Northern Ireland,Tertiary,Supplied as goods,,2024-12-18
Wood,REC-0848-2024-Q1-SITE-E-WD01,2024-Q1,ORG-12345,SITE-E,England,Secondary,Exported,,2024-08-22
Plastic,REC-0849-Q4 2024-SITE-D-PL02,,ORG-12345,SITE-D,Northern Ireland,Secondary,Imported,,2024-01-31
Glass,REC-0850-Q4 2024-SITE-B-GL01,,ORG-12345,SITE-B,Scotland,Shipment,Exported,,2024-03-23
Steel,REC-0851-Q4 2024-SITE-E-ST01,,ORG-12345,SITE-E,England,Tertiary,Imported,,2024-10-24
Other,REC-0852-2024-Q1-SITE-E-OT01,2024-Q1,ORG-12345,SITE-E,England,Shipment,Imported,,2024-05-28
Wood,REC-0853-2024-Q3-SITE-C-WD01,2024-Q3,ORG-12345,SITE-C,Wales,Shipment,Imported,,2024-01-29
Plastic,REC-0854-Q4 2024-SITE-C-PL01,,ORG-12345,SITE-C,Wales,Primary,Imported,,2024-08-21
Paper/card,REC-0855-Q2 2024-SITE-B-PC01,2024-Q2,ORG-12345,SITE-B,Scotland,Secondary,Imported,,2024-06-22
Plastic,REC-0856-Q2 2024-SITE-C-PL02,2024-Q2,ORG-12345,SITE-C,Wales,Tertiary,Supplied as goods,,2024-10-16
Paper/card,REC-0857-Q4 2024-SITE-E-PC01,,ORG-12345,SITE-E,England,Primary,Imported,,2024-01-25
Wood,REC-0858-Q4 2024-SITE-E-WD01,,ORG-12345,SITE-E,England,Shipment,Supplied as goods,,2024-11-03
Plastic,REC-0859-Q4 2024-SITE-C-PL02,,ORG-12345,SITE-C,Wales,Tertiary,Imported,,2024-12-21
Paper/card,REC-0860-Q4 2024-SITE-B-PC01,,ORG-12345,SITE-B,Scotland,Primary,Exported,,2024-02-22
Other,REC-0861-Q4 2024-SITE-E-OT01,,ORG-12345,SITE-E,England,Primary,Imported,,2024-11-29
Plastic,REC-0862-2024-Q1-SITE-C-PL02,2024-Q1,ORG-12345,SITE-C,Wales,Tertiary,Exported,,2024-10-12
Wood,REC-0863-2024-Q3-SITE-C-WD01,2024-Q3,ORG-12345,SITE-C,Wales,Secondary,Supplied as goods,,2024-12-19
Other,REC-0864-Q4 2024-SITE-E-OT01,,ORG-12345,SITE-E,England,Secondary,Supplied as goods,,2024-10-21
Glass,REC-0865-Q4 2024-SITE-E-GL01,,ORG-12345,SITE-E,England,Primary,Exported,,2024-12-18
Wood,REC-0866-2024-Q1-SITE-E-WD01,2024-Q1,ORG-12345,SITE-E,England,Secondary,Exported,,2024-04-26
Paper/card,REC-0867-Q4 2024-SITE-D-PC01,,ORG-12345,SITE-D,Northern Ireland,Secondary,Supplied as goods,,2024-02-16
Aluminium,REC-0868-2024-Q3-SITE-B-AL01,2024-Q3,ORG-12345,SITE-B,Scotland,Tertiary,Imported,,2024-11-17
Aluminium,REC-0869-Q2 2024-SITE-A-AL01,2024-Q2,ORG-12345,SITE-A,England,Secondary,Supplied as goods,,2024-09-08
Wood,REC-0870-Q2 2024-SITE-B-WD01,2024-Q2,ORG-12345,SITE-B,Scotland,Shipment,Imported,,2024-03-24
Plastic,REC-0871-Q4 2024-SITE-A-PL01,,ORG-12345,SITE-A,England,Secondary,Imported,,2024-02-12
Plastic,REC-0872-2024-Q3-SITE-D-PL02,2024-Q3,ORG-12345,SITE-D,Northern Ireland,Secondary,Exported,,2024-12-16
Plastic,REC-0873-2024-Q1-SITE-A-PL02,2024-Q1,ORG-12345,SITE-A,England,Secondary,Exported,,2024-12-20
Other,REC-0874-2024-Q1-SITE-E-OT01,2024-Q1,ORG-12345,SITE-E,England,Secondary,Imported,,2024-07-01
Fibre-based composite,REC-0875-Q2 2024-SITE-B-FB01,2024-Q2,ORG-12345,SITE-B,Scotland,Tertiary,Exported,,2024-04-13
Aluminium,REC-0876-2024-Q3-SITE-D-AL01,2024-Q3,ORG-12345,SITE-D,Northern Ireland,Secondary,Imported,,2024-03-12
Paper/card,REC-0877-Q2 2024-SITE-C-PC01,2024-Q2,ORG-12345,SITE-C,Wales,Shipment,Imported,,2024-09-14
Paper/card,REC-0878-Q2 2024-SITE-A-PC01,2024-Q2,ORG-12345,SITE-A,England,Tertiary,Imported,,2024-10-23
Fibre-based composite,REC-0879-Q2 2024-SITE-A-FB01,2024-Q2,ORG-12345,SITE-A,England,Secondary,Exported,,2024-07-31
Plastic,REC-0880-Q2 2024-SITE-C-PL01,2024-Q2,ORG-12345,SITE-C,Wales,Secondary,Imported,,2024-08-26
Paper/card,REC-0881-2024-Q1-SITE-C-PC01,2024-Q1,ORG-12345,SITE-C,Wales,Tertiary,Exported,,2024-09-12
Fibre-based composite,REC-0882-2024-Q3-SITE-B-FB01,2024-Q3,ORG-12345,SITE-B,Scotland,Tertiary,Imported,,2024-02-17
Paper/card,REC-0883-2024-Q1-SITE-D-PC01,2024-Q1,ORG-12345,SITE-D,Northern Ireland,Secondary,Exported,,2024-12-08
Glass,REC-0884-Q4 2024-SITE-A-GL01,,ORG-12345,SITE-A,England,Tertiary,Imported,,2024-12-01
Steel,REC-0885-Q2 2024-SITE-B-ST01,2024-Q2,ORG-12345,SITE-B,Scotland,Secondary,Exported,,2024-12-31
Fibre-based composite,REC-0886-Q2 2024-SITE-C-FB01,2024-Q2,ORG-12345,SITE-C,Wales,Tertiary,Imported,,2024-11-13
Paper/card,REC-0887-Q2 2024-SITE-C-PC01,2024-Q2,ORG-12345,SITE-C,Wales,Tertiary,Imported,,2024-07-26
Aluminium,REC-0888-Q4 2024-SITE-A-AL01,,ORG-12345,SITE-A,England,Primary,Supplied as goods,,2024-05-28
Glass,REC-0889-2024-Q1-SITE-B-GL01,2024-Q1,ORG-12345,SITE-B,Scotland,Primary,Imported,,2024-04-11
Plastic,REC-0890-2024-Q1-SITE-D-PL02,2024-Q1,ORG-12345,SITE-D,Northern Ireland,Primary,Exported,,2024-04-28
Aluminium,REC-0891-Q2 2024-SITE-D-AL01,2024-Q2,ORG-12345,SITE-D,Northern Ireland,Tertiary,Imported,,2024-04-29
Aluminium,REC-0892-Q2 2024-SITE-D-AL01,2024-Q2,ORG-12345,SITE-D,Northern Ireland,Tertiary,Imported,,2024-03-29
Plastic,REC-0893-2024-Q3-SITE-B-PL01,2024-Q3,ORG-12345,SITE-B,Scotland,Secondary,Imported,,2024-12-30
Wood,REC-0894-Q2 2024-SITE-D-WD01,2024-Q2,ORG-12345,SITE-D,Northern Ireland,Primary,Supplied as goods,,2024-07-29
Fibre-based composite,REC-0895-2024-Q1-SITE-E-FB01,2024-Q1,ORG-12345,SITE-E,England,Tertiary,Exported,,2024-07-03
Aluminium,REC-0896-2024-Q3-SITE-A-AL01,2024-Q3,ORG-12345,SITE-A,England,Secondary,Imported,,2024-11-27
Fibre-based composite,REC-0897-2024-Q1-SITE-E-FB01,2024-Q1,ORG-12345,SITE-E,England,Secondary,Imported,,2024-04-15
Steel,REC-0898-Q2 2024-SITE-D-ST01,2024-Q2,ORG-12345,SITE-D,Northern Ireland,Primary,Exported,,2024-06-25
Other,REC-0899-Q2 2024-SITE-A-OT01,2024-Q2,ORG-12345,SITE-A,England,Secondary,Supplied as goods,,2024-06-06
Paper/card,REC-0900-2024-Q3-SITE-E-PC01,2024-Q3,ORG-12345,SITE-E,England,Secondary,Imported,,2024-06-23
Fibre-based composite,REC-0901-2024Q2-SITE-B-FB01,2024-Q2,ORG-12345,SITE-B,Scotland,Primary,Imported,,2024-04-20
Glass,REC-0902-Q2 2024-SITE-C-GL01,2024-Q2,ORG-12345,SITE-C,Wales,Primary,Supplied as goods,,2024-09-10
Fibre-based composite,REC-0903-Q4 2024-SITE-E-FB01,,ORG-12345,SITE-E,England,Primary,Imported,,2024-09-23
Plastic,REC-0904-2024-Q1-SITE-C-PL02,2024-Q1,ORG-12345,SITE-C,Wales,Tertiary,Exported,,2024-06-08
Glass,REC-0905-Q2 2024-SITE-E-GL01,2024-Q2,ORG-12345,SITE-E,England,Tertiary,Supplied as goods,,2024-01-17
Other,REC-0906-Q4 2024-SITE-B-OT01,,ORG-12345,SITE-B,Scotland,Tertiary,Exported,,2024-03-03
Paper/card,REC-0907-2024-Q3-SITE-D-PC01,2024-Q3,ORG-12345,SITE-D,Northern Ireland,Primary,Imported,,2024-03-15
Paper/card,REC-0908-2024-Q3-SITE-D-PC01,2024-Q3,ORG-12345,SITE-D,Northern Ireland,Primary,Supplied as goods,,2024-12-16
Plastic,REC-0909-Q2 2024-SITE-C-PL01,2024-Q2,ORG-12345,SITE-C,Wales,Secondary,Supplied as goods,,2024-02-08
Steel,REC-0910-Q4 2024-SITE-A-ST01,,ORG-12345,SITE-A,England,Secondary,Supplied as goods,,2024-04-15
Aluminium,REC-0911-Q4 2024-SITE-B-AL01,,ORG-12345,SITE-B,Scotland,Tertiary,Imported,,2024-06-08
Glass,REC-0912-Q2 2024-SITE-C-GL01,2024-Q2,ORG-12345,SITE-C,Wales,Primary,Imported,,2024-12-20
Plastic,REC-0913-Q4 2024-SITE-D-PL02,,ORG-12345,SITE-D,Northern Ireland,Tertiary,Imported,,2024-05-31
Fibre-based composite,REC-0914-Q4 2024-SITE-D-FB01,,ORG-12345,SITE-D,Northern Ireland,Primary,Imported,,2024-02-04
,REC-0915-2024-Q1-SITE-D-UNKNOWN,2024-Q1,ORG-12345,SITE-D,Northern Ireland,Secondary,Imported,,2024-09-10
Fibre-based composite,REC-0916-Q2 2024-SITE-C-FB01,2024-Q2,ORG-12345,SITE-C,Wales,Primary,Imported,,2024-08-20
Steel,REC-0917-2024-Q1-SITE-Z-ST01,2024-Q1,ORG-12345,SITE-Z,,Shipment,Supplied as goods,,2024-08-19
Fibre-based composite,REC-0918-2024-Q3-SITE-C-FB01,2024-Q3,ORG-12345,SITE-C,Wales,Primary,Imported,,2024-02-25
Other,REC-0919-Q2 2024-SITE-B-OT01,2024-Q2,ORG-12345,SITE-B,Scotland,Primary,Supplied as goods,,2024-02-07
Plastic,REC-0920-2024-Q3-SITE-D-PL02,2024-Q3,ORG-12345,SITE-D,Northern Ireland,Secondary,Exported,,2024-04-19
Aluminium,REC-0921-Q4 2024-SITE-A-AL01,,ORG-12345,SITE-A,England,Primary,Supplied as goods,,2024-01-24
Plastic,REC-0922-Q4 2024-SITE-D-PL01,,ORG-12345,SITE-D,Northern Ireland,Secondary,Supplied as goods,,2024-11-18
Wood,REC-0923-2024-Q3-SITE-D-WD01,2024-Q3,ORG-12345,SITE-D,Northern Ireland,Secondary,Exported,,2024-03-19
Glass,REC-0924-2024-Q1-SITE-B-GL01,2024-Q1,ORG-12345,SITE-B,Scotland,Primary,Supplied as goods,,2024-09-17
Glass,REC-0925-2024-Q3-SITE-A-GL01,2024-Q3,ORG-12345,SITE-A,England,Tertiary,Supplied as goods,,2024-03-30
Wood,REC-0926-Q4 2024-SITE-D-WD01,,ORG-12345,SITE-D,Northern Ireland,Secondary,Supplied as goods,,2024-01-25
Wood,REC-0927-2024-Q3-SITE-A-WD01,2024-Q3,ORG-12345,SITE-A,England,Shipment,Supplied as goods,,2024-03-07
Fibre-based composite,REC-0928-Q4 2024-SITE-A-FB01,,ORG-12345,SITE-A,England,Secondary,Imported,,2024-09-19
Other,REC-0929-2024-Q1-SITE-B-OT01,2024-Q1,ORG-12345,SITE-B,Scotland,Shipment,Exported,,2024-01-24
Fibre-based composite,REC-0930-Q4 2024-SITE-D-FB01,,ORG-12345,SITE-D,Northern Ireland,Shipment,Imported,,2024-09-24
Paper/card,REC-0931-Q2 2024-SITE-C-PC01,2024-Q2,ORG-12345,SITE-C,Wales,Secondary,Exported,,2024-07-09
Wood,REC-0932-Q4 2024-SITE-E-WD01,,ORG-12345,SITE-E,England,Primary,Exported,,2024-06-13
Fibre-based composite,REC-0933-Q2 2024-SITE-D-FB01,2024-Q2,ORG-12345,SITE-D,Northern Ireland,Secondary,Exported,,2024-04-30
Steel,REC-0934-Q2 2024-SITE-B-ST01,2024-Q2,ORG-12345,SITE-B,Scotland,Tertiary,Exported,,2024-04-04
Wood,REC-0935-Q2 2024-SITE-C-WD01,2024-Q2,ORG-12345,SITE-C,Wales,Primary,Imported,,2024-10-26
Plastic,REC-0936-Q2 2024-SITE-B-PL01,2024-Q2,ORG-12345,SITE-B,Scotland,Primary,Imported,,2024-01-31
Plastic,REC-0937-Q2 2024-SITE-A-PL02,2024-Q2,ORG-12345,SITE-A,England,Secondary,Imported,,2024-05-26
Paper/card,REC-0938-2024-Q1-SITE-B-PC01,2024-Q1,ORG-12345,SITE-B,Scotland,Tertiary,Imported,,2024-02-09
Wood,REC-0939-2024-Q1-SITE-A-WD01,2024-Q1,ORG-12345,SITE-A,England,Tertiary,Imported,,2024-02-05
Other,REC-0940-Q2 2024-SITE-C-OT01,2024-Q2,ORG-12345,SITE-C,Wales,Primary,Supplied as goods,,2024-06-12
Wood,REC-0941-2024-Q3-SITE-B-WD01,2024-Q3,ORG-12345,SITE-B,Scotland,Tertiary,Exported,,2024-03-25
Plastic,REC-0942-Q2 2024-SITE-A-PL02,2024-Q2,ORG-12345,SITE-A,England,Tertiary,Supplied as goods,,2024-07-07
Steel,REC-0943-2024-Q3-SITE-D-ST01,2024-Q3,ORG-12345,SITE-D,Northern Ireland,Shipment,Supplied as goods,,2024-12-20
Aluminium,REC-0944-Q4 2024-SITE-B-AL01,,ORG-12345,SITE-B,Scotland,Primary,Exported,,2024-08-11
Wood,REC-0945-Q4 2024-SITE-A-WD01,,ORG-12345,SITE-A,England,Tertiary,Exported,,2024-01-20
Other,REC-0946-Q4 2024-SITE-B-OT01,,ORG-12345,SITE-B,Scotland,Primary,Supplied as goods,,2024-08-03
Plastic,REC-0947-2024-Q3-SITE-E-PL01,2024-Q3,ORG-12345,SITE-E,England,Tertiary,Exported,,2024-08-07
Other,REC-0948-2024-Q1-SITE-C-OT01,2024-Q1,ORG-12345,SITE-C,Wales,Tertiary,Imported,,2024-10-11
Glass,REC-0949-Q4 2024-SITE-E-GL01,,ORG-12345,SITE-E,England,Tertiary,Imported,,2024-07-09
Fibre-based composite,REC-0950-2024-Q3-SITE-A-FB01,2024-Q3,ORG-12345,SITE-A,England,Tertiary,Supplied as goods,,2024-03-19
Other,REC-0951-2024-Q3-SITE-E-OT01,2024-Q3,ORG-12345,SITE-E,England,Shipment,Imported,,2024-04-05
Plastic,REC-0952-Q4 2024-SITE-C-PL01,,ORG-12345,SITE-C,Wales,Primary,Exported,,2024-03-11
Plastic,REC-0953-2024-Q1-SITE-A-PL01,2024-Q1,ORG-12345,SITE-A,England,Tertiary,Imported,,2024-03-18
Wood,REC-0954-Q2 2024-SITE-C-WD01,2024-Q2,ORG-12345,SITE-C,Wales,Secondary,Exported,,2024-11-07
Other,REC-0955-Q2 2024-SITE-C-OT01,2024-Q2,ORG-12345,SITE-C,Wales,Tertiary,Exported,,2024-07-26
Other,REC-0956-Q4 2024-SITE-C-OT01,,ORG-12345,SITE-C,Wales,Tertiary,Supplied as goods,,2024-03-30
Fibre-based composite,REC-0957-Q2 2024-SITE-D-FB01,2024-Q2,ORG-12345,SITE-D,Northern Ireland,Tertiary,Imported,,2024-05-03
Wood,REC-0958-Q4 2024-SITE-E-WD01,,ORG-12345,SITE-E,England,Primary,Imported,,2024-11-09
Wood,REC-0959-Q2 2024-SITE-D-WD01,2024-Q2,ORG-12345,SITE-D,Northern Ireland,Tertiary,Imported,,2024-09-29
Glass,REC-0960-Q4 2024-SITE-B-GL01,,ORG-12345,SITE-B,Scotland,Secondary,Exported,,2024-01-31
Glass,REC-0961-Q4 2024-SITE-E-GL01,,ORG-12345,SITE-E,England,Shipment,Imported,,2024-03-16
Paper/card,REC-0962-2024-Q3-SITE-A-PC01,2024-Q3,ORG-12345,SITE-A,England,Shipment,Imported,,2024-07-24
Steel,REC-0963-Q4 2024-SITE-B-ST01,,ORG-12345,SITE-B,Scotland,Secondary,Imported,,2024-06-19
Steel,REC-0964-2024-Q1-SITE-A-ST01,2024-Q1,ORG-12345,SITE-A,England,Primary,Supplied as goods,,2024-07-11
Plastic,REC-0965-Q4 2024-SITE-E-PL02,,ORG-12345,SITE-E,England,Tertiary,Supplied as goods,,2024-07-26
Wood,REC-0966-Q4 2024-SITE-B-WD01,,ORG-12345,SITE-B,Scotland,Tertiary,Exported,,2024-12-21
Wood,REC-0967-Q2 2024-SITE-D-WD01,2024-Q2,ORG-12345,SITE-D,Northern Ireland,Primary,Exported,,2024-07-06
Other,REC-0968-Q2 2024-SITE-A-OT01,2024-Q2,ORG-12345,SITE-A,England,Primary,Exported,,2024-01-27
Steel,REC-0969-2024-Q1-SITE-B-ST01,2024-Q1,ORG-12345,SITE-B,Scotland,Shipment,Exported,,2024-10-08
Aluminium,REC-0970-Q2 2024-SITE-A-AL01,2024-Q2,ORG-12345,SITE-A,England,Tertiary,Imported,,2024-06-03
Aluminium,REC-0971-2024-Q3-SITE-A-AL01,2024-Q3,ORG-12345,SITE-A,England,Primary,Exported,,2024-11-11
Plastic,REC-0972-2024-Q1-SITE-D-PL01,2024-Q1,ORG-12345,SITE-D,Northern Ireland,Secondary,Supplied as goods,,2024-06-25
Fibre-based composite,REC-0973-Q2 2024-SITE-E-FB01,2024-Q2,ORG-12345,SITE-E,England,Secondary,Supplied as goods,,2024-03-28
Glass,REC-0974-2024-Q1-SITE-B-GL01,2024-Q1,ORG-12345,SITE-B,Scotland,Secondary,Supplied as goods,,2024-06-29
Glass,REC-0975-2024-Q3-SITE-A-GL01,2024-Q3,ORG-12345,SITE-A,England,Primary,Exported,,2024-08-13
Paper/card,REC-0976-Q2 2024-SITE-A-PC01,2024-Q2,ORG-12345,SITE-A,England,Secondary,Imported,,2024-11-15
Aluminium,REC-0977-2024-Q3-SITE-A-AL01,2024-Q3,ORG-12345,SITE-A,England,Secondary,Exported,,2024-06-25
Wood,REC-0978-Q2 2024-SITE-D-WD01,2024-Q2,ORG-12345,SITE-D,Northern Ireland,Shipment,Imported,,2024-05-31
Other,REC-0979-Q4 2024-SITE-C-OT01,,ORG-12345,SITE-C,Wales,Shipment,Exported,,2024-02-26
Other,REC-0980-Q4 2024-SITE-B-OT01,,ORG-12345,SITE-B,Scotland,Primary,Supplied as goods,,2024-09-02
Plastic,REC-0981-2024-Q1-SITE-B-PL01,2024-Q1,ORG-12345,SITE-B,Scotland,Primary,Imported,,2024-09-17
Steel,REC-0982-Q2 2024-SITE-C-ST01,2024-Q2,ORG-12345,SITE-C,Wales,Shipment,Imported,,2024-10-02
Steel,REC-0983-2024-Q1-SITE-C-ST01,2024-Q1,ORG-12345,SITE-C,Wales,Primary,Supplied as goods,,2025-01-06
Plastic,REC-0984-Q2 2024-SITE-D-PL02,2024-Q2,ORG-12345,SITE-D,Northern Ireland,Tertiary,Supplied as goods,,2024-09-29
Paper/card,REC-0985-Q2 2024-SITE-C-PC01,2024-Q2,ORG-12345,SITE-C,Wales,Tertiary,Imported,,2024-06-27
Paper/card,REC-0986-Q2 2024-SITE-A-PC01,2024-Q2,ORG-12345,SITE-A,England,Primary,Imported,,2024-01-16
Wood,REC-0987-Q4 2024-SITE-E-WD01,,ORG-12345,SITE-E,England,Primary,Supplied as goods,,2024-10-16
Plastic,REC-0988-2024-Q1-SITE-D-PL02,2024-Q1,ORG-12345,SITE-D,Northern Ireland,Tertiary,Exported,,2024-07-25
Paper/card,REC-0989-Q4 2024-SITE-A-PC01,,ORG-12345,SITE-A,England,Secondary,Supplied as goods,,2024-04-22
Wood,REC-0990-Q2 2024-SITE-C-WD01,2024-Q2,ORG-12345,SITE-C,Wales,Primary,Supplied as goods,,2024-11-24
Steel,REC-0991-2024-Q1-SITE-C-ST01,2024-Q1,ORG-12345,SITE-C,Wales,Tertiary,Exported,,2024-09-23
Aluminium,REC-0992-2024-Q3-SITE-A-AL01,2024-Q3,ORG-12345,SITE-A,England,Primary,Supplied as goods,,2024-09-27
Wood,REC-0993-Q2 2024-SITE-A-WD01,2024-Q2,ORG-12345,SITE-A,England,Primary,Exported,,2024-02-17
Glass,REC-0994-2024-Q1-SITE-B-GL01,2024-Q1,ORG-12345,SITE-B,Scotland,Secondary,Exported,,2024-12-27
Other,REC-0995-Q4 2024-SITE-A-OT01,,ORG-12345,SITE-A,England,Shipment,Imported,,2024-12-24
Plastic,REC-0996-2024-Q1-SITE-C-PL01,2024-Q1,ORG-12345,SITE-C,Wales,Tertiary,Imported,,2024-10-06
Wood,REC-0997-2024-Q1-SITE-B-WD01,2024-Q1,ORG-12345,SITE-B,Scotland,Secondary,Imported,,2024-08-17
Other,REC-0998-2024-Q1-SITE-C-OT01,2024-Q1,ORG-12345,SITE-C,Wales,Secondary,Imported,,2024-01-27
Aluminium,REC-0999-Q2 2024-SITE-B-AL01,2024-Q2,ORG-12345,SITE-B,Scotland,Tertiary,Imported,,2024-06-22
Plastic,REC-1000-2024-Q1-SITE-D-PL02,2024-Q1,ORG-12345,SITE-D,Northern Ireland,Tertiary,Exported,,2024-11-30
Paper/card,REC-1001-2024Q2-SITE-B-PC01,2024-Q2,ORG-12345,SITE-B,Scotland,Tertiary,Imported,,2024-07-03
Other,REC-1002-Q4 2024-SITE-A-OT01,,ORG-12345,SITE-A,England,Tertiary,Supplied as goods,,2024-03-18
Plastic,REC-1003-2024-Q1-SITE-B-PL02,2024-Q1,ORG-12345,SITE-B,Scotland,Primary,Supplied as goods,,2024-02-12
Steel,REC-1004-2024-Q1-SITE-A-ST01,2024-Q1,ORG-12345,SITE-A,England,Shipment,Exported,,2024-07-28
Fibre-based composite,REC-1005-2024-Q1-SITE-E-FB01,2024-Q1,ORG-12345,SITE-E,England,Primary,Exported,,2024-07-29
Wood,REC-1006-2024-Q1-SITE-C-WD01,2024-Q1,ORG-12345,SITE-C,Wales,Tertiary,Imported,,2024-10-05
Paper/card,REC-1007-2024-Q1-SITE-E-PC01,2024-Q1,ORG-12345,SITE-E,England,Shipment,Supplied as goods,,2024-03-15
Glass,REC-1008-Q4 2024-SITE-D-GL01,,ORG-12345,SITE-D,Northern Ireland,Tertiary,Exported,,2024-05-18
Glass,REC-1009-Q4 2024-SITE-E-GL01,,ORG-12345,SITE-E,England,Tertiary,Supplied as goods,,2024-12-13
Paper/card,REC-1010-Q4 2024-SITE-B-PC01,,ORG-12345,SITE-B,Scotland,Secondary,Exported,,2024-11-18
Paper/card,REC-1011-Q2 2024-SITE-A-PC01,2024-Q2,ORG-12345,SITE-A,England,Secondary,Imported,,2024-10-27
Plastic,REC-1012-2024-Q1-SITE-B-PL01,2024-Q1,ORG-12345,SITE-B,Scotland,Secondary,Imported,,2024-04-20
Wood,REC-1013-2024-Q3-SITE-E-WD01,2024-Q3,ORG-12345,SITE-E,England,Tertiary,Exported,,2024-06-16
Fibre-based composite,REC-1014-Q2 2024-SITE-D-FB01,2024-Q2,ORG-12345,SITE-D,Northern Ireland,Secondary,Supplied as goods,,2024-12-07
,REC-1015-Q4 2024-SITE-B-UNKNOWN,,ORG-12345,SITE-B,Scotland,Tertiary,Supplied as goods,,2024-07-02
Fibre-based composite,REC-1016-2024-Q1-SITE-C-FB01,2024-Q1,ORG-12345,SITE-C,Wales,Primary,Imported,,2024-07-16
Plastic,REC-1017-2024-Q3-SITE-Z-PL01,2024-Q3,ORG-12345,SITE-Z,,Shipment,Supplied as goods,,2024-01-30
Aluminium,REC-1018-2024-Q3-SITE-B-AL01,2024-Q3,ORG-12345,SITE-B,Scotland,Primary,Imported,,2024-05-19
Glass,REC-1019-2024-Q1-SITE-A-GL01,2024-Q1,ORG-12345,SITE-A,England,Primary,Supplied as goods,,2024-03-25
Fibre-based composite,REC-1020-Q4 2024-SITE-C-FB01,,ORG-12345,SITE-C,Wales,Tertiary,Supplied as goods,,2024-07-22
Paper/card,REC-1021-2024-Q1-SITE-A-PC01,2024-Q1,ORG-12345,SITE-A,England,Tertiary,Supplied as goods,,2024-03-21
Aluminium,REC-1022-Q4 2024-SITE-C-AL01,,ORG-12345,SITE-C,Wales,Primary,Exported,,2024-05-19
Plastic,REC-1023-2024-Q3-SITE-B-PL01,2024-Q3,ORG-12345,SITE-B,Scotland,Tertiary,Exported,,2024-02-11
Steel,REC-1024-2024-Q1-SITE-B-ST01,2024-Q1,ORG-12345,SITE-B,Scotland,Tertiary,Supplied as goods,,2024-12-19
Plastic,REC-1025-Q4 2024-SITE-D-PL02,,ORG-12345,SITE-D,Northern Ireland,Primary,Exported,,2024-06-27
Paper/card,REC-1026-2024-Q3-SITE-D-PC01,2024-Q3,ORG-12345,SITE-D,Northern Ireland,Shipment,Exported,,2024-08-07
Plastic,REC-1027-Q4 2024-SITE-B-PL01,,ORG-12345,SITE-B,Scotland,Primary,Supplied as goods,,2024-06-19
Fibre-based composite,REC-1028-2024-Q1-SITE-C-FB01,2024-Q1,ORG-12345,SITE-C,Wales,Secondary,Exported,,2024-02-27
Steel,REC-1029-2024-Q3-SITE-D-ST01,2024-Q3,ORG-12345,SITE-D,Northern Ireland,Secondary,Exported,,2024-09-01
Wood,REC-1030-2024-Q3-SITE-C-WD01,2024-Q3,ORG-12345,SITE-C,Wales,Secondary,Imported,,2024-01-27
Glass,REC-1031-2024-Q1-SITE-C-GL01,2024-Q1,ORG-12345,SITE-C,Wales,Secondary,Supplied as goods,,2024-09-27
Other,REC-1032-2024-Q1-SITE-B-OT01,2024-Q1,ORG-12345,SITE-B,Scotland,Shipment,Exported,,2024-02-20
Paper/card,REC-1033-2024-Q3-SITE-C-PC01,2024-Q3,ORG-12345,SITE-C,Wales,Primary,Exported,,2024-12-29
Steel,REC-1034-2024-Q3-SITE-E-ST01,2024-Q3,ORG-12345,SITE-E,England,Primary,Exported,,2024-06-16
Steel,REC-1035-2024-Q1-SITE-D-ST01,2024-Q1,ORG-12345,SITE-D,Northern Ireland,Tertiary,Imported,,2024-12-14
Other,REC-1036-Q2 2024-SITE-B-OT01,2024-Q2,ORG-12345,SITE-B,Scotland,Tertiary,Supplied as goods,,2024-05-13
Other,REC-1037-2024-Q1-SITE-C-OT01,2024-Q1,ORG-12345,SITE-C,Wales,Shipment,Exported,,2024-04-20
Fibre-based composite,REC-1038-2024-Q1-SITE-D-FB01,2024-Q1,ORG-12345,SITE-D,Northern Ireland,Tertiary,Exported,,2024-03-26
Glass,REC-1039-Q2 2024-SITE-C-GL01,2024-Q2,ORG-12345,SITE-C,Wales,Secondary,Exported,,2024-08-19
Fibre-based composite,REC-1040-2024-Q1-SITE-E-FB01,2024-Q1,ORG-12345,SITE-E,England,Tertiary,Exported,,2024-01-31
Glass,REC-1041-Q2 2024-SITE-D-GL01,2024-Q2,ORG-12345,SITE-D,Northern Ireland,Primary,Imported,,2024-02-16
Other,REC-1042-Q4 2024-SITE-E-OT01,,ORG-12345,SITE-E,England,Secondary,Supplied as goods,,2024-06-18
Plastic,REC-1043-Q4 2024-SITE-A-PL02,,ORG-12345,SITE-A,England,Primary,Supplied as goods,,2024-04-19
Aluminium,REC-1044-2024-Q1-SITE-C-AL01,2024-Q1,ORG-12345,SITE-C,Wales,Primary,Imported,,2024-02-13
Paper/card,REC-1045-Q2 2024-SITE-D-PC01,2024-Q2,ORG-12345,SITE-D,Northern Ireland,Shipment,Supplied as goods,,2024-03-21
Other,REC-1046-Q2 2024-SITE-B-OT01,2024-Q2,ORG-12345,SITE-B,Scotland,Secondary,Imported,,2024-06-21
Fibre-based composite,REC-1047-2024-Q3-SITE-E-FB01,2024-Q3,ORG-12345,SITE-E,England,Tertiary,Exported,,2024-04-27
Other,REC-1048-Q2 2024-SITE-A-OT01,2024-Q2,ORG-12345,SITE-A,England,Tertiary,Exported,,2024-02-16
Fibre-based composite,REC-1049-Q4 2024-SITE-D-FB01,,ORG-12345,SITE-D,Northern Ireland,Shipment,Supplied as goods,,2024-02-04
Plastic,REC-1050-2024-Q3-SITE-C-PL02,2024-Q3,ORG-12345,SITE-C,Wales,Secondary,Exported,,2024-11-23
Glass,REC-1051-Q4 2024-SITE-D-GL01,,ORG-12345,SITE-D,Northern Ireland,Secondary,Supplied as goods,,2024-04-17
Plastic,REC-1052-2024-Q3-SITE-B-PL02,2024-Q3,ORG-12345,SITE-B,Scotland,Secondary,Exported,,2024-10-16
Steel,REC-1053-Q4 2024-SITE-D-ST01,,ORG-12345,SITE-D,Northern Ireland,Tertiary,Supplied as goods,,2024-03-17
Paper/card,REC-1054-Q4 2024-SITE-D-PC01,,ORG-12345,SITE-D,Northern Ireland,Primary,Supplied as goods,,2024-05-23
Aluminium,REC-1055-Q4 2024-SITE-D-AL01,,ORG-12345,SITE-D,Northern Ireland,Shipment,Supplied as goods,,2024-08-06
Aluminium,REC-1056-2024-Q3-SITE-B-AL01,2024-Q3,ORG-12345,SITE-B,Scotland,Secondary,Supplied as goods,,2024-09-08
Wood,REC-1057-Q2 2024-SITE-D-WD01,2024-Q2,ORG-12345,SITE-D,Northern Ireland,Secondary,Supplied as goods,,2024-06-05
Glass,REC-1058-2024-Q1-SITE-C-GL01,2024-Q1,ORG-12345,SITE-C,Wales,Primary,Supplied as goods,,2024-08-02
Glass,REC-1059-Q4 2024-SITE-B-GL01,,ORG-12345,SITE-B,Scotland,Primary,Exported,,2024-04-15
Aluminium,REC-1060-2024-Q1-SITE-D-AL01,2024-Q1,ORG-12345,SITE-D,Northern Ireland,Tertiary,Supplied as goods,,2024-10-08
Plastic,REC-1061-2024-Q1-SITE-E-PL02,2024-Q1,ORG-12345,SITE-E,England,Secondary,Exported,,2024-07-26
Aluminium,REC-1062-2024-Q1-SITE-A-AL01,2024-Q1,ORG-12345,SITE-A,England,Primary,Imported,,2024-01-29
Plastic,REC-1063-2024-Q1-SITE-B-PL01,2024-Q1,ORG-12345,SITE-B,Scotland,Secondary,Supplied as goods,,2024-04-09
Glass,REC-1064-Q2 2024-SITE-C-GL01,2024-Q2,ORG-12345,SITE-C,Wales,Primary,Imported,,2024-04-30
Other,REC-1065-2024-Q3-SITE-A-OT01,2024-Q3,ORG-12345,SITE-A,England,Secondary,Imported,,2024-04-12
Plastic,REC-1066-Q4 2024-SITE-B-PL01,,ORG-12345,SITE-B,Scotland,Secondary,Exported,,2024-02-17
Steel,REC-1067-Q4 2024-SITE-B-ST01,,ORG-12345,SITE-B,Scotland,Tertiary,Exported,,2024-11-16
Wood,REC-1068-2024-Q1-SITE-C-WD01,2024-Q1,ORG-12345,SITE-C,Wales,Primary,Exported,,2024-06-29
Fibre-based composite,REC-1069-Q4 2024-SITE-C-FB01,,ORG-12345,SITE-C,Wales,Tertiary,Exported,,2024-07-04
Plastic,REC-1070-2024-Q1-SITE-E-PL01,2024-Q1,ORG-12345,SITE-E,England,Shipment,Exported,,2024-01-25
Plastic,REC-1071-2024-Q1-SITE-E-PL02,2024-Q1,ORG-12345,SITE-E,England,Secondary,Supplied as goods,,2024-03-25
Paper/card,REC-1072-2024-Q1-SITE-B-PC01,2024-Q1,ORG-12345,SITE-B,Scotland,Secondary,Imported,,2024-11-16
Wood,REC-1073-Q4 2024-SITE-A-WD01,,ORG-12345,SITE-A,England,Tertiary,Imported,,2024-06-10
Plastic,REC-1074-2024-Q1-SITE-B-PL01,2024-Q1,ORG-12345,SITE-B,Scotland,Primary,Exported,,2024-05-21
Aluminium,REC-1075-2024-Q1-SITE-D-AL01,2024-Q1,ORG-12345,SITE-D,Northern Ireland,Shipment,Imported,,2024-09-22
Plastic,REC-1076-Q2 2024-SITE-B-PL02,2024-Q2,ORG-12345,SITE-B,Scotland,Primary,Supplied as goods,,2024-04-12
Other,REC-1077-Q4 2024-SITE-D-OT01,,ORG-12345,SITE-D,Northern Ireland,Tertiary,Supplied as goods,,2024-04-08
Aluminium,REC-1078-2024-Q3-SITE-C-AL01,2024-Q3,ORG-12345,SITE-C,Wales,Primary,Imported,,2024-08-31
Aluminium,REC-1079-Q4 2024-SITE-D-AL01,,ORG-12345,SITE-D,Northern Ireland,Secondary,Imported,,2024-09-12
Wood,REC-1080-Q4 2024-SITE-B-WD01,,ORG-12345,SITE-B,Scotland,Secondary,Exported,,2024-07-28
Fibre-based composite,REC-1081-Q2 2024-SITE-E-FB01,2024-Q2,ORG-12345,SITE-E,England,Tertiary,Supplied as goods,,2024-04-13
Steel,REC-1082-Q4 2024-SITE-D-ST01,,ORG-12345,SITE-D,Northern Ireland,Secondary,Imported,,2024-07-03
Glass,REC-1083-2024-Q1-SITE-A-GL01,2024-Q1,ORG-12345,SITE-A,England,Tertiary,Imported,,2024-07-24
Wood,REC-1084-Q4 2024-SITE-D-WD01,,ORG-12345,SITE-D,Northern Ireland,Secondary,Imported,,2024-12-08
Plastic,REC-1085-Q2 2024-SITE-D-PL02,2024-Q2,ORG-12345,SITE-D,Northern Ireland,Secondary,Supplied as goods,,2024-08-25
Steel,REC-1086-2024-Q1-SITE-C-ST01,2024-Q1,ORG-12345,SITE-C,Wales,Tertiary,Exported,,2024-07-30
Fibre-based composite,REC-1087-2024-Q1-SITE-C-FB01,2024-Q1,ORG-12345,SITE-C,Wales,Tertiary,Supplied as goods,,2024-12-20
Glass,REC-1088-Q2 2024-SITE-C-GL01,2024-Q2,ORG-12345,SITE-C,Wales,Secondary,Exported,,2024-11-06
Glass,REC-1089-2024-Q1-SITE-D-GL01,2024-Q1,ORG-12345,SITE-D,Northern Ireland,Primary,Supplied as goods,,2024-04-20
Fibre-based composite,REC-1090-Q4 2024-SITE-E-FB01,,ORG-12345,SITE-E,England,Primary,Imported,,2024-06-20
Fibre-based composite,REC-1091-2024-Q3-SITE-E-FB01,2024-Q3,ORG-12345,SITE-E,England,Tertiary,Exported,,2024-05-31
Aluminium,REC-1092-Q4 2024-SITE-B-AL01,,ORG-12345,SITE-B,Scotland,Tertiary,Imported,,2024-03-04
Plastic,REC-1093-Q4 2024-SITE-C-PL02,,ORG-12345,SITE-C,Wales,Tertiary,Exported,,2024-04-14
Paper/card,REC-1094-2024-Q1-SITE-B-PC01,2024-Q1,ORG-12345,SITE-B,Scotland,Primary,Exported,,2024-10-31
Aluminium,REC-1095-2024-Q3-SITE-B-AL01,2024-Q3,ORG-12345,SITE-B,Scotland,Primary,Supplied as goods,,2024-08-27
Plastic,REC-1096-Q4 2024-SITE-A-PL02,,ORG-12345,SITE-A,England,Tertiary,Exported,,2024-06-04
Plastic,REC-1097-2024-Q1-SITE-D-PL02,2024-Q1,ORG-12345,SITE-D,Northern Ireland,Secondary,Supplied as goods,,2024-02-15
Steel,REC-1098-Q2 2024-SITE-A-ST01,2024-Q2,ORG-12345,SITE-A,England,Tertiary,Supplied as goods,,2024-01-18
Fibre-based composite,REC-1099-Q4 2024-SITE-D-FB01,,ORG-12345,SITE-D,Northern Ireland,Shipment,Exported,,2024-11-19
Fibre-based composite,REC-1100-Q2 2024-SITE-C-FB01,2024-Q2,ORG-12345,SITE-C,Wales,Secondary,Imported,,2024-12-20
Fibre-based composite,REC-1101-2024Q2-SITE-C-FB01,2024-Q2,ORG-12345,SITE-C,Wales,Secondary,Exported,,2024-09-04
Fibre-based composite,REC-1102-2024-Q3-SITE-E-FB01,2024-Q3,ORG-12345,SITE-E,England,Tertiary,Supplied as goods,,2024-05-21
Paper/card,REC-1103-Q4 2024-SITE-E-PC01,,ORG-12345,SITE-E,England,Primary,Exported,,2024-04-20
Plastic,REC-1104-2024-Q3-SITE-A-PL01,2024-Q3,ORG-12345,SITE-A,England,Tertiary,Imported,,2024-08-29
Aluminium,REC-1105-Q4 2024-SITE-C-AL01,,ORG-12345,SITE-C,Wales,Shipment,Imported,,2024-12-17
Plastic,REC-1106-2024-Q1-SITE-B-PL02,2024-Q1,ORG-12345,SITE-B,Scotland,Tertiary,Imported,,2024-09-25
Plastic,REC-1107-Q4 2024-SITE-B-PL02,,ORG-12345,SITE-B,Scotland,Secondary,Exported,,2024-03-15
Other,REC-1108-Q4 2024-SITE-A-OT01,,ORG-12345,SITE-A,England,Primary,Supplied as goods,,2024-01-29
Glass,REC-1109-Q4 2024-SITE-C-GL01,,ORG-12345,SITE-C,Wales,Secondary,Imported,,2024-03-18
Glass,REC-1110-Q2 2024-SITE-C-GL01,2024-Q2,ORG-12345,SITE-C,Wales,Shipment,Exported,,2024-11-17
Plastic,REC-1111-Q4 2024-SITE-E-PL02,,ORG-12345,SITE-E,England,Tertiary,Imported,,2024-05-08
Steel,REC-1112-Q2 2024-SITE-C-ST01,2024-Q2,ORG-12345,SITE-C,Wales,Primary,Imported,,2024-03-14
Paper/card,REC-1113-2024-Q1-SITE-C-PC01,2024-Q1,ORG-12345,SITE-C,Wales,Primary,Imported,,2024-10-15
Aluminium,REC-1114-Q2 2024-SITE-C-AL01,2024-Q2,ORG-12345,SITE-C,Wales,Tertiary,Imported,,2024-12-19
,REC-1115-Q2 2024-SITE-C-UNKNOWN,2024-Q2,ORG-12345,SITE-C,Wales,Primary,Imported,,2024-05-06
Wood,REC-1116-2024-Q1-SITE-B-WD01,2024-Q1,ORG-12345,SITE-B,Scotland,Tertiary,Imported,,2024-06-26
Steel,REC-1117-Q4 2024-SITE-Z-ST01,,ORG-12345,SITE-Z,,Shipment,Exported,,2025-01-09
Fibre-based composite,REC-1118-2024-Q1-SITE-B-FB01,2024-Q1,ORG-12345,SITE-B,Scotland,Primary,Imported,,2024-09-20
Fibre-based composite,REC-1119-Q4 2024-SITE-A-FB01,,ORG-12345,SITE-A,England,Secondary,Exported,,2024-08-18
Wood,REC-1120-Q2 2024-SITE-C-WD01,2024-Q2,ORG-12345,SITE-C,Wales,Secondary,Imported,,2024-10-21
Fibre-based composite,REC-1121-Q4 2024-SITE-C-FB01,,ORG-12345,SITE-C,Wales,Primary,Supplied as goods,,2024-04-07
Glass,REC-1122-Q2 2024-SITE-B-GL01,2024-Q2,ORG-12345,SITE-B,Scotland,Secondary,Exported,,2024-04-24
Plastic,REC-1123-Q4 2024-SITE-B-PL01,,ORG-12345,SITE-B,Scotland,Secondary,Exported,,2024-12-27
Glass,REC-1124-2024-Q1-SITE-B-GL01,2024-Q1,ORG-12345,SITE-B,Scotland,Primary,Supplied as goods,,2024-10-04
Paper/card,REC-1125-2024-Q1-SITE-B-PC01,2024-Q1,ORG-12345,SITE-B,Scotland,Shipment,Imported,,2024-05-17
Fibre-based composite,REC-1126-2024-Q1-SITE-D-FB01,2024-Q1,ORG-12345,SITE-D,Northern Ireland,Secondary,Imported,,2024-12-12
Fibre-based composite,REC-1127-2024-Q1-SITE-A-FB01,2024-Q1,ORG-12345,SITE-A,England,Secondary,Exported,,2024-02-26
Plastic,REC-1128-Q4 2024-SITE-A-PL02,,ORG-12345,SITE-A,England,Secondary,Exported,,2025-01-04
Plastic,REC-1129-2024-Q3-SITE-D-PL02,2024-Q3,ORG-12345,SITE-D,Northern Ireland,Tertiary,Exported,,2024-03-19
Plastic,REC-1130-2024-Q1-SITE-D-PL02,2024-Q1,ORG-12345,SITE-D,Northern Ireland,Secondary,Supplied as goods,,2024-10-25
Other,REC-1131-2024-Q1-SITE-B-OT01,2024-Q1,ORG-12345,SITE-B,Scotland,Tertiary,Exported,,2024-11-16
Glass,REC-1132-2024-Q1-SITE-A-GL01,2024-Q1,ORG-12345,SITE-A,England,Primary,Exported,,2024-11-04
Aluminium,REC-1133-2024-Q1-SITE-A-AL01,2024-Q1,ORG-12345,SITE-A,England,Tertiary,Supplied as goods,,2024-09-30
Steel,REC-1134-2024-Q3-SITE-B-ST01,2024-Q3,ORG-12345,SITE-B,Scotland,Secondary,Exported,,2024-10-06
Steel,REC-1135-2024-Q3-SITE-C-ST01,2024-Q3,ORG-12345,SITE-C,Wales,Tertiary,Exported,,2024-10-16
Other,REC-1136-2024-Q1-SITE-B-OT01,2024-Q1,ORG-12345,SITE-B,Scotland,Primary,Exported,,2024-03-27
Steel,REC-1137-2024-Q3-SITE-E-ST01,2024-Q3,ORG-12345,SITE-E,England,Tertiary,Supplied as goods,,2024-03-20
Fibre-based composite,REC-1138-Q4 2024-SITE-B-FB01,,ORG-12345,SITE-B,Scotland,Primary,Exported,,2024-02-26
Steel,REC-1139-Q2 2024-SITE-E-ST01,2024-Q2,ORG-12345,SITE-E,England,Tertiary,Imported,,2024-12-02
Steel,REC-1140-Q2 2024-SITE-E-ST01,2024-Q2,ORG-12345,SITE-E,England,Tertiary,Exported,,2024-04-02
Paper/card,REC-1141-2024-Q3-SITE-A-PC01,2024-Q3,ORG-12345,SITE-A,England,Tertiary,Imported,,2024-10-13
Plastic,REC-1142-2024-Q3-SITE-A-PL02,2024-Q3,ORG-12345,SITE-A,England,Tertiary,Exported,,2024-06-02
Glass,REC-1143-Q2 2024-SITE-D-GL01,2024-Q2,ORG-12345,SITE-D,Northern Ireland,Tertiary,Supplied as goods,,2024-03-08
Plastic,REC-1144-Q4 2024-SITE-E-PL02,,ORG-12345,SITE-E,England,Primary,Exported,,2024-10-11
Paper/card,REC-1145-2024-Q1-SITE-E-PC01,2024-Q1,ORG-12345,SITE-E,England,Tertiary,Exported,,2024-04-11
Paper/card,REC-1146-Q2 2024-SITE-D-PC01,2024-Q2,ORG-12345,SITE-D,Northern Ireland,Tertiary,Imported,,2024-01-19
Other,REC-1147-2024-Q3-SITE-D-OT01,2024-Q3,ORG-12345,SITE-D,Northern Ireland,Tertiary,Supplied as goods,,2024-12-07
Paper/card,REC-1148-Q2 2024-SITE-D-PC01,2024-Q2,ORG-12345,SITE-D,Northern Ireland,Tertiary,Supplied as goods,,2024-07-14
Wood,REC-1149-Q2 2024-SITE-E-WD01,2024-Q2,ORG-12345,SITE-E,England,Shipment,Imported,,2024-12-05
Plastic,REC-1150-2024-Q1-SITE-A-PL02,2024-Q1,ORG-12345,SITE-A,England,Secondary,Imported,,2024-05-16
Plastic,REC-1151-Q4 2024-SITE-E-PL02,,ORG-12345,SITE-E,England,Primary,Exported,,2024-08-19
Other,REC-1152-2024-Q1-SITE-D-OT01,2024-Q1,ORG-12345,SITE-D,Northern Ireland,Tertiary,Supplied as goods,,2024-04-21
Plastic,REC-1153-2024-Q1-SITE-B-PL01,2024-Q1,ORG-12345,SITE-B,Scotland,Tertiary,Imported,,2024-08-31
Glass,REC-1154-2024-Q3-SITE-A-GL01,2024-Q3,ORG-12345,SITE-A,England,Tertiary,Exported,,2024-10-04
Paper/card,REC-1155-2024-Q1-SITE-C-PC01,2024-Q1,ORG-12345,SITE-C,Wales,Primary,Imported,,2024-12-27
Aluminium,REC-1156-2024-Q3-SITE-C-AL01,2024-Q3,ORG-12345,SITE-C,Wales,Tertiary,Exported,,2024-06-13
Steel,REC-1157-2024-Q3-SITE-B-ST01,2024-Q3,ORG-12345,SITE-B,Scotland,Primary,Supplied as goods,,2024-10-04
Plastic,REC-1158-2024-Q1-SITE-C-PL01,2024-Q1,ORG-12345,SITE-C,Wales,Secondary,Exported,,2024-09-06
Paper/card,REC-1159-Q4 2024-SITE-B-PC01,,ORG-12345,SITE-B,Scotland,Secondary,Imported,,2024-01-19
Plastic,REC-1160-2024-Q1-SITE-D-PL02,2024-Q1,ORG-12345,SITE-D,Northern Ireland,Secondary,Imported,,2024-01-18
Glass,REC-1161-2024-Q3-SITE-D-GL01,2024-Q3,ORG-12345,SITE-D,Northern Ireland,Tertiary,Exported,,2024-07-19
Fibre-based composite,REC-1162-Q4 2024-SITE-D-FB01,,ORG-12345,SITE-D,Northern Ireland,Primary,Exported,,2024-03-26
Paper/card,REC-1163-Q2 2024-SITE-A-PC01,2024-Q2,ORG-12345,SITE-A,England,Tertiary,Imported,,2024-02-04
Glass,REC-1164-Q2 2024-SITE-B-GL01,2024-Q2,ORG-12345,SITE-B,Scotland,Secondary,Imported,,2024-12-20
Steel,REC-1165-2024-Q3-SITE-B-ST01,2024-Q3,ORG-12345,SITE-B,Scotland,Primary,Imported,,2024-09-27
Fibre-based composite,REC-1166-Q2 2024-SITE-B-FB01,2024-Q2,ORG-12345,SITE-B,Scotland,Primary,Supplied as goods,,2024-09-27
Plastic,REC-1167-2024-Q1-SITE-D-PL01,2024-Q1,ORG-12345,SITE-D,Northern Ireland,Tertiary,Exported,,2024-09-16
Steel,REC-1168-Q2 2024-SITE-B-ST01,2024-Q2,ORG-12345,SITE-B,Scotland,Secondary,Imported,,2024-10-02
Glass,REC-1169-Q4 2024-SITE-B-GL01,,ORG-12345,SITE-B,Scotland,Primary,Imported,,2024-09-13
Plastic,REC-1170-Q2 2024-SITE-B-PL02,2024-Q2,ORG-12345,SITE-B,Scotland,Tertiary,Exported,,2024-03-16
Glass,REC-1171-Q4 2024-SITE-B-GL01,,ORG-12345,SITE-B,Scotland,Secondary,Supplied as goods,,2024-11-25
Aluminium,REC-1172-Q2 2024-SITE-B-AL01,2024-Q2,ORG-12345,SITE-B,Scotland,Primary,Supplied as goods,,2024-08-20
Wood,REC-1173-2024-Q1-SITE-C-WD01,2024-Q1,ORG-12345,SITE-C,Wales,Primary,Exported,,2024-07-19
Steel,REC-1174-Q2 2024-SITE-A-ST01,2024-Q2,ORG-12345,SITE-A,England,Secondary,Exported,,2024-01-15
Plastic,REC-1175-2024-Q3-SITE-D-PL01,2024-Q3,ORG-12345,SITE-D,Northern Ireland,Tertiary,Exported,,2024-03-06
Fibre-based composite,REC-1176-2024-Q3-SITE-C-FB01,2024-Q3,ORG-12345,SITE-C,Wales,Primary,Imported,,2024-03-04
Plastic,REC-1177-2024-Q3-SITE-C-PL01,2024-Q3,ORG-12345,SITE-C,Wales,Tertiary,Exported,,2024-07-18
Other,REC-1178-Q4 2024-SITE-B-OT01,,ORG-12345,SITE-B,Scotland,Shipment,Imported,,2024-03-09
Glass,REC-1179-Q2 2024-SITE-E-GL01,2024-Q2,ORG-12345,SITE-E,England,Tertiary,Exported,,2025-01-09
Wood,REC-1180-Q4 2024-SITE-C-WD01,,ORG-12345,SITE-C,Wales,Primary,Supplied as goods,,2024-10-14
Glass,REC-1181-2024-Q3-SITE-E-GL01,2024-Q3,ORG-12345,SITE-E,England,Primary,Supplied as goods,,2024-08-31
Plastic,REC-1182-2024-Q3-SITE-B-PL02,2024-Q3,ORG-12345,SITE-B,Scotland,Secondary,Supplied as goods,,2024-03-21
Steel,REC-1183-Q4 2024-SITE-D-ST01,,ORG-12345,SITE-D,Northern Ireland,Primary,Exported,,2024-10-13
Other,REC-1184-Q4 2024-SITE-E-OT01,,ORG-12345,SITE-E,England,Primary,Supplied as goods,,2024-11-20
Steel,REC-1185-2024-Q1-SITE-E-ST01,2024-Q1,ORG-12345,SITE-E,England,Primary,Supplied as goods,,2024-09-04
Other,REC-1186-2024-Q3-SITE-B-OT01,2024-Q3,ORG-12345,SITE-B,Scotland,Tertiary,Exported,,2024-05-31
Other,REC-1187-2024-Q1-SITE-C-OT01,2024-Q1,ORG-12345,SITE-C,Wales,Primary,Supplied as goods,,2024-03-30
Steel,REC-1188-Q2 2024-SITE-B-ST01,2024-Q2,ORG-12345,SITE-B,Scotland,Primary,Imported,,2024-03-14
Plastic,REC-1189-2024-Q1-SITE-C-PL01,2024-Q1,ORG-12345,SITE-C,Wales,Tertiary,Imported,,2024-10-22
Steel,REC-1190-2024-Q1-SITE-C-ST01,2024-Q1,ORG-12345,SITE-C,Wales,Tertiary,Supplied as goods,,2024-01-20
Paper/card,REC-1191-2024-Q1-SITE-C-PC01,2024-Q1,ORG-12345,SITE-C,Wales,Primary,Exported,,2024-12-16
Plastic,REC-1192-Q2 2024-SITE-E-PL02,2024-Q2,ORG-12345,SITE-E,England,Tertiary,Exported,,2024-05-06
Paper/card,REC-1193-Q4 2024-SITE-B-PC01,,ORG-12345,SITE-B,Scotland,Secondary,Supplied as goods,,2024-08-24
Paper/card,REC-1194-Q2 2024-SITE-D-PC01,2024-Q2,ORG-12345,SITE-D,Northern Ireland,Primary,Imported,,2024-04-20
Wood,REC-1195-Q2 2024-SITE-C-WD01,2024-Q2,ORG-12345,SITE-C,Wales,Tertiary,Supplied as goods,,2024-08-03
Aluminium,REC-1196-Q4 2024-SITE-D-AL01,,ORG-12345,SITE-D,Northern Ireland,Primary,Supplied as goods,,2024-10-10
Glass,REC-1197-2024-Q1-SITE-D-GL01,2024-Q1,ORG-12345,SITE-D,Northern Ireland,Tertiary,Supplied as goods,,2024-01-21
Plastic,REC-1198-2024-Q1-SITE-B-PL01,2024-Q1,ORG-12345,SITE-B,Scotland,Primary,Supplied as goods,,2024-03-09
Other,REC-1199-Q2 2024-SITE-B-OT01,2024-Q2,ORG-12345,SITE-B,Scotland,Tertiary,Imported,,2024-10-29
Wood,REC-1200-Q2 2024-SITE-B-WD01,2024-Q2,ORG-12345,SITE-B,Scotland,Tertiary,Supplied as goods,,2024-10-19
Steel,REC-1201-2024Q2-SITE-A-ST01,2024-Q2,ORG-12345,SITE-A,England,Tertiary,Exported,,2024-10-02
Fibre-based composite,REC-1202-Q4 2024-SITE-B-FB01,,ORG-12345,SITE-B,Scotland,Primary,Supplied as goods,,2024-03-30
Paper/card,REC-1203-Q4 2024-SITE-A-PC01,,ORG-12345,SITE-A,England,Primary,Imported,,2024-03-11
Aluminium,REC-1204-2024-Q3-SITE-A-AL01,2024-Q3,ORG-12345,SITE-A,England,Primary,Imported,,2024-02-06
Glass,REC-1205-Q2 2024-SITE-D-GL01,2024-Q2,ORG-12345,SITE-D,Northern Ireland,Primary,Imported,,2024-12-31
Steel,REC-1206-Q4 2024-SITE-C-ST01,,ORG-12345,SITE-C,Wales,Shipment,Imported,,2024-07-21
Steel,REC-1207-Q2 2024-SITE-B-ST01,2024-Q2,ORG-12345,SITE-B,Scotland,Tertiary,Exported,,2024-03-15
Fibre-based composite,REC-1208-2024-Q1-SITE-A-FB01,2024-Q1,ORG-12345,SITE-A,England,Secondary,Exported,,2024-08-20
Steel,REC-1209-Q4 2024-SITE-B-ST01,,ORG-12345,SITE-B,Scotland,Primary,Supplied as goods,,2024-06-26
Wood,REC-1210-2024-Q3-SITE-E-WD01,2024-Q3,ORG-12345,SITE-E,England,Secondary,Imported,,2024-12-14
Aluminium,REC-1211-Q2 2024-SITE-E-AL01,2024-Q2,ORG-12345,SITE-E,England,Secondary,Imported,,2024-02-26
Fibre-based composite,REC-1212-Q2 2024-SITE-A-FB01,2024-Q2,ORG-12345,SITE-A,England,Shipment,Exported,,2024-01-16
Aluminium,REC-1213-2024-Q1-SITE-B-AL01,2024-Q1,ORG-12345,SITE-B,Scotland,Tertiary,Supplied as goods,,2024-07-11
Paper/card,REC-1214-Q4 2024-SITE-E-PC01,,ORG-12345,SITE-E,England,Tertiary,Supplied as goods,,2024-05-01
,REC-1215-2024-Q1-SITE-D-UNKNOWN,2024-Q1,ORG-12345,SITE-D,Northern Ireland,Primary,Exported,,2024-08-19
Paper/card,REC-1216-Q2 2024-SITE-D-PC01,2024-Q2,ORG-12345,SITE-D,Northern Ireland,Primary,Exported,,2024-03-30
Paper/card,REC-1217-Q4 2024-SITE-Z-PC01,,ORG-12345,SITE-Z,,Primary,Supplied as goods,,2024-04-17
Wood,REC-1218-Q4 2024-SITE-D-WD01,,ORG-12345,SITE-D,Northern Ireland,Tertiary,Supplied as goods,,2024-07-05
Wood,REC-1219-Q2 2024-SITE-A-WD01,2024-Q2,ORG-12345,SITE-A,England,Tertiary,Exported,,2024-12-08
Plastic,REC-1220-Q4 2024-SITE-D-PL01,,ORG-12345,SITE-D,Northern Ireland,Shipment,Supplied as goods,,2024-09-03
Other,REC-1221-Q4 2024-SITE-B-OT01,,ORG-12345,SITE-B,Scotland,Tertiary,Imported,,2024-06-02
Plastic,REC-1222-Q4 2024-SITE-B-PL02,,ORG-12345,SITE-B,Scotland,Shipment,Imported,,2024-02-12
Aluminium,REC-1223-Q4 2024-SITE-D-AL01,,ORG-12345,SITE-D,Northern Ireland,Secondary,Supplied as goods,,2024-12-14
Fibre-based composite,REC-1224-Q2 2024-SITE-D-FB01,2024-Q2,ORG-12345,SITE-D,Northern Ireland,Tertiary,Imported,,2024-03-10
Plastic,REC-1225-Q2 2024-SITE-A-PL02,2024-Q2,ORG-12345,SITE-A,England,Primary,Imported,,2024-04-07
Other,REC-1226-Q2 2024-SITE-C-OT01,2024-Q2,ORG-12345,SITE-C,Wales,Primary,Supplied as goods,,2024-04-27
Plastic,REC-1227-Q4 2024-SITE-E-PL01,,ORG-12345,SITE-E,England,Primary,Imported,,2024-02-08
Paper/card,REC-1228-Q4 2024-SITE-C-PC01,,ORG-12345,SITE-C,Wales,Primary,Imported,,2024-04-23
Paper/card,REC-1229-2024-Q3-SITE-A-PC01,2024-Q3,ORG-12345,SITE-A,England,Tertiary,Imported,,2024-09-28
Plastic,REC-1230-2024-Q1-SITE-D-PL02,2024-Q1,ORG-12345,SITE-D,Northern Ireland,Shipment,Supplied as goods,,2024-04-06
Glass,REC-1231-Q2 2024-SITE-B-GL01,2024-Q2,ORG-12345,SITE-B,Scotland,Tertiary,Imported,,2024-12-14
Glass,REC-1232-Q2 2024-SITE-D-GL01,2024-Q2,ORG-12345,SITE-D,Northern Ireland,Tertiary,Exported,,2024-06-11
Paper/card,REC-1233-Q2 2024-SITE-B-PC01,2024-Q2,ORG-12345,SITE-B,Scotland,Shipment,Imported,,2024-11-20
Plastic,REC-1234-2024-Q1-SITE-A-PL02,2024-Q1,ORG-12345,SITE-A,England,Primary,Exported,,2024-06-21
Other,REC-1235-Q2 2024-SITE-C-OT01,2024-Q2,ORG-12345,SITE-C,Wales,Tertiary,Supplied as goods,,2024-04-06
Plastic,REC-1236-Q2 2024-SITE-A-PL02,2024-Q2,ORG-12345,SITE-A,England,Secondary,Exported,,2024-09-06
Steel,REC-1237-2024-Q1-SITE-B-ST01,2024-Q1,ORG-12345,SITE-B,Scotland,Secondary,Imported,,2024-09-20
Plastic,REC-1238-2024-Q3-SITE-D-PL01,2024-Q3,ORG-12345,SITE-D,Northern Ireland,Secondary,Imported,,2024-11-29
Paper/card,REC-1239-2024-Q1-SITE-C-PC01,2024-Q1,ORG-12345,SITE-C,Wales,Secondary,Supplied as goods,,2024-12-09
Plastic,REC-1240-2024-Q1-SITE-B-PL01,2024-Q1,ORG-12345,SITE-B,Scotland,Tertiary,Supplied as goods,,2024-07-25
Glass,REC-1241-Q4 2024-SITE-D-GL01,,ORG-12345,SITE-D,Northern Ireland,Shipment,Imported,,2024-03-02
Paper/card,REC-1242-2024-Q1-SITE-A-PC01,2024-Q1,ORG-12345,SITE-A,England,Secondary,Imported,,2024-03-10
Fibre-based composite,REC-1243-2024-Q3-SITE-A-FB01,2024-Q3,ORG-12345,SITE-A,England,Tertiary,Imported,,2024-11-19
Wood,REC-1244-Q4 2024-SITE-C-WD01,,ORG-12345,SITE-C,Wales,Primary,Exported,,2024-10-20
Glass,REC-1245-2024-Q1-SITE-E-GL01,2024-Q1,ORG-12345,SITE-E,England,Secondary,Supplied as goods,,2024-07-27
Plastic,REC-1246-2024-Q1-SITE-B-PL01,2024-Q1,ORG-12345,SITE-B,Scotland,Tertiary,Imported,,2024-01-26
Fibre-based composite,REC-1247-2024-Q1-SITE-B-FB01,2024-Q1,ORG-12345,SITE-B,Scotland,Secondary,Imported,,2024-08-09
Plastic,REC-1248-Q2 2024-SITE-E-PL02,2024-Q2,ORG-12345,SITE-E,England,Secondary,Exported,,2024-05-26
Glass,REC-1249-2024-Q3-SITE-C-GL01,2024-Q3,ORG-12345,SITE-C,Wales,Tertiary,Supplied as goods,,2024-04-25
Paper/card,REC-1250-2024-Q3-SITE-D-PC01,2024-Q3,ORG-12345,SITE-D,Northern Ireland,Secondary,Imported,,2024-11-02
Fibre-based composite,REC-1251-Q2 2024-SITE-A-FB01,2024-Q2,ORG-12345,SITE-A,England,Tertiary,Supplied as goods,,2024-12-20
Paper/card,REC-1252-2024-Q3-SITE-D-PC01,2024-Q3,ORG-12345,SITE-D,Northern Ireland,Primary,Supplied as goods,,2024-12-25
Fibre-based composite,REC-1253-Q4 2024-SITE-B-FB01,,ORG-12345,SITE-B,Scotland,Secondary,Exported,,2024-11-06
Plastic,REC-1254-Q2 2024-SITE-D-PL02,2024-Q2,ORG-12345,SITE-D,Northern Ireland,Primary,Supplied as goods,,2024-07-26
Aluminium,REC-1255-2024-Q3-SITE-C-AL01,2024-Q3,ORG-12345,SITE-C,Wales,Secondary,Supplied as goods,,2024-06-17
Steel,REC-1256-Q4 2024-SITE-D-ST01,,ORG-12345,SITE-D,Northern Ireland,Shipment,Supplied as goods,,2024-07-13
Other,REC-1257-Q2 2024-SITE-A-OT01,2024-Q2,ORG-12345,SITE-A,England,Secondary,Exported,,2024-08-21
Paper/card,REC-1258-2024-Q3-SITE-D-PC01,2024-Q3,ORG-12345,SITE-D,Northern Ireland,Primary,Exported,,2025-01-01
Fibre-based composite,REC-1259-2024-Q1-SITE-A-FB01,2024-Q1,ORG-12345,SITE-A,England,Tertiary,Imported,,2024-12-12
Plastic,REC-1260-2024-Q1-SITE-D-PL01,2024-Q1,ORG-12345,SITE-D,Northern Ireland,Shipment,Imported,,2024-06-11
Fibre-based composite,REC-1261-Q2 2024-SITE-A-FB01,2024-Q2,ORG-12345,SITE-A,England,Primary,Supplied as goods,,2024-03-18
Paper/card,REC-1262-2024-Q3-SITE-A-PC01,2024-Q3,ORG-12345,SITE-A,England,Tertiary,Imported,,2024-09-30
Steel,REC-1263-2024-Q1-SITE-B-ST01,2024-Q1,ORG-12345,SITE-B,Scotland,Secondary,Exported,,2024-01-31
Plastic,REC-1264-Q2 2024-SITE-C-PL01,2024-Q2,ORG-12345,SITE-C,Wales,Primary,Supplied as goods,,2024-08-22
Aluminium,REC-1265-Q4 2024-SITE-A-AL01,,ORG-12345,SITE-A,England,Shipment,Imported,,2024-12-05
Fibre-based composite,REC-1266-Q2 2024-SITE-E-FB01,2024-Q2,ORG-12345,SITE-E,England,Tertiary,Supplied as goods,,2024-05-12
Plastic,REC-1267-Q2 2024-SITE-C-PL02,2024-Q2,ORG-12345,SITE-C,Wales,Tertiary,Supplied as goods,,2024-04-28
Plastic,REC-1268-2024-Q1-SITE-A-PL02,2024-Q1,ORG-12345,SITE-A,England,Primary,Supplied as goods,,2024-07-28
Plastic,REC-1269-Q2 2024-SITE-C-PL01,2024-Q2,ORG-12345,SITE-C,Wales,Tertiary,Exported,,2024-12-14
Aluminium,REC-1270-2024-Q3-SITE-D-AL01,2024-Q3,ORG-12345,SITE-D,Northern Ireland,Secondary,Supplied as goods,,2024-02-10
Steel,REC-1271-Q4 2024-SITE-A-ST01,,ORG-12345,SITE-A,England,Primary,Supplied as goods,,2024-03-17
Plastic,REC-1272-2024-Q1-SITE-A-PL02,2024-Q1,ORG-12345,SITE-A,England,Primary,Imported,,2024-07-18
Aluminium,REC-1273-2024-Q1-SITE-D-AL01,2024-Q1,ORG-12345,SITE-D,Northern Ireland,Secondary,Supplied as goods,,2024-11-30
Plastic,REC-1274-Q2 2024-SITE-D-PL02,2024-Q2,ORG-12345,SITE-D,Northern Ireland,Primary,Exported,,2024-06-15
Plastic,REC-1275-2024-Q3-SITE-A-PL01,2024-Q3,ORG-12345,SITE-A,England,Primary,Exported,,2024-09-18
Other,REC-1276-Q2 2024-SITE-A-OT01,2024-Q2,ORG-12345,SITE-A,England,Primary,Supplied as goods,,2024-01-30
Other,REC-1277-2024-Q3-SITE-B-OT01,2024-Q3,ORG-12345,SITE-B,Scotland,Primary,Exported,,2024-05-05
Plastic,REC-1278-2024-Q3-SITE-C-PL01,2024-Q3,ORG-12345,SITE-C,Wales,Secondary,Supplied as goods,,2024-04-26
Plastic,REC-1279-Q4 2024-SITE-D-PL02,,ORG-12345,SITE-D,Northern Ireland,Secondary,Exported,,2024-10-03
Fibre-based composite,REC-1280-2024-Q1-SITE-D-FB01,2024-Q1,ORG-12345,SITE-D,Northern Ireland,Primary,Imported,,2024-11-10
Steel,REC-1281-Q4 2024-SITE-D-ST01,,ORG-12345,SITE-D,Northern Ireland,Primary,Supplied as goods,,2024-11-15
Steel,REC-1282-Q2 2024-SITE-D-ST01,2024-Q2,ORG-12345,SITE-D,Northern Ireland,Tertiary,Imported,,2024-07-13
Paper/card,REC-1283-2024-Q3-SITE-E-PC01,2024-Q3,ORG-12345,SITE-E,England,Tertiary,Supplied as goods,,2024-08-11
Steel,REC-1284-2024-Q1-SITE-D-ST01,2024-Q1,ORG-12345,SITE-D,Northern Ireland,Shipment,Exported,,2024-04-16
Paper/card,REC-1285-2024-Q3-SITE-B-PC01,2024-Q3,ORG-12345,SITE-B,Scotland,Secondary,Supplied as goods,,2024-03-29
Paper/card,REC-1286-Q2 2024-SITE-C-PC01,2024-Q2,ORG-12345,SITE-C,Wales,Primary,Supplied as goods,,2024-10-31
Paper/card,REC-1287-Q2 2024-SITE-E-PC01,2024-Q2,ORG-12345,SITE-E,England,Primary,Exported,,2024-05-05
Plastic,REC-1288-Q4 2024-SITE-E-PL02,,ORG-12345,SITE-E,England,Shipment,Imported,,2024-08-24
Paper/card,REC-1289-Q4 2024-SITE-D-PC01,,ORG-12345,SITE-D,Northern Ireland,Tertiary,Imported,,2024-06-03
Fibre-based composite,REC-1290-Q4 2024-SITE-E-FB01,,ORG-12345,SITE-E,England,Primary,Supplied as goods,,2024-11-05
Plastic,REC-1291-2024-Q3-SITE-D-PL01,2024-Q3,ORG-12345,SITE-D,Northern Ireland,Secondary,Supplied as goods,,2024-08-08
Plastic,REC-1292-Q4 2024-SITE-A-PL01,,ORG-12345,SITE-A,England,Shipment,Exported,,2024-08-14
Steel,REC-1293-2024-Q3-SITE-A-ST01,2024-Q3,ORG-12345,SITE-A,England,Secondary,Imported,,2024-11-23
Plastic,REC-1294-2024-Q1-SITE-D-PL01,2024-Q1,ORG-12345,SITE-D,Northern Ireland,Secondary,Imported,,2024-11-26
Plastic,REC-1295-2024-Q1-SITE-B-PL02,2024-Q1,ORG-12345,SITE-B,Scotland,Primary,Supplied as goods,,2025-01-01
Fibre-based composite,REC-1296-2024-Q1-SITE-E-FB01,2024-Q1,ORG-12345,SITE-E,England,Primary,Supplied as goods,,2024-02-10
Steel,REC-1297-2024-Q3-SITE-A-ST01,2024-Q3,ORG-12345,SITE-A,England,Tertiary,Supplied as goods,,2025-01-01
Fibre-based composite,REC-1298-Q4 2024-SITE-E-FB01,,ORG-12345,SITE-E,England,Secondary,Exported,,2024-03-19
Paper/card,REC-1299-2024-Q1-SITE-D-PC01,2024-Q1,ORG-12345,SITE-D,Northern Ireland,Tertiary,Supplied as goods,,2024-10-11
Aluminium,REC-1300-Q4 2024-SITE-C-AL01,,ORG-12345,SITE-C,Wales,Shipment,Imported,,2024-03-02
Steel,REC-1301-2024Q2-SITE-E-ST01,2024-Q2,ORG-12345,SITE-E,England,Tertiary,Imported,,2024-12-11
Aluminium,REC-1302-Q2 2024-SITE-A-AL01,2024-Q2,ORG-12345,SITE-A,England,Tertiary,Supplied as goods,,2024-12-23
Aluminium,REC-1303-Q2 2024-SITE-C-AL01,2024-Q2,ORG-12345,SITE-C,Wales,Primary,Imported,,2024-10-11
Other,REC-1304-Q2 2024-SITE-D-OT01,2024-Q2,ORG-12345,SITE-D,Northern Ireland,Tertiary,Imported,,2024-03-09
Glass,REC-1305-Q2 2024-SITE-E-GL01,2024-Q2,ORG-12345,SITE-E,England,Primary,Imported,,2024-04-20
Plastic,REC-1306-2024-Q1-SITE-E-PL02,2024-Q1,ORG-12345,SITE-E,England,Secondary,Imported,,2024-09-07
Plastic,REC-1307-2024-Q3-SITE-B-PL02,2024-Q3,ORG-12345,SITE-B,Scotland,Tertiary,Supplied as goods,,2024-03-15
Other,REC-1308-Q4 2024-SITE-C-OT01,,ORG-12345,SITE-C,Wales,Secondary,Imported,,2024-04-01
Fibre-based composite,REC-1309-2024-Q3-SITE-D-FB01,2024-Q3,ORG-12345,SITE-D,Northern Ireland,Shipment,Imported,,2024-03-05
Plastic,REC-1310-2024-Q3-SITE-B-PL01,2024-Q3,ORG-12345,SITE-B,Scotland,Tertiary,Imported,,2024-08-08
Glass,REC-1311-Q4 2024-SITE-E-GL01,,ORG-12345,SITE-E,England,Shipment,Imported,,2024-12-28
Plastic,REC-1312-2024-Q1-SITE-A-PL01,2024-Q1,ORG-12345,SITE-A,England,Tertiary,Supplied as goods,,2024-11-04
Steel,REC-1313-Q4 2024-SITE-B-ST01,,ORG-12345,SITE-B,Scotland,Primary,Supplied as goods,,2024-08-03
Plastic,REC-1314-Q2 2024-SITE-D-PL02,2024-Q2,ORG-12345,SITE-D,Northern Ireland,Primary,Exported,,2024-04-28
,REC-1315-2024-Q1-SITE-A-UNKNOWN,2024-Q1,ORG-12345,SITE-A,England,Tertiary,Imported,,2024-09-28
Wood,REC-1316-2024-Q3-SITE-B-WD01,2024-Q3,ORG-12345,SITE-B,Scotland,Tertiary,Imported,,2024-02-19
Glass,REC-1317-Q4 2024-SITE-Z-GL01,,ORG-12345,SITE-Z,,Primary,Imported,,2024-07-04
Plastic,REC-1318-2024-Q3-SITE-A-PL01,2024-Q3,ORG-12345,SITE-A,England,Primary,Imported,,2024-11-08
Plastic,REC-1319-2024-Q3-SITE-A-PL01,2024-Q3,ORG-12345,SITE-A,England,Secondary,Supplied as goods,,2024-10-09
Other,REC-1320-2024-Q3-SITE-C-OT01,2024-Q3,ORG-12345,SITE-C,Wales,Primary,Supplied as goods,,2024-09-22
Paper/card,REC-1321-Q4 2024-SITE-C-PC01,,ORG-12345,SITE-C,Wales,Shipment,Imported,,2024-07-13
Steel,REC-1322-2024-Q3-SITE-A-ST01,2024-Q3,ORG-12345,SITE-A,England,Tertiary,Imported,,2024-10-06
Plastic,REC-1323-Q4 2024-SITE-C-PL01,,ORG-12345,SITE-C,Wales,Primary,Imported,,2024-05-19
Fibre-based composite,REC-1324-2024-Q1-SITE-D-FB01,2024-Q1,ORG-12345,SITE-D,Northern Ireland,Secondary,Supplied as goods,,2024-11-30
Other,REC-1325-Q4 2024-SITE-C-OT01,,ORG-12345,SITE-C,Wales,Secondary,Exported,,2024-08-15
Steel,REC-1326-2024-Q1-SITE-E-ST01,2024-Q1,ORG-12345,SITE-E,England,Secondary,Supplied as goods,,2024-09-03
Paper/card,REC-1327-Q4 2024-SITE-B-PC01,,ORG-12345,SITE-B,Scotland,Secondary,Supplied as goods,,2024-03-31
Other,REC-1328-Q4 2024-SITE-C-OT01,,ORG-12345,SITE-C,Wales,Secondary,Exported,,2024-02-17
Steel,REC-1329-2024-Q1-SITE-E-ST01,2024-Q1,ORG-12345,SITE-E,England,Primary,Imported,,2024-09-21
Steel,REC-1330-2024-Q3-SITE-A-ST01,2024-Q3,ORG-12345,SITE-A,England,Primary,Imported,,2024-07-12
Steel,REC-1331-2024-Q3-SITE-A-ST01,2024-Q3,ORG-12345,SITE-A,England,Tertiary,Exported,,2024-04-24
Fibre-based composite,REC-1332-2024-Q3-SITE-D-FB01,2024-Q3,ORG-12345,SITE-D,Northern Ireland,Shipment,Supplied as goods,,2024-12-27
Fibre-based composite,REC-1333-2024-Q3-SITE-C-FB01,2024-Q3,ORG-12345,SITE-C,Wales,Secondary,Imported,,2024-06-22
Glass,REC-1334-Q2 2024-SITE-E-GL01,2024-Q2,ORG-12345,SITE-E,England,Shipment,Imported,,2024-04-26
Steel,REC-1335-2024-Q1-SITE-C-ST01,2024-Q1,ORG-12345,SITE-C,Wales,Primary,Imported,,2024-10-31
Wood,REC-1336-Q2 2024-SITE-A-WD01,2024-Q2,ORG-12345,SITE-A,England,Shipment,Supplied as goods,,2024-08-28
Paper/card,REC-1337-Q4 2024-SITE-C-PC01,,ORG-12345,SITE-C,Wales,Shipment,Exported,,2024-08-17
Fibre-based composite,REC-1338-2024-Q1-SITE-D-FB01,2024-Q1,ORG-12345,SITE-D,Northern Ireland,Secondary,Supplied as goods,,2024-11-24
Steel,REC-1339-2024-Q3-SITE-B-ST01,2024-Q3,ORG-12345,SITE-B,Scotland,Tertiary,Supplied as goods,,2024-08-03
Glass,REC-1340-2024-Q1-SITE-A-GL01,2024-Q1,ORG-12345,SITE-A,England,Secondary,Exported,,2024-06-01
Plastic,REC-1341-Q4 2024-SITE-E-PL02,,ORG-12345,SITE-E,England,Secondary,Exported,,2024-07-02
Plastic,REC-1342-Q2 2024-SITE-B-PL01,2024-Q2,ORG-12345,SITE-B,Scotland,Primary,Exported,,2024-09-24
Glass,REC-1343-2024-Q3-SITE-C-GL01,2024-Q3,ORG-12345,SITE-C,Wales,Primary,Exported,,2024-01-18
Wood,REC-1344-Q2 2024-SITE-A-WD01,2024-Q2,ORG-12345,SITE-A,England,Shipment,Exported,,2024-03-16
Other,REC-1345-Q4 2024-SITE-A-OT01,,ORG-12345,SITE-A,England,Primary,Supplied as goods,,2024-02-12
Plastic,REC-1346-2024-Q3-SITE-B-PL02,2024-Q3,ORG-12345,SITE-B,Scotland,Secondary,Imported,,2024-12-28
Wood,REC-1347-2024-Q1-SITE-B-WD01,2024-Q1,ORG-12345,SITE-B,Scotland,Tertiary,Exported,,2024-03-27
Aluminium,REC-1348-Q4 2024-SITE-D-AL01,,ORG-12345,SITE-D,Northern Ireland,Primary,Exported,,2024-06-11
Plastic,REC-1349-Q4 2024-SITE-D-PL02,,ORG-12345,SITE-D,Northern Ireland,Shipment,Imported,,2024-03-09
Wood,REC-1350-2024-Q1-SITE-D-WD01,2024-Q1,ORG-12345,SITE-D,Northern Ireland,Secondary,Imported,,2024-08-01
Plastic,REC-1351-2024-Q3-SITE-A-PL01,2024-Q3,ORG-12345,SITE-A,England,Shipment,Imported,,2024-09-10
Wood,REC-1352-Q2 2024-SITE-E-WD01,2024-Q2,ORG-12345,SITE-E,England,Secondary,Supplied as goods,,2024-10-09
Fibre-based composite,REC-1353-2024-Q3-SITE-C-FB01,2024-Q3,ORG-12345,SITE-C,Wales,Shipment,Supplied as goods,,2024-03-26
Steel,REC-1354-Q4 2024-SITE-A-ST01,,ORG-12345,SITE-A,England,Tertiary,Exported,,2024-09-12
Glass,REC-1355-2024-Q3-SITE-B-GL01,2024-Q3,ORG-12345,SITE-B,Scotland,Shipment,Exported,,2024-11-07
Paper/card,REC-1356-2024-Q1-SITE-A-PC01,2024-Q1,ORG-12345,SITE-A,England,Shipment,Exported,,2024-04-05
Aluminium,REC-1357-Q2 2024-SITE-C-AL01,2024-Q2,ORG-12345,SITE-C,Wales,Primary,Exported,,2024-05-15
Plastic,REC-1358-2024-Q1-SITE-A-PL02,2024-Q1,ORG-12345,SITE-A,England,Primary,Exported,,2024-05-22
Plastic,REC-1359-2024-Q1-SITE-E-PL02,2024-Q1,ORG-12345,SITE-E,England,Primary,Exported,,2024-06-27
Plastic,REC-1360-2024-Q3-SITE-B-PL02,2024-Q3,ORG-12345,SITE-B,Scotland,Tertiary,Imported,,2024-08-26
Steel,REC-1361-Q2 2024-SITE-E-ST01,2024-Q2,ORG-12345,SITE-E,England,Primary,Supplied as goods,,2024-11-08
Plastic,REC-1362-2024-Q1-SITE-B-PL01,2024-Q1,ORG-12345,SITE-B,Scotland,Tertiary,Exported,,2024-08-10
Other,REC-1363-Q2 2024-SITE-B-OT01,2024-Q2,ORG-12345,SITE-B,Scotland,Tertiary,Supplied as goods,,2024-09-13
Other,REC-1364-Q4 2024-SITE-A-OT01,,ORG-12345,SITE-A,England,Secondary,Imported,,2024-11-30
Fibre-based composite,REC-1365-2024-Q3-SITE-E-FB01,2024-Q3,ORG-12345,SITE-E,England,Tertiary,Supplied as goods,,2024-03-15
Wood,REC-1366-Q2 2024-SITE-A-WD01,2024-Q2,ORG-12345,SITE-A,England,Primary,Supplied as goods,,2024-05-22
Fibre-based composite,REC-1367-2024-Q1-SITE-C-FB01,2024-Q1,ORG-12345,SITE-C,Wales,Tertiary,Imported,,2024-11-04
Aluminium,REC-1368-2024-Q1-SITE-D-AL01,2024-Q1,ORG-12345,SITE-D,Northern Ireland,Tertiary,Exported,,2025-01-06
Plastic,REC-1369-2024-Q1-SITE-A-PL02,2024-Q1,ORG-12345,SITE-A,England,Shipment,Imported,,2024-08-17
Steel,REC-1370-Q2 2024-SITE-B-ST01,2024-Q2,ORG-12345,SITE-B,Scotland,Primary,Imported,,2024-07-01
Plastic,REC-1371-2024-Q1-SITE-C-PL01,2024-Q1,ORG-12345,SITE-C,Wales,Primary,Imported,,2024-11-16
Plastic,REC-1372-2024-Q1-SITE-A-PL02,2024-Q1,ORG-12345,SITE-A,England,Shipment,Imported,,2024-09-25
Other,REC-1373-Q2 2024-SITE-C-OT01,2024-Q2,ORG-12345,SITE-C,Wales,Primary,Exported,,2024-02-12
Plastic,REC-1374-Q4 2024-SITE-A-PL01,,ORG-12345,SITE-A,England,Tertiary,Supplied as goods,,2024-07-31
Fibre-based composite,REC-1375-Q2 2024-SITE-E-FB01,2024-Q2,ORG-12345,SITE-E,England,Tertiary,Supplied as goods,,2024-08-26
Plastic,REC-1376-2024-Q1-SITE-D-PL02,2024-Q1,ORG-12345,SITE-D,Northern Ireland,Shipment,Imported,,2024-05-12
Plastic,REC-1377-Q2 2024-SITE-A-PL02,2024-Q2,ORG-12345,SITE-A,England,Shipment,Supplied as goods,,2024-02-23
Plastic,REC-1378-2024-Q3-SITE-C-PL01,2024-Q3,ORG-12345,SITE-C,Wales,Primary,Imported,,2024-12-15
Aluminium,REC-1379-2024-Q1-SITE-A-AL01,2024-Q1,ORG-12345,SITE-A,England,Secondary,Supplied as goods,,2024-05-22
Other,REC-1380-Q4 2024-SITE-B-OT01,,ORG-12345,SITE-B,Scotland,Primary,Imported,,2024-06-17
Paper/card,REC-1381-2024-Q3-SITE-E-PC01,2024-Q3,ORG-12345,SITE-E,England,Tertiary,Exported,,2025-01-06
Other,REC-1382-Q4 2024-SITE-E-OT01,,ORG-12345,SITE-E,England,Shipment,Supplied as goods,,2024-02-24
Aluminium,REC-1383-2024-Q3-SITE-A-AL01,2024-Q3,ORG-12345,SITE-A,England,Primary,Exported,,2024-03-27
Plastic,REC-1384-2024-Q1-SITE-A-PL01,2024-Q1,ORG-12345,SITE-A,England,Primary,Exported,,2024-02-01
Steel,REC-1385-2024-Q3-SITE-A-ST01,2024-Q3,ORG-12345,SITE-A,England,Secondary,Exported,,2024-07-29
Wood,REC-1386-Q2 2024-SITE-B-WD01,2024-Q2,ORG-12345,SITE-B,Scotland,Primary,Imported,,2024-04-18
Fibre-based composite,REC-1387-2024-Q3-SITE-E-FB01,2024-Q3,ORG-12345,SITE-E,England,Shipment,Supplied as goods,,2024-11-21
Paper/card,REC-1388-2024-Q3-SITE-A-PC01,2024-Q3,ORG-12345,SITE-A,England,Tertiary,Imported,,2024-11-28
Fibre-based composite,REC-1389-Q4 2024-SITE-A-FB01,,ORG-12345,SITE-A,England,Tertiary,Imported,,2024-12-27
Steel,REC-1390-Q4 2024-SITE-B-ST01,,ORG-12345,SITE-B,Scotland,Tertiary,Exported,,2024-05-15
Glass,REC-1391-Q2 2024-SITE-A-GL01,2024-Q2,ORG-12345,SITE-A,England,Primary,Imported,,2024-06-14
Paper/card,REC-1392-2024-Q3-SITE-C-PC01,2024-Q3,ORG-12345,SITE-C,Wales,Shipment,Imported,,2024-05-22
Plastic,REC-1393-Q2 2024-SITE-C-PL01,2024-Q2,ORG-12345,SITE-C,Wales,Primary,Imported,,2024-09-07
Plastic,REC-1394-Q2 2024-SITE-D-PL01,2024-Q2,ORG-12345,SITE-D,Northern Ireland,Secondary,Supplied as goods,,2024-02-13
Plastic,REC-1395-Q2 2024-SITE-D-PL02,2024-Q2,ORG-12345,SITE-D,Northern Ireland,Secondary,Exported,,2024-06-04
Steel,REC-1396-2024-Q1-SITE-B-ST01,2024-Q1,ORG-12345,SITE-B,Scotland,Tertiary,Imported,,2024-03-13
Plastic,REC-1397-2024-Q3-SITE-E-PL01,2024-Q3,ORG-12345,SITE-E,England,Primary,Exported,,2024-10-24
Aluminium,REC-1398-2024-Q3-SITE-A-AL01,2024-Q3,ORG-12345,SITE-A,England,Primary,Exported,,2024-02-06
Aluminium,REC-1399-2024-Q1-SITE-A-AL01,2024-Q1,ORG-12345,SITE-A,England,Secondary,Supplied as goods,,2024-04-28
Paper/card,REC-1400-Q4 2024-SITE-A-PC01,,ORG-12345,SITE-A,England,Shipment,Imported,,2024-03-28
Plastic,REC-1401-2024Q2-SITE-D-PL01,2024-Q2,ORG-12345,SITE-D,Northern Ireland,Secondary,Exported,,2024-06-13
Plastic,REC-1402-2024-Q1-SITE-E-PL01,2024-Q1,ORG-12345,SITE-E,England,Primary,Imported,,2024-11-21
Aluminium,REC-1403-Q4 2024-SITE-B-AL01,,ORG-12345,SITE-B,Scotland,Primary,Imported,,2024-01-31
Glass,REC-1404-Q4 2024-SITE-B-GL01,,ORG-12345,SITE-B,Scotland,Secondary,Exported,,2024-03-17
Other,REC-1405-2024-Q3-SITE-C-OT01,2024-Q3,ORG-12345,SITE-C,Wales,Tertiary,Supplied as goods,,2024-11-04
Steel,REC-1406-Q4 2024-SITE-B-ST01,,ORG-12345,SITE-B,Scotland,Primary,Imported,,2024-03-14
Aluminium,REC-1407-2024-Q1-SITE-C-AL01,2024-Q1,ORG-12345,SITE-C,Wales,Secondary,Exported,,2024-03-15
Other,REC-1408-Q4 2024-SITE-D-OT01,,ORG-12345,SITE-D,Northern Ireland,Primary,Imported,,2024-11-01
Glass,REC-1409-Q2 2024-SITE-E-GL01,2024-Q2,ORG-12345,SITE-E,England,Shipment,Supplied as goods,,2024-05-27
Steel,REC-1410-Q2 2024-SITE-D-ST01,2024-Q2,ORG-12345,SITE-D,Northern Ireland,Secondary,Imported,,2024-09-24
Aluminium,REC-1411-2024-Q3-SITE-D-AL01,2024-Q3,ORG-12345,SITE-D,Northern Ireland,Primary,Imported,,2024-09-11
Plastic,REC-1412-2024-Q1-SITE-B-PL02,2024-Q1,ORG-12345,SITE-B,Scotland,Primary,Supplied as goods,,2024-10-04
Other,REC-1413-Q2 2024-SITE-E-OT01,2024-Q2,ORG-12345,SITE-E,England,Secondary,Imported,,2024-06-13
Plastic,REC-1414-2024-Q1-SITE-A-PL02,2024-Q1,ORG-12345,SITE-A,England,Secondary,Imported,,2024-07-14
,REC-1415-Q4 2024-SITE-C-UNKNOWN,,ORG-12345,SITE-C,Wales,Secondary,Exported,,2024-03-23
Glass,REC-1416-2024-Q1-SITE-B-GL01,2024-Q1,ORG-12345,SITE-B,Scotland,Tertiary,Exported,,2024-11-13
Paper/card,REC-1417-Q2 2024-SITE-Z-PC01,2024-Q2,ORG-12345,SITE-Z,,Tertiary,Exported,,2024-11-11
Steel,REC-1418-2024-Q1-SITE-C-ST01,2024-Q1,ORG-12345,SITE-C,Wales,Tertiary,Supplied as goods,,2024-10-06
Other,REC-1419-2024-Q3-SITE-C-OT01,2024-Q3,ORG-12345,SITE-C,Wales,Shipment,Exported,,2024-06-26
Glass,REC-1420-2024-Q3-SITE-D-GL01,2024-Q3,ORG-12345,SITE-D,Northern Ireland,Primary,Supplied as goods,,2024-11-25
Paper/card,REC-1421-2024-Q3-SITE-C-PC01,2024-Q3,ORG-12345,SITE-C,Wales,Primary,Imported,,2024-08-26
Aluminium,REC-1422-2024-Q1-SITE-E-AL01,2024-Q1,ORG-12345,SITE-E,England,Primary,Imported,,2024-12-21
Steel,REC-1423-2024-Q1-SITE-A-ST01,2024-Q1,ORG-12345,SITE-A,England,Primary,Supplied as goods,,2024-10-16
Aluminium,REC-1424-Q2 2024-SITE-C-AL01,2024-Q2,ORG-12345,SITE-C,Wales,Primary,Imported,,2024-11-02
Fibre-based composite,REC-1425-2024-Q1-SITE-C-FB01,2024-Q1,ORG-12345,SITE-C,Wales,Tertiary,Imported,,2024-03-16
Wood,REC-1426-2024-Q1-SITE-C-WD01,2024-Q1,ORG-12345,SITE-C,Wales,Secondary,Imported,,2024-02-24
Aluminium,REC-1427-Q4 2024-SITE-C-AL01,,ORG-12345,SITE-C,Wales,Tertiary,Supplied as goods,,2024-10-03
Plastic,REC-1428-2024-Q1-SITE-D-PL02,2024-Q1,ORG-12345,SITE-D,Northern Ireland,Tertiary,Exported,,2024-10-07
Paper/card,REC-1429-Q2 2024-SITE-A-PC01,2024-Q2,ORG-12345,SITE-A,England,Primary,Exported,,2024-11-10
Fibre-based composite,REC-1430-Q2 2024-SITE-D-FB01,2024-Q2,ORG-12345,SITE-D,Northern Ireland,Tertiary,Supplied as goods,,2024-04-19
Wood,REC-1431-Q2 2024-SITE-E-WD01,2024-Q2,ORG-12345,SITE-E,England,Secondary,Supplied as goods,,2024-08-24
Plastic,REC-1432-Q4 2024-SITE-A-PL02,,ORG-12345,SITE-A,England,Secondary,Exported,,2024-05-28
Fibre-based composite,REC-1433-Q2 2024-SITE-D-FB01,2024-Q2,ORG-12345,SITE-D,Northern Ireland,Tertiary,Exported,,2024-05-12
Steel,REC-1434-2024-Q3-SITE-E-ST01,2024-Q3,ORG-12345,SITE-E,England,Tertiary,Imported,,2024-09-17
Steel,REC-1435-Q4 2024-SITE-D-ST01,,ORG-12345,SITE-D,Northern Ireland,Primary,Supplied as goods,,2024-05-20
Fibre-based composite,REC-1436-2024-Q3-SITE-A-FB01,2024-Q3,ORG-12345,SITE-A,England,Primary,Supplied as goods,,2024-08-05
Glass,REC-1437-Q4 2024-SITE-E-GL01,,ORG-12345,SITE-E,England,Tertiary,Imported,,2024-05-14
Plastic,REC-1438-2024-Q3-SITE-A-PL01,2024-Q3,ORG-12345,SITE-A,England,Secondary,Imported,,2024-12-25
Paper/card,REC-1439-2024-Q3-SITE-D-PC01,2024-Q3,ORG-12345,SITE-D,Northern Ireland,Secondary,Imported,,2024-05-31
Wood,REC-1440-Q4 2024-SITE-C-WD01,,ORG-12345,SITE-C,Wales,Tertiary,Supplied as goods,,2024-05-07
Glass,REC-1441-2024-Q3-SITE-E-GL01,2024-Q3,ORG-12345,SITE-E,England,Shipment,Supplied as goods,,2024-11-19
Other,REC-1442-2024-Q3-SITE-A-OT01,2024-Q3,ORG-12345,SITE-A,England,Primary,Exported,,2024-10-24
Plastic,REC-1443-Q2 2024-SITE-E-PL02,2024-Q2,ORG-12345,SITE-E,England,Tertiary,Supplied as goods,,2024-10-15
Fibre-based composite,REC-1444-2024-Q3-SITE-C-FB01,2024-Q3,ORG-12345,SITE-C,Wales,Tertiary,Exported,,2024-05-04
Other,REC-1445-2024-Q1-SITE-A-OT01,2024-Q1,ORG-12345,SITE-A,England,Tertiary,Supplied as goods,,2024-08-05
Wood,REC-1446-Q2 2024-SITE-B-WD01,2024-Q2,ORG-12345,SITE-B,Scotland,Primary,Supplied as goods,,2024-06-02
Plastic,REC-1447-2024-Q1-SITE-C-PL02,2024-Q1,ORG-12345,SITE-C,Wales,Tertiary,Imported,,2024-02-21
Other,REC-1448-2024-Q1-SITE-A-OT01,2024-Q1,ORG-12345,SITE-A,England,Tertiary,Exported,,2024-10-18
Glass,REC-1449-2024-Q3-SITE-B-GL01,2024-Q3,ORG-12345,SITE-B,Scotland,Primary,Exported,,2024-08-19
Other,REC-1450-2024-Q1-SITE-B-OT01,2024-Q1,ORG-12345,SITE-B,Scotland,Tertiary,Supplied as goods,,2024-12-15
Wood,REC-1451-2024-Q3-SITE-D-WD01,2024-Q3,ORG-12345,SITE-D,Northern Ireland,Secondary,Imported,,2024-06-08
Other,REC-1452-2024-Q3-SITE-D-OT01,2024-Q3,ORG-12345,SITE-D,Northern Ireland,Shipment,Supplied as goods,,2024-03-10
Wood,REC-1453-Q4 2024-SITE-B-WD01,,ORG-12345,SITE-B,Scotland,Primary,Exported,,2024-09-15
Plastic,REC-1454-Q2 2024-SITE-A-PL02,2024-Q2,ORG-12345,SITE-A,England,Tertiary,Imported,,2024-09-21
Aluminium,REC-1455-Q2 2024-SITE-E-AL01,2024-Q2,ORG-12345,SITE-E,England,Primary,Supplied as goods,,2024-09-23
Steel,REC-1456-2024-Q3-SITE-A-ST01,2024-Q3,ORG-12345,SITE-A,England,Secondary,Imported,,2024-10-30
Fibre-based composite,REC-1457-Q4 2024-SITE-E-FB01,,ORG-12345,SITE-E,England,Tertiary,Supplied as goods,,2024-09-26
Paper/card,REC-1458-2024-Q1-SITE-E-PC01,2024-Q1,ORG-12345,SITE-E,England,Tertiary,Supplied as goods,,2024-08-19
Plastic,REC-1459-2024-Q1-SITE-E-PL02,2024-Q1,ORG-12345,SITE-E,England,Secondary,Supplied as goods,,2024-04-25
Wood,REC-1460-Q2 2024-SITE-D-WD01,2024-Q2,ORG-12345,SITE-D,Northern Ireland,Tertiary,Supplied as goods,,2024-10-09
Wood,REC-1461-2024-Q1-SITE-D-WD01,2024-Q1,ORG-12345,SITE-D,Northern Ireland,Primary,Exported,,2024-03-15
Fibre-based composite,REC-1462-2024-Q3-SITE-E-FB01,2024-Q3,ORG-12345,SITE-E,England,Secondary,Exported,,2024-07-23
Glass,REC-1463-2024-Q3-SITE-E-GL01,2024-Q3,ORG-12345,SITE-E,England,Primary,Imported,,2024-11-19
Steel,REC-1464-Q2 2024-SITE-B-ST01,2024-Q2,ORG-12345,SITE-B,Scotland,Secondary,Imported,,2024-09-13
Plastic,REC-1465-2024-Q1-SITE-A-PL01,2024-Q1,ORG-12345,SITE-A,England,Secondary,Imported,,2025-01-08
Aluminium,REC-1466-2024-Q1-SITE-C-AL01,2024-Q1,ORG-12345,SITE-C,Wales,Primary,Exported,,2024-11-29
Wood,REC-1467-2024-Q1-SITE-C-WD01,2024-Q1,ORG-12345,SITE-C,Wales,Shipment,Supplied as goods,,2024-06-03
Steel,REC-1468-Q4 2024-SITE-C-ST01,,ORG-12345,SITE-C,Wales,Tertiary,Imported,,2024-10-28
Other,REC-1469-Q2 2024-SITE-A-OT01,2024-Q2,ORG-12345,SITE-A,England,Tertiary,Exported,,2024-04-15
Steel,REC-1470-2024-Q3-SITE-C-ST01,2024-Q3,ORG-12345,SITE-C,Wales,Shipment,Supplied as goods,,2024-11-25
Wood,REC-1471-2024-Q1-SITE-B-WD01,2024-Q1,ORG-12345,SITE-B,Scotland,Primary,Supplied as goods,,2024-03-30
Glass,REC-1472-2024-Q1-SITE-A-GL01,2024-Q1,ORG-12345,SITE-A,England,Primary,Imported,,2024-10-02
Wood,REC-1473-2024-Q1-SITE-E-WD01,2024-Q1,ORG-12345,SITE-E,England,Secondary,Exported,,2024-10-27
Fibre-based composite,REC-1474-2024-Q3-SITE-C-FB01,2024-Q3,ORG-12345,SITE-C,Wales,Secondary,Imported,,2024-02-24
Aluminium,REC-1475-Q4 2024-SITE-D-AL01,,ORG-12345,SITE-D,Northern Ireland,Primary,Exported,,2025-01-04
Steel,REC-1476-Q2 2024-SITE-C-ST01,2024-Q2,ORG-12345,SITE-C,Wales,Tertiary,Supplied as goods,,2024-07-20
Wood,REC-1477-Q2 2024-SITE-B-WD01,2024-Q2,ORG-12345,SITE-B,Scotland,Tertiary,Exported,,2024-07-24
Glass,REC-1478-Q2 2024-SITE-E-GL01,2024-Q2,ORG-12345,SITE-E,England,Tertiary,Supplied as goods,,2024-11-10
Steel,REC-1479-2024-Q1-SITE-E-ST01,2024-Q1,ORG-12345,SITE-E,England,Secondary,Supplied as goods,,2024-06-02
Plastic,REC-1480-2024-Q3-SITE-A-PL01,2024-Q3,ORG-12345,SITE-A,England,Tertiary,Imported,,2024-11-30
Plastic,REC-1481-Q4 2024-SITE-E-PL01,,ORG-12345,SITE-E,England,Shipment,Supplied as goods,,2024-04-12
Wood,REC-1482-2024-Q3-SITE-A-WD01,2024-Q3,ORG-12345,SITE-A,England,Tertiary,Exported,,2024-11-23
Glass,REC-1483-Q4 2024-SITE-A-GL01,,ORG-12345,SITE-A,England,Tertiary,Exported,,2024-02-12
Wood,REC-1484-2024-Q3-SITE-E-WD01,2024-Q3,ORG-12345,SITE-E,England,Tertiary,Exported,,2024-12-15
Plastic,REC-1485-2024-Q3-SITE-B-PL01,2024-Q3,ORG-12345,SITE-B,Scotland,Secondary,Exported,,2024-01-22
Fibre-based composite,REC-1486-Q2 2024-SITE-B-FB01,2024-Q2,ORG-12345,SITE-B,Scotland,Secondary,Exported,,2024-05-30
Plastic,REC-1487-Q4 2024-SITE-E-PL02,,ORG-12345,SITE-E,England,Primary,Imported,,2024-12-05
Plastic,REC-1488-Q4 2024-SITE-C-PL01,,ORG-12345,SITE-C,Wales,Secondary,Imported,,2025-01-05
Plastic,REC-1489-2024-Q1-SITE-B-PL02,2024-Q1,ORG-12345,SITE-B,Scotland,Shipment,Imported,,2024-06-25
Plastic,REC-1490-Q4 2024-SITE-C-PL01,,ORG-12345,SITE-C,Wales,Tertiary,Supplied as goods,,2024-05-20
Steel,REC-1491-2024-Q3-SITE-B-ST01,2024-Q3,ORG-12345,SITE-B,Scotland,Tertiary,Exported,,2024-07-27
Steel,REC-1492-Q2 2024-SITE-D-ST01,2024-Q2,ORG-12345,SITE-D,Northern Ireland,Primary,Imported,,2024-06-02
Aluminium,REC-1493-2024-Q1-SITE-C-AL01,2024-Q1,ORG-12345,SITE-C,Wales,Primary,Imported,,2024-07-14
Paper/card,REC-1494-Q4 2024-SITE-A-PC01,,ORG-12345,SITE-A,England,Secondary,Exported,,2024-10-16
Aluminium,REC-1495-2024-Q3-SITE-B-AL01,2024-Q3,ORG-12345,SITE-B,Scotland,Tertiary,Imported,,2024-09-28
Other,REC-1496-Q2 2024-SITE-E-OT01,2024-Q2,ORG-12345,SITE-E,England,Tertiary,Exported,,2024-05-05
Wood,REC-1497-Q2 2024-SITE-D-WD01,2024-Q2,ORG-12345,SITE-D,Northern Ireland,Secondary,Supplied as goods,,2024-11-10
Paper/card,REC-1498-2024-Q1-SITE-C-PC01,2024-Q1,ORG-12345,SITE-C,Wales,Secondary,Exported,,2024-07-16
Plastic,REC-1499-Q2 2024-SITE-A-PL01,2024-Q2,ORG-12345,SITE-A,England,Primary,Imported,,2024-06-19
Glass,REC-1500-Q4 2024-SITE-D-GL01,,ORG-12345,SITE-D,Northern Ireland,Secondary,Exported,,2024-11-04
Fibre-based composite,REC-1501-2024Q2-SITE-C-FB01,2024-Q2,ORG-12345,SITE-C,Wales,Tertiary,Imported,,2024-07-05
Wood,REC-1502-2024-Q1-SITE-E-WD01,2024-Q1,ORG-12345,SITE-E,England,Tertiary,Imported,,2024-08-20
Steel,REC-1503-Q2 2024-SITE-E-ST01,2024-Q2,ORG-12345,SITE-E,England,Primary,Imported,,2024-11-15
Other,REC-1504-2024-Q1-SITE-C-OT01,2024-Q1,ORG-12345,SITE-C,Wales,Primary,Exported,,2024-06-21
Glass,REC-1505-2024-Q1-SITE-D-GL01,2024-Q1,ORG-12345,SITE-D,Northern Ireland,Tertiary,Imported,,2024-03-30
Aluminium,REC-1506-Q2 2024-SITE-B-AL01,2024-Q2,ORG-12345,SITE-B,Scotland,Primary,Imported,,2024-03-01
Aluminium,REC-1507-Q4 2024-SITE-A-AL01,,ORG-12345,SITE-A,England,Primary,Exported,,2024-03-15
Plastic,REC-1508-Q4 2024-SITE-D-PL02,,ORG-12345,SITE-D,Northern Ireland,Secondary,Exported,,2024-05-18
Plastic,REC-1509-2024-Q3-SITE-D-PL02,2024-Q3,ORG-12345,SITE-D,Northern Ireland,Secondary,Supplied as goods,,2024-12-25
Fibre-based composite,REC-1510-2024-Q1-SITE-D-FB01,2024-Q1,ORG-12345,SITE-D,Northern Ireland,Shipment,Imported,,2024-11-21
Glass,REC-1511-2024-Q1-SITE-E-GL01,2024-Q1,ORG-12345,SITE-E,England,Tertiary,Supplied as goods,,2024-11-16
Fibre-based composite,REC-1512-2024-Q1-SITE-B-FB01,2024-Q1,ORG-12345,SITE-B,Scotland,Primary,Exported,,2024-06-17
Fibre-based composite,REC-1513-Q2 2024-SITE-D-FB01,2024-Q2,ORG-12345,SITE-D,Northern Ireland,Primary,Imported,,2024-06-22
Fibre-based composite,REC-1514-Q2 2024-SITE-B-FB01,2024-Q2,ORG-12345,SITE-B,Scotland,Tertiary,Imported,,2024-12-29
,REC-1515-2024-Q1-SITE-C-UNKNOWN,2024-Q1,ORG-12345,SITE-C,Wales,Tertiary,Supplied as goods,,2024-08-09
Plastic,REC-1516-2024-Q1-SITE-D-PL01,2024-Q1,ORG-12345,SITE-D,Northern Ireland,Primary,Imported,,2024-12-14
Fibre-based composite,REC-1517-Q4 2024-SITE-Z-FB01,,ORG-12345,SITE-Z,,Secondary,Supplied as goods,,2024-07-23
Wood,REC-1518-Q2 2024-SITE-A-WD01,2024-Q2,ORG-12345,SITE-A,England,Tertiary,Imported,,2024-10-13
Fibre-based composite,REC-1519-2024-Q3-SITE-C-FB01,2024-Q3,ORG-12345,SITE-C,Wales,Tertiary,Exported,,2024-10-04
Wood,REC-1520-Q4 2024-SITE-A-WD01,,ORG-12345,SITE-A,England,Secondary,Supplied as goods,,2024-07-20
Plastic,REC-1521-2024-Q3-SITE-C-PL01,2024-Q3,ORG-12345,SITE-C,Wales,Shipment,Exported,,2024-10-18
Steel,REC-1522-2024-Q3-SITE-D-ST01,2024-Q3,ORG-12345,SITE-D,Northern Ireland,Primary,Imported,,2024-12-05
Plastic,REC-1523-Q4 2024-SITE-E-PL01,,ORG-12345,SITE-E,England,Shipment,Supplied as goods,,2024-04-13
Plastic,REC-1524-Q4 2024-SITE-D-PL02,,ORG-12345,SITE-D,Northern Ireland,Shipment,Supplied as goods,,2024-07-09
Wood,REC-1525-2024-Q1-SITE-A-WD01,2024-Q1,ORG-12345,SITE-A,England,Tertiary,Exported,,2024-07-23
Plastic,REC-1526-2024-Q1-SITE-D-PL01,2024-Q1,ORG-12345,SITE-D,Northern Ireland,Primary,Exported,,2024-12-06
Steel,REC-1527-Q4 2024-SITE-A-ST01,,ORG-12345,SITE-A,England,Secondary,Imported,,2024-04-22
Steel,REC-1528-2024-Q3-SITE-A-ST01,2024-Q3,ORG-12345,SITE-A,England,Secondary,Exported,,2024-09-13
Aluminium,REC-1529-2024-Q1-SITE-C-AL01,2024-Q1,ORG-12345,SITE-C,Wales,Tertiary,Imported,,2024-08-06
Glass,REC-1530-2024-Q1-SITE-B-GL01,2024-Q1,ORG-12345,SITE-B,Scotland,Tertiary,Imported,,2024-12-16
Glass,REC-1531-Q2 2024-SITE-A-GL01,2024-Q2,ORG-12345,SITE-A,England,Secondary,Imported,,2024-01-24
Paper/card,REC-1532-Q4 2024-SITE-E-PC01,,ORG-12345,SITE-E,England,Primary,Supplied as goods,,2024-11-14
Paper/card,REC-1533-2024-Q3-SITE-C-PC01,2024-Q3,ORG-12345,SITE-C,Wales,Shipment,Imported,,2024-07-10
Wood,REC-1534-Q2 2024-SITE-B-WD01,2024-Q2,ORG-12345,SITE-B,Scotland,Primary,Imported,,2024-08-01
Steel,REC-1535-2024-Q3-SITE-D-ST01,2024-Q3,ORG-12345,SITE-D,Northern Ireland,Secondary,Supplied as goods,,2024-04-30
Other,REC-1536-Q4 2024-SITE-D-OT01,,ORG-12345,SITE-D,Northern Ireland,Secondary,Imported,,2024-04-03
Glass,REC-1537-2024-Q3-SITE-A-GL01,2024-Q3,ORG-12345,SITE-A,England,Shipment,Imported,,2024-09-22
Aluminium,REC-1538-Q4 2024-SITE-A-AL01,,ORG-12345,SITE-A,England,Secondary,Exported,,2024-05-02
Plastic,REC-1539-Q4 2024-SITE-D-PL02,,ORG-12345,SITE-D,Northern Ireland,Shipment,Imported,,2024-05-05
Fibre-based composite,REC-1540-2024-Q3-SITE-A-FB01,2024-Q3,ORG-12345,SITE-A,England,Shipment,Imported,,2024-10-15
Other,REC-1541-2024-Q3-SITE-D-OT01,2024-Q3,ORG-12345,SITE-D,Northern Ireland,Secondary,Supplied as goods,,2024-04-04
Glass,REC-1542-Q2 2024-SITE-D-GL01,2024-Q2,ORG-12345,SITE-D,Northern Ireland,Secondary,Imported,,2024-03-05
Fibre-based composite,REC-1543-Q2 2024-SITE-D-FB01,2024-Q2,ORG-12345,SITE-D,Northern Ireland,Shipment,Exported,,2024-01-29
Aluminium,REC-1544-Q4 2024-SITE-E-AL01,,ORG-12345,SITE-E,England,Primary,Exported,,2024-06-29
Aluminium,REC-1545-2024-Q1-SITE-C-AL01,2024-Q1,ORG-12345,SITE-C,Wales,Primary,Exported,,2024-11-17
Fibre-based composite,REC-1546-2024-Q3-SITE-D-FB01,2024-Q3,ORG-12345,SITE-D,Northern Ireland,Shipment,Exported,,2024-05-16
Glass,REC-1547-2024-Q3-SITE-B-GL01,2024-Q3,ORG-12345,SITE-B,Scotland,Secondary,Exported,,2024-01-30
Aluminium,REC-1548-Q2 2024-SITE-B-AL01,2024-Q2,ORG-12345,SITE-B,Scotland,Shipment,Imported,,2024-09-27
Plastic,REC-1549-Q4 2024-SITE-B-PL02,,ORG-12345,SITE-B,Scotland,Tertiary,Exported,,2024-02-19
Plastic,REC-1550-Q4 2024-SITE-E-PL01,,ORG-12345,SITE-E,England,Tertiary,Supplied as goods,,2024-02-20
Fibre-based composite,REC-1551-Q4 2024-SITE-D-FB01,,ORG-12345,SITE-D,Northern Ireland,Secondary,Exported,,2024-02-14
Steel,REC-1552-Q4 2024-SITE-C-ST01,,ORG-12345,SITE-C,Wales,Tertiary,Imported,,2024-10-02
Wood,REC-1553-2024-Q1-SITE-E-WD01,2024-Q1,ORG-12345,SITE-E,England,Secondary,Supplied as goods,,2024-04-10
Paper/card,REC-1554-Q2 2024-SITE-D-PC01,2024-Q2,ORG-12345,SITE-D,Northern Ireland,Secondary,Exported,,2024-03-04
Paper/card,REC-1555-2024-Q3-SITE-B-PC01,2024-Q3,ORG-12345,SITE-B,Scotland,Tertiary,Exported,,2024-06-14
Wood,REC-1556-2024-Q1-SITE-E-WD01,2024-Q1,ORG-12345,SITE-E,England,Secondary,Imported,,2024-03-30
Other,REC-1557-2024-Q3-SITE-E-OT01,2024-Q3,ORG-12345,SITE-E,England,Secondary,Supplied as goods,,2024-06-12
Steel,REC-1558-Q4 2024-SITE-D-ST01,,ORG-12345,SITE-D,Northern Ireland,Tertiary,Supplied as goods,,2024-06-13
Glass,REC-1559-2024-Q3-SITE-D-GL01,2024-Q3,ORG-12345,SITE-D,Northern Ireland,Tertiary,Exported,,2024-05-10
Plastic,REC-1560-2024-Q1-SITE-E-PL01,2024-Q1,ORG-12345,SITE-E,England,Tertiary,Supplied as goods,,2024-07-19
Other,REC-1561-Q2 2024-SITE-C-OT01,2024-Q2,ORG-12345,SITE-C,Wales,Tertiary,Exported,,2024-09-27
Paper/card,REC-1562-Q4 2024-SITE-B-PC01,,ORG-12345,SITE-B,Scotland,Shipment,Imported,,2024-09-18
Fibre-based composite,REC-1563-2024-Q3-SITE-B-FB01,2024-Q3,ORG-12345,SITE-B,Scotland,Primary,Exported,,2024-05-08
Glass,REC-1564-2024-Q3-SITE-B-GL01,2024-Q3,ORG-12345,SITE-B,Scotland,Secondary,Exported,,2024-09-06
Plastic,REC-1565-2024-Q3-SITE-B-PL01,2024-Q3,ORG-12345,SITE-B,Scotland,Tertiary,Exported,,2024-01-31
Fibre-based composite,REC-1566-2024-Q1-SITE-C-FB01,2024-Q1,ORG-12345,SITE-C,Wales,Tertiary,Supplied as goods,,2024-08-30
Other,REC-1567-Q2 2024-SITE-B-OT01,2024-Q2,ORG-12345,SITE-B,Scotland,Primary,Supplied as goods,,2024-09-04
Glass,REC-1568-Q2 2024-SITE-A-GL01,2024-Q2,ORG-12345,SITE-A,England,Primary,Exported,,2024-02-16
Glass,REC-1569-Q4 2024-SITE-B-GL01,,ORG-12345,SITE-B,Scotland,Shipment,Imported,,2024-03-05
Other,REC-1570-Q4 2024-SITE-B-OT01,,ORG-12345,SITE-B,Scotland,Tertiary,Supplied as goods,,2024-08-28
Plastic,REC-1571-Q4 2024-SITE-E-PL02,,ORG-12345,SITE-E,England,Secondary,Supplied as goods,,2024-11-01
Plastic,REC-1572-Q2 2024-SITE-D-PL01,2024-Q2,ORG-12345,SITE-D,Northern Ireland,Shipment,Imported,,2024-12-05
Wood,REC-1573-Q2 2024-SITE-D-WD01,2024-Q2,ORG-12345,SITE-D,Northern Ireland,Primary,Imported,,2024-09-30
Wood,REC-1574-Q2 2024-SITE-C-WD01,2024-Q2,ORG-12345,SITE-C,Wales,Shipment,Imported,,2024-06-03
Other,REC-1575-Q4 2024-SITE-B-OT01,,ORG-12345,SITE-B,Scotland,Shipment,Imported,,2024-06-26
Other,REC-1576-2024-Q3-SITE-D-OT01,2024-Q3,ORG-12345,SITE-D,Northern Ireland,Secondary,Imported,,2024-08-28
Paper/card,REC-1577-2024-Q1-SITE-B-PC01,2024-Q1,ORG-12345,SITE-B,Scotland,Tertiary,Exported,,2024-05-03
Steel,REC-1578-2024-Q3-SITE-A-ST01,2024-Q3,ORG-12345,SITE-A,England,Shipment,Imported,,2024-05-01
Glass,REC-1579-Q2 2024-SITE-B-GL01,2024-Q2,ORG-12345,SITE-B,Scotland,Secondary,Supplied as goods,,2024-12-19
Glass,REC-1580-Q2 2024-SITE-C-GL01,2024-Q2,ORG-12345,SITE-C,Wales,Secondary,Exported,,2024-09-12
Steel,REC-1581-Q4 2024-SITE-C-ST01,,ORG-12345,SITE-C,Wales,Secondary,Supplied as goods,,2024-08-19
Fibre-based composite,REC-1582-Q4 2024-SITE-A-FB01,,ORG-12345,SITE-A,England,Tertiary,Imported,,2024-12-10
Glass,REC-1583-2024-Q3-SITE-B-GL01,2024-Q3,ORG-12345,SITE-B,Scotland,Secondary,Imported,,2024-07-24
Plastic,REC-1584-Q2 2024-SITE-E-PL01,2024-Q2,ORG-12345,SITE-E,England,Secondary,Imported,,2024-11-26
Other,REC-1585-2024-Q3-SITE-B-OT01,2024-Q3,ORG-12345,SITE-B,Scotland,Secondary,Imported,,2024-09-16
Wood,REC-1586-2024-Q3-SITE-B-WD01,2024-Q3,ORG-12345,SITE-B,Scotland,Primary,Exported,,2024-11-10
Fibre-based composite,REC-1587-2024-Q3-SITE-C-FB01,2024-Q3,ORG-12345,SITE-C,Wales,Primary,Supplied as goods,,2024-06-08
Plastic,REC-1588-Q4 2024-SITE-C-PL02,,ORG-12345,SITE-C,Wales,Secondary,Supplied as goods,,2024-04-01
Steel,REC-1589-2024-Q3-SITE-B-ST01,2024-Q3,ORG-12345,SITE-B,Scotland,Shipment,Supplied as goods,,2024-10-20
Steel,REC-1590-2024-Q1-SITE-B-ST01,2024-Q1,ORG-12345,SITE-B,Scotland,Shipment,Exported,,2024-06-23
Paper/card,REC-1591-2024-Q3-SITE-B-PC01,2024-Q3,ORG-12345,SITE-B,Scotland,Tertiary,Imported,,2024-05-10
Wood,REC-1592-2024-Q1-SITE-C-WD01,2024-Q1,ORG-12345,SITE-C,Wales,Secondary,Imported,,2024-03-16
Fibre-based composite,REC-1593-2024-Q1-SITE-E-FB01,2024-Q1,ORG-12345,SITE-E,England,Secondary,Imported,,2024-07-24
Plastic,REC-1594-Q4 2024-SITE-E-PL01,,ORG-12345,SITE-E,England,Shipment,Imported,,2024-11-04
Paper/card,REC-1595-2024-Q1-SITE-E-PC01,2024-Q1,ORG-12345,SITE-E,England,Tertiary,Supplied as goods,,2024-04-05
Other,REC-1596-Q2 2024-SITE-E-OT01,2024-Q2,ORG-12345,SITE-E,England,Tertiary,Supplied as goods,,2024-12-30
Fibre-based composite,REC-1597-2024-Q1-SITE-C-FB01,2024-Q1,ORG-12345,SITE-C,Wales,Tertiary,Imported,,2024-12-11
Paper/card,REC-1598-Q4 2024-SITE-A-PC01,,ORG-12345,SITE-A,England,Secondary,Exported,,2024-06-13
Plastic,REC-1599-Q4 2024-SITE-C-PL01,,ORG-12345,SITE-C,Wales,Shipment,Imported,,2024-05-26
Aluminium,REC-1600-2024-Q3-SITE-B-AL01,2024-Q3,ORG-12345,SITE-B,Scotland,Shipment,Exported,,2024-11-05
Glass,REC-1601-2024Q2-SITE-A-GL01,2024-Q2,ORG-12345,SITE-A,England,Primary,Supplied as goods,,2024-11-18
Plastic,REC-1602-2024-Q3-SITE-C-PL01,2024-Q3,ORG-12345,SITE-C,Wales,Tertiary,Supplied as goods,,2024-12-16
Aluminium,REC-1603-Q2 2024-SITE-B-AL01,2024-Q2,ORG-12345,SITE-B,Scotland,Primary,Imported,,2024-01-28
Glass,REC-1604-Q4 2024-SITE-A-GL01,,ORG-12345,SITE-A,England,Secondary,Supplied as goods,,2024-04-30
Fibre-based composite,REC-1605-Q4 2024-SITE-B-FB01,,ORG-12345,SITE-B,Scotland,Primary,Imported,,2024-03-18
Plastic,REC-1606-Q2 2024-SITE-B-PL02,2024-Q2,ORG-12345,SITE-B,Scotland,Primary,Exported,,2024-09-21
Paper/card,REC-1607-2024-Q3-SITE-A-PC01,2024-Q3,ORG-12345,SITE-A,England,Tertiary,Imported,,2024-03-15
Other,REC-1608-Q4 2024-SITE-D-OT01,,ORG-12345,SITE-D,Northern Ireland,Primary,Imported,,2024-07-14
Paper/card,REC-1609-2024-Q1-SITE-B-PC01,2024-Q1,ORG-12345,SITE-B,Scotland,Secondary,Supplied as goods,,2024-12-09
Fibre-based composite,REC-1610-2024-Q1-SITE-C-FB01,2024-Q1,ORG-12345,SITE-C,Wales,Secondary,Supplied as goods,,2024-05-21
Glass,REC-1611-Q4 2024-SITE-B-GL01,,ORG-12345,SITE-B,Scotland,Shipment,Supplied as goods,,2024-02-15
Aluminium,REC-1612-Q4 2024-SITE-E-AL01,,ORG-12345,SITE-E,England,Tertiary,Exported,,2024-08-16
Glass,REC-1613-2024-Q1-SITE-C-GL01,2024-Q1,ORG-12345,SITE-C,Wales,Primary,Exported,,2024-01-30
Wood,REC-1614-2024-Q3-SITE-C-WD01,2024-Q3,ORG-12345,SITE-C,Wales,Primary,Imported,,2024-01-28
,REC-1615-2024-Q1-SITE-D-UNKNOWN,2024-Q1,ORG-12345,SITE-D,Northern Ireland,Primary,Imported,,2024-07-26
Other,REC-1616-2024-Q1-SITE-B-OT01,2024-Q1,ORG-12345,SITE-B,Scotland,Primary,Supplied as goods,,2024-02-17
Plastic,REC-1617-2024-Q1-SITE-Z-PL02,2024-Q1,ORG-12345,SITE-Z,,Secondary,Imported,,2024-09-14
Wood,REC-1618-2024-Q1-SITE-E-WD01,2024-Q1,ORG-12345,SITE-E,England,Secondary,Supplied as goods,,2024-09-23
Aluminium,REC-1619-2024-Q1-SITE-B-AL01,2024-Q1,ORG-12345,SITE-B,Scotland,Primary,Supplied as goods,,2024-03-03
Fibre-based composite,REC-1620-Q2 2024-SITE-C-FB01,2024-Q2,ORG-12345,SITE-C,Wales,Secondary,Exported,,2024-12-17
Steel,REC-1621-2024-Q3-SITE-B-ST01,2024-Q3,ORG-12345,SITE-B,Scotland,Secondary,Exported,,2024-07-24
Glass,REC-1622-2024-Q1-SITE-D-GL01,2024-Q1,ORG-12345,SITE-D,Northern Ireland,Shipment,Exported,,2024-04-17
Plastic,REC-1623-Q4 2024-SITE-B-PL01,,ORG-12345,SITE-B,Scotland,Primary,Exported,,2024-01-20
Wood,REC-1624-Q2 2024-SITE-D-WD01,2024-Q2,ORG-12345,SITE-D,Northern Ireland,Secondary,Imported,,2024-11-28
Steel,REC-1625-2024-Q3-SITE-E-ST01,2024-Q3,ORG-12345,SITE-E,England,Shipment,Imported,,2024-04-19
Steel,REC-1626-2024-Q3-SITE-A-ST01,2024-Q3,ORG-12345,SITE-A,England,Secondary,Imported,,2024-05-28
Plastic,REC-1627-Q2 2024-SITE-E-PL02,2024-Q2,ORG-12345,SITE-E,England,Tertiary,Imported,,2024-05-10
Wood,REC-1628-2024-Q3-SITE-B-WD01,2024-Q3,ORG-12345,SITE-B,Scotland,Tertiary,Supplied as goods,,2024-09-02
Fibre-based composite,REC-1629-Q2 2024-SITE-D-FB01,2024-Q2,ORG-12345,SITE-D,Northern Ireland,Shipment,Supplied as goods,,2024-12-28
Aluminium,REC-1630-Q2 2024-SITE-E-AL01,2024-Q2,ORG-12345,SITE-E,England,Tertiary,Supplied as goods,,2024-10-12
Other,REC-1631-Q2 2024-SITE-E-OT01,2024-Q2,ORG-12345,SITE-E,England,Primary,Exported,,2024-04-05
Plastic,REC-1632-Q4 2024-SITE-B-PL02,,ORG-12345,SITE-B,Scotland,Tertiary,Supplied as goods,,2024-06-05
Plastic,REC-1633-Q4 2024-SITE-D-PL01,,ORG-12345,SITE-D,Northern Ireland,Secondary,Imported,,2024-03-24
Steel,REC-1634-2024-Q1-SITE-B-ST01,2024-Q1,ORG-12345,SITE-B,Scotland,Primary,Supplied as goods,,2024-08-12
Glass,REC-1635-Q2 2024-SITE-D-GL01,2024-Q2,ORG-12345,SITE-D,Northern Ireland,Primary,Imported,,2024-08-16
Fibre-based composite,REC-1636-Q2 2024-SITE-A-FB01,2024-Q2,ORG-12345,SITE-A,England,Shipment,Supplied as goods,,2024-03-26
Fibre-based composite,REC-1637-Q4 2024-SITE-B-FB01,,ORG-12345,SITE-B,Scotland,Primary,Exported,,2024-12-24
Steel,REC-1638-2024-Q3-SITE-E-ST01,2024-Q3,ORG-12345,SITE-E,England,Tertiary,Imported,,2024-03-07
Wood,REC-1639-Q4 2024-SITE-E-WD01,,ORG-12345,SITE-E,England,Primary,Exported,,2024-02-20
Paper/card,REC-1640-Q4 2024-SITE-A-PC01,,ORG-12345,SITE-A,England,Secondary,Supplied as goods,,2024-11-09
Glass,REC-1641-Q2 2024-SITE-C-GL01,2024-Q2,ORG-12345,SITE-C,Wales,Tertiary,Exported,,2024-03-07
Plastic,REC-1642-Q4 2024-SITE-B-PL02,,ORG-12345,SITE-B,Scotland,Tertiary,Exported,,2024-08-23
Fibre-based composite,REC-1643-2024-Q3-SITE-C-FB01,2024-Q3,ORG-12345,SITE-C,Wales,Primary,Exported,,2024-10-01
Paper/card,REC-1644-2024-Q1-SITE-A-PC01,2024-Q1,ORG-12345,SITE-A,England,Secondary,Exported,,2024-09-19
Aluminium,REC-1645-2024-Q1-SITE-C-AL01,2024-Q1,ORG-12345,SITE-C,Wales,Shipment,Imported,,2024-09-20
Other,REC-1646-2024-Q1-SITE-A-OT01,2024-Q1,ORG-12345,SITE-A,England,Shipment,Exported,,2024-12-09
Plastic,REC-1647-Q4 2024-SITE-C-PL02,,ORG-12345,SITE-C,Wales,Shipment,Supplied as goods,,2024-02-04
Paper/card,REC-1648-Q4 2024-SITE-D-PC01,,ORG-12345,SITE-D,Northern Ireland,Tertiary,Imported,,2024-01-28
Aluminium,REC-1649-2024-Q3-SITE-A-AL01,2024-Q3,ORG-12345,SITE-A,England,Shipment,Supplied as goods,,2024-01-29
Wood,REC-1650-Q2 2024-SITE-C-WD01,2024-Q2,ORG-12345,SITE-C,Wales,Tertiary,Imported,,2024-08-30
Plastic,REC-1651-Q2 2024-SITE-B-PL01,2024-Q2,ORG-12345,SITE-B,Scotland,Secondary,Imported,,2024-10-21
Paper/card,REC-1652-2024-Q1-SITE-D-PC01,2024-Q1,ORG-12345,SITE-D,Northern Ireland,Tertiary,Imported,,2024-07-13
Other,REC-1653-2024-Q1-SITE-A-OT01,2024-Q1,ORG-12345,SITE-A,England,Tertiary,Supplied as goods,,2024-08-09
Paper/card,REC-1654-2024-Q3-SITE-B-PC01,2024-Q3,ORG-12345,SITE-B,Scotland,Shipment,Imported,,2024-09-19
Paper/card,REC-1655-2024-Q3-SITE-B-PC01,2024-Q3,ORG-12345,SITE-B,Scotland,Secondary,Imported,,2024-03-12
Aluminium,REC-1656-Q2 2024-SITE-E-AL01,2024-Q2,ORG-12345,SITE-E,England,Shipment,Imported,,2024-11-26
Plastic,REC-1657-Q2 2024-SITE-C-PL02,2024-Q2,ORG-12345,SITE-C,Wales,Primary,Supplied as goods,,2024-07-07
Other,REC-1658-2024-Q3-SITE-A-OT01,2024-Q3,ORG-12345,SITE-A,England,Secondary,Imported,,2024-11-01
Plastic,REC-1659-Q2 2024-SITE-B-PL02,2024-Q2,ORG-12345,SITE-B,Scotland,Secondary,Supplied as goods,,2024-06-03
Plastic,REC-1660-Q2 2024-SITE-B-PL01,2024-Q2,ORG-12345,SITE-B,Scotland,Secondary,Supplied as goods,,2024-12-11
Aluminium,REC-1661-Q4 2024-SITE-E-AL01,,ORG-12345,SITE-E,England,Primary,Supplied as goods,,2024-08-14
Other,REC-1662-Q4 2024-SITE-E-OT01,,ORG-12345,SITE-E,England,Shipment,Exported,,2024-11-04
Fibre-based composite,REC-1663-Q4 2024-SITE-C-FB01,,ORG-12345,SITE-C,Wales,Tertiary,Imported,,2024-07-19
Aluminium,REC-1664-Q2 2024-SITE-C-AL01,2024-Q2,ORG-12345,SITE-C,Wales,Secondary,Exported,,2024-11-06
Glass,REC-1665-Q2 2024-SITE-A-GL01,2024-Q2,ORG-12345,SITE-A,England,Primary,Exported,,2024-07-11
Other,REC-1666-Q4 2024-SITE-D-OT01,,ORG-12345,SITE-D,Northern Ireland,Tertiary,Supplied as goods,,2024-11-12
Fibre-based composite,REC-1667-2024-Q1-SITE-E-FB01,2024-Q1,ORG-12345,SITE-E,England,Primary,Supplied as goods,,2024-09-15
Glass,REC-1668-2024-Q3-SITE-E-GL01,2024-Q3,ORG-12345,SITE-E,England,Primary,Exported,,2024-01-29
Wood,REC-1669-Q2 2024-SITE-D-WD01,2024-Q2,ORG-12345,SITE-D,Northern Ireland,Secondary,Exported,,2024-09-02
Steel,REC-1670-Q4 2024-SITE-B-ST01,,ORG-12345,SITE-B,Scotland,Shipment,Exported,,2024-10-17
Paper/card,REC-1671-2024-Q1-SITE-C-PC01,2024-Q1,ORG-12345,SITE-C,Wales,Tertiary,Supplied as goods,,2024-11-24
Plastic,REC-1672-Q2 2024-SITE-B-PL02,2024-Q2,ORG-12345,SITE-B,Scotland,Shipment,Imported,,2024-01-30
Wood,REC-1673-Q4 2024-SITE-D-WD01,,ORG-12345,SITE-D,Northern Ireland,Tertiary,Supplied as goods,,2024-07-28
Wood,REC-1674-Q2 2024-SITE-C-WD01,2024-Q2,ORG-12345,SITE-C,Wales,Primary,Imported,,2024-08-22
Steel,REC-1675-Q2 2024-SITE-B-ST01,2024-Q2,ORG-12345,SITE-B,Scotland,Secondary,Supplied as goods,,2024-12-11
Plastic,REC-1676-2024-Q1-SITE-A-PL02,2024-Q1,ORG-12345,SITE-A,England,Secondary,Imported,,2024-02-14
Paper/card,REC-1677-2024-Q3-SITE-A-PC01,2024-Q3,ORG-12345,SITE-A,England,Primary,Supplied as goods,,2024-06-19
Plastic,REC-1678-Q2 2024-SITE-B-PL01,2024-Q2,ORG-12345,SITE-B,Scotland,Tertiary,Exported,,2024-11-27
Wood,REC-1679-Q2 2024-SITE-A-WD01,2024-Q2,ORG-12345,SITE-A,England,Primary,Exported,,2024-07-24
Glass,REC-1680-Q2 2024-SITE-E-GL01,2024-Q2,ORG-12345,SITE-E,England,Secondary,Exported,,2024-01-30
Plastic,REC-1681-2024-Q1-SITE-C-PL01,2024-Q1,ORG-12345,SITE-C,Wales,Shipment,Supplied as goods,,2024-12-29
Glass,REC-1682-Q2 2024-SITE-D-GL01,2024-Q2,ORG-12345,SITE-D,Northern Ireland,Shipment,Exported,,2024-04-03
Paper/card,REC-1683-2024-Q1-SITE-D-PC01,2024-Q1,ORG-12345,SITE-D,Northern Ireland,Secondary,Exported,,2024-10-24
Plastic,REC-1684-Q2 2024-SITE-D-PL02,2024-Q2,ORG-12345,SITE-D,Northern Ireland,Secondary,Supplied as goods,,2024-02-05
Paper/card,REC-1685-2024-Q1-SITE-E-PC01,2024-Q1,ORG-12345,SITE-E,England,Primary,Imported,,2024-12-15
Paper/card,REC-1686-Q2 2024-SITE-E-PC01,2024-Q2,ORG-12345,SITE-E,England,Shipment,Exported,,2024-06-27
Glass,REC-1687-Q4 2024-SITE-D-GL01,,ORG-12345,SITE-D,Northern Ireland,Secondary,Supplied as goods,,2024-02-26
Wood,REC-1688-Q4 2024-SITE-E-WD01,,ORG-12345,SITE-E,England,Primary,Imported,,2024-09-25
Steel,REC-1689-2024-Q1-SITE-B-ST01,2024-Q1,ORG-12345,SITE-B,Scotland,Tertiary,Exported,,2024-11-10
Other,REC-1690-2024-Q1-SITE-E-OT01,2024-Q1,ORG-12345,SITE-E,England,Primary,Exported,,2024-06-18
Fibre-based composite,REC-1691-Q2 2024-SITE-D-FB01,2024-Q2,ORG-12345,SITE-D,Northern Ireland,Primary,Imported,,2024-07-22
Plastic,REC-1692-2024-Q3-SITE-B-PL01,2024-Q3,ORG-12345,SITE-B,Scotland,Primary,Supplied as goods,,2024-04-28
Wood,REC-1693-Q4 2024-SITE-A-WD01,,ORG-12345,SITE-A,England,Primary,Exported,,2025-01-01
Plastic,REC-1694-Q4 2024-SITE-B-PL02,,ORG-12345,SITE-B,Scotland,Secondary,Supplied as goods,,2024-07-23
Fibre-based composite,REC-1695-2024-Q3-SITE-E-FB01,2024-Q3,ORG-12345,SITE-E,England,Primary,Supplied as goods,,2024-12-28
Steel,REC-1696-2024-Q1-SITE-D-ST01,2024-Q1,ORG-12345,SITE-D,Northern Ireland,Primary,Exported,,2024-08-13
Fibre-based composite,REC-1697-2024-Q1-SITE-C-FB01,2024-Q1,ORG-12345,SITE-C,Wales,Secondary,Supplied as goods,,2025-01-03
Fibre-based composite,REC-1698-2024-Q1-SITE-B-FB01,2024-Q1,ORG-12345,SITE-B,Scotland,Primary,Exported,,2024-03-13
Plastic,REC-1699-2024-Q3-SITE-B-PL02,2024-Q3,ORG-12345,SITE-B,Scotland,Primary,Imported,,2025-01-04
Fibre-based composite,REC-1700-2024-Q1-SITE-A-FB01,2024-Q1,ORG-12345,SITE-A,England,Secondary,Exported,,2024-04-27
Plastic,REC-1701-2024Q2-SITE-D-PL02,2024-Q2,ORG-12345,SITE-D,Northern Ireland,Shipment,Imported,,2024-03-12
Aluminium,REC-1702-Q4 2024-SITE-B-AL01,,ORG-12345,SITE-B,Scotland,Primary,Imported,,2024-07-22
Wood,REC-1703-Q2 2024-SITE-E-WD01,2024-Q2,ORG-12345,SITE-E,England,Primary,Supplied as goods,,2024-06-25
Plastic,REC-1704-Q2 2024-SITE-C-PL01,2024-Q2,ORG-12345,SITE-C,Wales,Shipment,Supplied as goods,,2024-09-07
Aluminium,REC-1705-2024-Q1-SITE-C-AL01,2024-Q1,ORG-12345,SITE-C,Wales,Tertiary,Supplied as goods,,2024-04-18
Aluminium,REC-1706-2024-Q1-SITE-D-AL01,2024-Q1,ORG-12345,SITE-D,Northern Ireland,Secondary,Exported,,2024-11-18
Other,REC-1707-2024-Q1-SITE-A-OT01,2024-Q1,ORG-12345,SITE-A,England,Secondary,Exported,,2024-03-15
Fibre-based composite,REC-1708-2024-Q3-SITE-C-FB01,2024-Q3,ORG-12345,SITE-C,Wales,Shipment,Exported,,2024-03-28
Plastic,REC-1709-2024-Q1-SITE-E-PL02,2024-Q1,ORG-12345,SITE-E,England,Tertiary,Supplied as goods,,2024-10-31
Plastic,REC-1710-2024-Q1-SITE-E-PL02,2024-Q1,ORG-12345,SITE-E,England,Tertiary,Supplied as goods,,2024-12-12
Wood,REC-1711-Q2 2024-SITE-D-WD01,2024-Q2,ORG-12345,SITE-D,Northern Ireland,Shipment,Exported,,2024-09-22
Steel,REC-1712-2024-Q3-SITE-D-ST01,2024-Q3,ORG-12345,SITE-D,Northern Ireland,Secondary,Exported,,2024-03-28
Steel,REC-1713-Q2 2024-SITE-C-ST01,2024-Q2,ORG-12345,SITE-C,Wales,Tertiary,Exported,,2024-01-25
Fibre-based composite,REC-1714-Q2 2024-SITE-D-FB01,2024-Q2,ORG-12345,SITE-D,Northern Ireland,Tertiary,Imported,,2024-03-19
,REC-1715-Q4 2024-SITE-D-UNKNOWN,,ORG-12345,SITE-D,Northern Ireland,Primary,Imported,,2024-07-31
Wood,REC-1716-Q2 2024-SITE-B-WD01,2024-Q2,ORG-12345,SITE-B,Scotland,Secondary,Imported,,2024-05-05
Aluminium,REC-1717-Q4 2024-SITE-Z-AL01,,ORG-12345,SITE-Z,,Shipment,Supplied as goods,,2024-12-09
Steel,REC-1718-Q4 2024-SITE-E-ST01,,ORG-12345,SITE-E,England,Primary,Imported,,2024-11-29
Fibre-based composite,REC-1719-Q4 2024-SITE-D-FB01,,ORG-12345,SITE-D,Northern Ireland,Primary,Supplied as goods,,2024-08-28
Plastic,REC-1720-Q2 2024-SITE-C-PL01,2024-Q2,ORG-12345,SITE-C,Wales,Tertiary,Supplied as goods,,2024-08-07
Aluminium,REC-1721-Q4 2024-SITE-B-AL01,,ORG-12345,SITE-B,Scotland,Primary,Imported,,2024-11-22
Other,REC-1722-2024-Q1-SITE-A-OT01,2024-Q1,ORG-12345,SITE-A,England,Tertiary,Exported,,2024-01-19
Plastic,REC-1723-Q2 2024-SITE-B-PL01,2024-Q2,ORG-12345,SITE-B,Scotland,Secondary,Supplied as goods,,2024-06-20
Plastic,REC-1724-2024-Q3-SITE-D-PL02,2024-Q3,ORG-12345,SITE-D,Northern Ireland,Secondary,Exported,,2024-04-13
Steel,REC-1725-Q2 2024-SITE-B-ST01,2024-Q2,ORG-12345,SITE-B,Scotland,Secondary,Supplied as goods,,2024-03-15
Other,REC-1726-Q2 2024-SITE-C-OT01,2024-Q2,ORG-12345,SITE-C,Wales,Shipment,Imported,,2024-12-19
Glass,REC-1727-Q4 2024-SITE-D-GL01,,ORG-12345,SITE-D,Northern Ireland,Secondary,Supplied as goods,,2024-09-15
Glass,REC-1728-Q2 2024-SITE-D-GL01,2024-Q2,ORG-12345,SITE-D,Northern Ireland,Tertiary,Supplied as goods,,2024-01-25
Wood,REC-1729-2024-Q3-SITE-A-WD01,2024-Q3,ORG-12345,SITE-A,England,Tertiary,Exported,,2024-04-14
Glass,REC-1730-Q2 2024-SITE-A-GL01,2024-Q2,ORG-12345,SITE-A,England,Shipment,Imported,,2024-06-27
Steel,REC-1731-Q4 2024-SITE-A-ST01,,ORG-12345,SITE-A,England,Tertiary,Supplied as goods,,2024-07-19
Steel,REC-1732-2024-Q3-SITE-D-ST01,2024-Q3,ORG-12345,SITE-D,Northern Ireland,Primary,Exported,,2024-02-10
Aluminium,REC-1733-2024-Q1-SITE-C-AL01,2024-Q1,ORG-12345,SITE-C,Wales,Tertiary,Imported,,2024-12-16
Wood,REC-1734-2024-Q1-SITE-B-WD01,2024-Q1,ORG-12345,SITE-B,Scotland,Tertiary,Supplied as goods,,2024-11-03
Plastic,REC-1735-Q4 2024-SITE-D-PL01,,ORG-12345,SITE-D,Northern Ireland,Secondary,Imported,,2025-01-04
Steel,REC-1736-2024-Q3-SITE-D-ST01,2024-Q3,ORG-12345,SITE-D,Northern Ireland,Tertiary,Imported,,2024-07-10
Steel,REC-1737-Q4 2024-SITE-A-ST01,,ORG-12345,SITE-A,England,Shipment,Supplied as goods,,2024-02-27
Paper/card,REC-1738-2024-Q1-SITE-B-PC01,2024-Q1,ORG-12345,SITE-B,Scotland,Tertiary,Exported,,2024-02-22
Glass,REC-1739-2024-Q1-SITE-A-GL01,2024-Q1,ORG-12345,SITE-A,England,Secondary,Supplied as goods,,2024-01-21
Paper/card,REC-1740-2024-Q1-SITE-C-PC01,2024-Q1,ORG-12345,SITE-C,Wales,Tertiary,Exported,,2024-03-17
Plastic,REC-1741-2024-Q1-SITE-B-PL01,2024-Q1,ORG-12345,SITE-B,Scotland,Tertiary,Supplied as goods,,2024-03-01
Plastic,REC-1742-Q4 2024-SITE-A-PL01,,ORG-12345,SITE-A,England,Secondary,Exported,,2024-11-30
Other,REC-1743-Q2 2024-SITE-E-OT01,2024-Q2,ORG-12345,SITE-E,England,Primary,Imported,,2024-06-10
Plastic,REC-1744-Q2 2024-SITE-B-PL01,2024-Q2,ORG-12345,SITE-B,Scotland,Secondary,Supplied as goods,,2024-03-28
Other,REC-1745-Q2 2024-SITE-B-OT01,2024-Q2,ORG-12345,SITE-B,Scotland,Shipment,Supplied as goods,,2024-05-10
Glass,REC-1746-Q4 2024-SITE-E-GL01,,ORG-12345,SITE-E,England,Secondary,Exported,,2024-12-07
Steel,REC-1747-2024-Q1-SITE-B-ST01,2024-Q1,ORG-12345,SITE-B,Scotland,Primary,Imported,,2024-12-29
Steel,REC-1748-2024-Q3-SITE-D-ST01,2024-Q3,ORG-12345,SITE-D,Northern Ireland,Secondary,Supplied as goods,,2024-02-14
Fibre-based composite,REC-1749-2024-Q1-SITE-A-FB01,2024-Q1,ORG-12345,SITE-A,England,Primary,Exported,,2024-11-11
Paper/card,REC-1750-2024-Q3-SITE-E-PC01,2024-Q3,ORG-12345,SITE-E,England,Tertiary,Exported,,2024-06-26
Wood,REC-1751-2024-Q3-SITE-D-WD01,2024-Q3,ORG-12345,SITE-D,Northern Ireland,Secondary,Exported,,2024-06-23
Other,REC-1752-2024-Q3-SITE-A-OT01,2024-Q3,ORG-12345,SITE-A,England,Tertiary,Supplied as goods,,2024-09-09
Wood,REC-1753-Q2 2024-SITE-D-WD01,2024-Q2,ORG-12345,SITE-D,Northern Ireland,Secondary,Imported,,2024-07-30
Fibre-based composite,REC-1754-Q4 2024-SITE-B-FB01,,ORG-12345,SITE-B,Scotland,Primary,Supplied as goods,,2024-01-22
Fibre-based composite,REC-1755-Q2 2024-SITE-E-FB01,2024-Q2,ORG-12345,SITE-E,England,Tertiary,Exported,,2024-03-03
Plastic,REC-1756-2024-Q1-SITE-B-PL01,2024-Q1,ORG-12345,SITE-B,Scotland,Secondary,Imported,,2024-08-02
Glass,REC-1757-Q4 2024-SITE-D-GL01,,ORG-12345,SITE-D,Northern Ireland,Secondary,Exported,,2024-08-24
Glass,REC-1758-2024-Q3-SITE-A-GL01,2024-Q3,ORG-12345,SITE-A,England,Secondary,Exported,,2024-09-15
Steel,REC-1759-Q4 2024-SITE-B-ST01,,ORG-12345,SITE-B,Scotland,Primary,Supplied as goods,,2024-01-21
Steel,REC-1760-Q4 2024-SITE-E-ST01,,ORG-12345,SITE-E,England,Tertiary,Supplied as goods,,2024-03-17
Glass,REC-1761-2024-Q3-SITE-B-GL01,2024-Q3,ORG-12345,SITE-B,Scotland,Shipment,Imported,,2024-09-13
Plastic,REC-1762-2024-Q3-SITE-B-PL02,2024-Q3,ORG-12345,SITE-B,Scotland,Primary,Imported,,2024-05-13
Paper/card,REC-1763-2024-Q3-SITE-E-PC01,2024-Q3,ORG-12345,SITE-E,England,Tertiary,Imported,,2024-04-23
Glass,REC-1764-Q2 2024-SITE-E-GL01,2024-Q2,ORG-12345,SITE-E,England,Secondary,Exported,,2024-09-21
Wood,REC-1765-Q2 2024-SITE-D-WD01,2024-Q2,ORG-12345,SITE-D,Northern Ireland,Primary,Imported,,2024-06-27
Plastic,REC-1766-Q4 2024-SITE-A-PL02,,ORG-12345,SITE-A,England,Shipment,Imported,,2024-04-22
Steel,REC-1767-Q2 2024-SITE-D-ST01,2024-Q2,ORG-12345,SITE-D,Northern Ireland,Tertiary,Supplied as goods,,2024-12-04
Plastic,REC-1768-Q2 2024-SITE-E-PL01,2024-Q2,ORG-12345,SITE-E,England,Secondary,Imported,,2024-06-26
Wood,REC-1769-2024-Q1-SITE-B-WD01,2024-Q1,ORG-12345,SITE-B,Scotland,Secondary,Exported,,2024-02-15
Aluminium,REC-1770-2024-Q1-SITE-D-AL01,2024-Q1,ORG-12345,SITE-D,Northern Ireland,Shipment,Exported,,2024-05-27
Aluminium,REC-1771-2024-Q3-SITE-A-AL01,2024-Q3,ORG-12345,SITE-A,England,Primary,Imported,,2024-03-30
Wood,REC-1772-2024-Q1-SITE-C-WD01,2024-Q1,ORG-12345,SITE-C,Wales,Tertiary,Imported,,2024-09-04
Steel,REC-1773-Q2 2024-SITE-B-ST01,2024-Q2,ORG-12345,SITE-B,Scotland,Primary,Exported,,2024-01-23
Plastic,REC-1774-2024-Q3-SITE-B-PL02,2024-Q3,ORG-12345,SITE-B,Scotland,Primary,Imported,,2024-07-25
Other,REC-1775-Q2 2024-SITE-D-OT01,2024-Q2,ORG-12345,SITE-D,Northern Ireland,Primary,Exported,,2024-11-23
Plastic,REC-1776-2024-Q1-SITE-E-PL01,2024-Q1,ORG-12345,SITE-E,England,Tertiary,Imported,,2024-03-22
Wood,REC-1777-Q2 2024-SITE-E-WD01,2024-Q2,ORG-12345,SITE-E,England,Primary,Supplied as goods,,2024-05-14
Plastic,REC-1778-Q4 2024-SITE-A-PL02,,ORG-12345,SITE-A,England,Tertiary,Imported,,2024-02-19
Wood,REC-1779-Q2 2024-SITE-D-WD01,2024-Q2,ORG-12345,SITE-D,Northern Ireland,Secondary,Exported,,2024-02-29
Aluminium,REC-1780-Q2 2024-SITE-B-AL01,2024-Q2,ORG-12345,SITE-B,Scotland,Secondary,Supplied as goods,,2024-12-10
Other,REC-1781-2024-Q1-SITE-D-OT01,2024-Q1,ORG-12345,SITE-D,Northern Ireland,Primary,Supplied as goods,,2024-05-06
Aluminium,REC-1782-Q4 2024-SITE-D-AL01,,ORG-12345,SITE-D,Northern Ireland,Primary,Supplied as goods,,2024-10-02
Steel,REC-1783-2024-Q1-SITE-E-ST01,2024-Q1,ORG-12345,SITE-E,England,Secondary,Supplied as goods,,2024-04-26
Plastic,REC-1784-2024-Q1-SITE-C-PL01,2024-Q1,ORG-12345,SITE-C,Wales,Primary,Supplied as goods,,2024-07-21
Other,REC-1785-2024-Q1-SITE-E-OT01,2024-Q1,ORG-12345,SITE-E,England,Tertiary,Supplied as goods,,2024-11-28
Steel,REC-1786-Q2 2024-SITE-B-ST01,2024-Q2,ORG-12345,SITE-B,Scotland,Secondary,Exported,,2024-05-25
Paper/card,REC-1787-2024-Q3-SITE-A-PC01,2024-Q3,ORG-12345,SITE-A,England,Primary,Imported,,2024-01-29
Wood,REC-1788-Q2 2024-SITE-B-WD01,2024-Q2,ORG-12345,SITE-B,Scotland,Shipment,Exported,,2024-02-05
Fibre-based composite,REC-1789-2024-Q3-SITE-B-FB01,2024-Q3,ORG-12345,SITE-B,Scotland,Tertiary,Supplied as goods,,2024-12-25
Aluminium,REC-1790-2024-Q3-SITE-B-AL01,2024-Q3,ORG-12345,SITE-B,Scotland,Shipment,Imported,,2024-10-02
Plastic,REC-1791-Q2 2024-SITE-C-PL01,2024-Q2,ORG-12345,SITE-C,Wales,Secondary,Supplied as goods,,2024-07-31
Paper/card,REC-1792-Q4 2024-SITE-D-PC01,,ORG-12345,SITE-D,Northern Ireland,Secondary,Imported,,2024-11-15
Steel,REC-1793-2024-Q1-SITE-A-ST01,2024-Q1,ORG-12345,SITE-A,England,Tertiary,Exported,,2024-01-30
Plastic,REC-1794-Q4 2024-SITE-C-PL01,,ORG-12345,SITE-C,Wales,Tertiary,Supplied as goods,,2024-10-31
Glass,REC-1795-2024-Q3-SITE-D-GL01,2024-Q3,ORG-12345,SITE-D,Northern Ireland,Primary,Supplied as goods,,2024-06-06
Fibre-based composite,REC-1796-2024-Q3-SITE-A-FB01,2024-Q3,ORG-12345,SITE-A,England,Tertiary,Supplied as goods,,2024-05-28
Wood,REC-1797-Q2 2024-SITE-D-WD01,2024-Q2,ORG-12345,SITE-D,Northern Ireland,Tertiary,Supplied as goods,,2024-03-12
Plastic,REC-1798-2024-Q1-SITE-C-PL02,2024-Q1,ORG-12345,SITE-C,Wales,Tertiary,Supplied as goods,,2024-10-29
Wood,REC-1799-Q4 2024-SITE-A-WD01,,ORG-12345,SITE-A,England,Primary,Exported,,2024-07-26
Plastic,REC-1800-Q2 2024-SITE-D-PL01,2024-Q2,ORG-12345,SITE-D,Northern Ireland,Primary,Imported,,2024-11-05
Plastic,REC-1801-2024Q2-SITE-C-PL01,2024-Q2,ORG-12345,SITE-C,Wales,Tertiary,Supplied as goods,,2024-05-30
Plastic,REC-1802-Q4 2024-SITE-B-PL01,,ORG-12345,SITE-B,Scotland,Tertiary,Imported,,2024-12-12
Plastic,REC-1803-Q4 2024-SITE-E-PL01,,ORG-12345,SITE-E,England,Primary,Exported,,2024-02-08
Steel,REC-1804-Q2 2024-SITE-D-ST01,2024-Q2,ORG-12345,SITE-D,Northern Ireland,Secondary,Supplied as goods,,2024-12-17
Paper/card,REC-1805-Q4 2024-SITE-C-PC01,,ORG-12345,SITE-C,Wales,Tertiary,Exported,,2024-11-07
Fibre-based composite,REC-1806-Q4 2024-SITE-B-FB01,,ORG-12345,SITE-B,Scotland,Secondary,Imported,,2024-10-18
Fibre-based composite,REC-1807-2024-Q3-SITE-B-FB01,2024-Q3,ORG-12345,SITE-B,Scotland,Secondary,Imported,,2024-03-15
Wood,REC-1808-2024-Q3-SITE-A-WD01,2024-Q3,ORG-12345,SITE-A,England,Secondary,Exported,,2024-11-30
Glass,REC-1809-Q2 2024-SITE-E-GL01,2024-Q2,ORG-12345,SITE-E,England,Shipment,Imported,,2025-01-03
Fibre-based composite,REC-1810-2024-Q1-SITE-E-FB01,2024-Q1,ORG-12345,SITE-E,England,Primary,Imported,,2024-01-17
Steel,REC-1811-Q4 2024-SITE-C-ST01,,ORG-12345,SITE-C,Wales,Shipment,Exported,,2024-06-29
Paper/card,REC-1812-2024-Q3-SITE-B-PC01,2024-Q3,ORG-12345,SITE-B,Scotland,Shipment,Imported,,2024-08-10
Plastic,REC-1813-2024-Q1-SITE-B-PL02,2024-Q1,ORG-12345,SITE-B,Scotland,Primary,Exported,,2024-03-10
Wood,REC-1814-Q4 2024-SITE-B-WD01,,ORG-12345,SITE-B,Scotland,Primary,Supplied as goods,,2024-05-01
,REC-1815-2024-Q1-SITE-A-UNKNOWN,2024-Q1,ORG-12345,SITE-A,England,Tertiary,Supplied as goods,,2024-06-14
Plastic,REC-1816-2024-Q3-SITE-A-PL02,2024-Q3,ORG-12345,SITE-A,England,Primary,Supplied as goods,,2024-03-15
Fibre-based composite,REC-1817-Q4 2024-SITE-Z-FB01,,ORG-12345,SITE-Z,,Secondary,Exported,,2024-04-30
Steel,REC-1818-2024-Q1-SITE-E-ST01,2024-Q1,ORG-12345,SITE-E,England,Secondary,Exported,,2024-09-22
Plastic,REC-1819-Q4 2024-SITE-D-PL01,,ORG-12345,SITE-D,Northern Ireland,Secondary,Imported,,2024-03-05
Fibre-based composite,REC-1820-2024-Q1-SITE-D-FB01,2024-Q1,ORG-12345,SITE-D,Northern Ireland,Tertiary,Exported,,2024-02-03
Wood,REC-1821-Q2 2024-SITE-A-WD01,2024-Q2,ORG-12345,SITE-A,England,Tertiary,Supplied as goods,,2024-12-03
Plastic,REC-1822-Q4 2024-SITE-E-PL02,,ORG-12345,SITE-E,England,Secondary,Imported,,2024-06-28
Steel,REC-1823-Q4 2024-SITE-E-ST01,,ORG-12345,SITE-E,England,Shipment,Exported,,2024-01-20
Glass,REC-1824-Q2 2024-SITE-A-GL01,2024-Q2,ORG-12345,SITE-A,England,Shipment,Exported,,2024-06-03
Fibre-based composite,REC-1825-2024-Q1-SITE-C-FB01,2024-Q1,ORG-12345,SITE-C,Wales,Tertiary,Exported,,2024-10-05
Wood,REC-1826-2024-Q3-SITE-A-WD01,2024-Q3,ORG-12345,SITE-A,England,Primary,Imported,,2024-07-02
Fibre-based composite,REC-1827-Q4 2024-SITE-B-FB01,,ORG-12345,SITE-B,Scotland,Primary,Exported,,2024-05-21
Plastic,REC-1828-2024-Q1-SITE-D-PL01,2024-Q1,ORG-12345,SITE-D,Northern Ireland,Secondary,Exported,,2024-04-17
Aluminium,REC-1829-Q4 2024-SITE-B-AL01,,ORG-12345,SITE-B,Scotland,Secondary,Exported,,2024-03-14
Plastic,REC-1830-Q4 2024-SITE-D-PL02,,ORG-12345,SITE-D,Northern Ireland,Primary,Supplied as goods,,2025-01-06
Fibre-based composite,REC-1831-2024-Q1-SITE-E-FB01,2024-Q1,ORG-12345,SITE-E,England,Primary,Exported,,2024-09-13
Plastic,REC-1832-2024-Q1-SITE-A-PL01,2024-Q1,ORG-12345,SITE-A,England,Secondary,Imported,,2024-05-28
Paper/card,REC-1833-2024-Q1-SITE-B-PC01,2024-Q1,ORG-12345,SITE-B,Scotland,Secondary,Imported,,2024-04-06
Plastic,REC-1834-2024-Q3-SITE-E-PL02,2024-Q3,ORG-12345,SITE-E,England,Shipment,Supplied as goods,,2024-05-28
Wood,REC-1835-2024-Q1-SITE-A-WD01,2024-Q1,ORG-12345,SITE-A,England,Primary,Exported,,2024-04-27
Glass,REC-1836-2024-Q3-SITE-A-GL01,2024-Q3,ORG-12345,SITE-A,England,Secondary,Supplied as goods,,2024-10-02
Plastic,REC-1837-Q2 2024-SITE-C-PL01,2024-Q2,ORG-12345,SITE-C,Wales,Primary,Exported,,2024-05-18
Wood,REC-1838-Q4 2024-SITE-D-WD01,,ORG-12345,SITE-D,Northern Ireland,Tertiary,Supplied as goods,,2024-03-05
Glass,REC-1839-Q2 2024-SITE-B-GL01,2024-Q2,ORG-12345,SITE-B,Scotland,Secondary,Exported,,2024-03-29
Plastic,REC-1840-Q2 2024-SITE-E-PL02,2024-Q2,ORG-12345,SITE-E,England,Secondary,Exported,,2024-11-30
Fibre-based composite,REC-1841-Q4 2024-SITE-C-FB01,,ORG-12345,SITE-C,Wales,Tertiary,Exported,,2024-08-23
Plastic,REC-1842-2024-Q3-SITE-B-PL01,2024-Q3,ORG-12345,SITE-B,Scotland,Tertiary,Imported,,2024-09-01
Aluminium,REC-1843-Q2 2024-SITE-B-AL01,2024-Q2,ORG-12345,SITE-B,Scotland,Tertiary,Supplied as goods,,2024-10-07
Steel,REC-1844-2024-Q1-SITE-D-ST01,2024-Q1,ORG-12345,SITE-D,Northern Ireland,Secondary,Supplied as goods,,2024-02-27
Glass,REC-1845-2024-Q3-SITE-D-GL01,2024-Q3,ORG-12345,SITE-D,Northern Ireland,Tertiary,Exported,,2024-12-12
Paper/card,REC-1846-Q4 2024-SITE-D-PC01,,ORG-12345,SITE-D,Northern Ireland,Secondary,Exported,,2025-01-01
Other,REC-1847-2024-Q3-SITE-D-OT01,2024-Q3,ORG-12345,SITE-D,Northern Ireland,Tertiary,Exported,,2025-01-03
Wood,REC-1848-2024-Q3-SITE-C-WD01,2024-Q3,ORG-12345,SITE-C,Wales,Secondary,Exported,,2024-06-10
Other,REC-1849-Q2 2024-SITE-B-OT01,2024-Q2,ORG-12345,SITE-B,Scotland,Primary,Imported,,2024-06-19
Aluminium,REC-1850-2024-Q3-SITE-C-AL01,2024-Q3,ORG-12345,SITE-C,Wales,Tertiary,Imported,,2024-08-19
Aluminium,REC-1851-Q2 2024-SITE-C-AL01,2024-Q2,ORG-12345,SITE-C,Wales,Tertiary,Exported,,2024-12-31
Paper/card,REC-1852-Q2 2024-SITE-D-PC01,2024-Q2,ORG-12345,SITE-D,Northern Ireland,Tertiary,Exported,,2024-06-12
Aluminium,REC-1853-Q4 2024-SITE-B-AL01,,ORG-12345,SITE-B,Scotland,Primary,Exported,,2024-05-19
Fibre-based composite,REC-1854-2024-Q3-SITE-E-FB01,2024-Q3,ORG-12345,SITE-E,England,Secondary,Exported,,2024-05-24
Plastic,REC-1855-2024-Q1-SITE-A-PL02,2024-Q1,ORG-12345,SITE-A,England,Secondary,Supplied as goods,,2024-05-24
Wood,REC-1856-Q4 2024-SITE-E-WD01,,ORG-12345,SITE-E,England,Secondary,Exported,,2024-05-30
Plastic,REC-1857-Q4 2024-SITE-D-PL01,,ORG-12345,SITE-D,Northern Ireland,Secondary,Exported,,2024-06-23
Plastic,REC-1858-2024-Q1-SITE-A-PL02,2024-Q1,ORG-12345,SITE-A,England,Primary,Supplied as goods,,2024-03-10
Other,REC-1859-Q2 2024-SITE-D-OT01,2024-Q2,ORG-12345,SITE-D,Northern Ireland,Shipment,Imported,,2024-12-18
Plastic,REC-1860-Q4 2024-SITE-C-PL01,,ORG-12345,SITE-C,Wales,Primary,Supplied as goods,,2024-05-12
Aluminium,REC-1861-2024-Q3-SITE-E-AL01,2024-Q3,ORG-12345,SITE-E,England,Shipment,Exported,,2024-04-01
Plastic,REC-1862-Q4 2024-SITE-B-PL01,,ORG-12345,SITE-B,Scotland,Shipment,Exported,,2024-10-18
Plastic,REC-1863-2024-Q1-SITE-D-PL01,2024-Q1,ORG-12345,SITE-D,Northern Ireland,Primary,Supplied as goods,,2024-05-20
Fibre-based composite,REC-1864-Q2 2024-SITE-B-FB01,2024-Q2,ORG-12345,SITE-B,Scotland,Primary,Supplied as goods,,2024-03-09
Plastic,REC-1865-Q2 2024-SITE-D-PL01,2024-Q2,ORG-12345,SITE-D,Northern Ireland,Primary,Exported,,2024-03-06
Plastic,REC-1866-Q4 2024-SITE-D-PL02,,ORG-12345,SITE-D,Northern Ireland,Secondary,Exported,,2024-10-18
Steel,REC-1867-2024-Q1-SITE-C-ST01,2024-Q1,ORG-12345,SITE-C,Wales,Primary,Exported,,2024-09-30
Fibre-based composite,REC-1868-2024-Q1-SITE-B-FB01,2024-Q1,ORG-12345,SITE-B,Scotland,Tertiary,Imported,,2025-01-06
Fibre-based composite,REC-1869-Q4 2024-SITE-C-FB01,,ORG-12345,SITE-C,Wales,Primary,Imported,,2024-05-21
Steel,REC-1870-Q2 2024-SITE-A-ST01,2024-Q2,ORG-12345,SITE-A,England,Primary,Imported,,2025-01-06
Plastic,REC-1871-2024-Q3-SITE-E-PL02,2024-Q3,ORG-12345,SITE-E,England,Secondary,Exported,,2024-07-28
Plastic,REC-1872-Q4 2024-SITE-A-PL01,,ORG-12345,SITE-A,England,Secondary,Imported,,2024-07-11
Aluminium,REC-1873-Q2 2024-SITE-D-AL01,2024-Q2,ORG-12345,SITE-D,Northern Ireland,Secondary,Imported,,2024-05-06
Other,REC-1874-2024-Q3-SITE-D-OT01,2024-Q3,ORG-12345,SITE-D,Northern Ireland,Shipment,Exported,,2024-05-11
Plastic,REC-1875-2024-Q1-SITE-C-PL02,2024-Q1,ORG-12345,SITE-C,Wales,Tertiary,Supplied as goods,,2024-05-24
Wood,REC-1876-Q2 2024-SITE-C-WD01,2024-Q2,ORG-12345,SITE-C,Wales,Primary,Imported,,2024-08-11
Steel,REC-1877-2024-Q1-SITE-E-ST01,2024-Q1,ORG-12345,SITE-E,England,Primary,Exported,,2024-12-15
Glass,REC-1878-Q2 2024-SITE-B-GL01,2024-Q2,ORG-12345,SITE-B,Scotland,Secondary,Exported,,2024-04-24
Plastic,REC-1879-2024-Q1-SITE-E-PL02,2024-Q1,ORG-12345,SITE-E,England,Primary,Supplied as goods,,2024-10-24
Paper/card,REC-1880-2024-Q1-SITE-B-PC01,2024-Q1,ORG-12345,SITE-B,Scotland,Tertiary,Supplied as goods,,2024-04-11
Steel,REC-1881-Q2 2024-SITE-D-ST01,2024-Q2,ORG-12345,SITE-D,Northern Ireland,Shipment,Supplied as goods,,2024-02-08
Wood,REC-1882-2024-Q3-SITE-E-WD01,2024-Q3,ORG-12345,SITE-E,England,Primary,Supplied as goods,,2024-05-19
Wood,REC-1883-2024-Q1-SITE-B-WD01,2024-Q1,ORG-12345,SITE-B,Scotland,Primary,Exported,,2024-07-26
Glass,REC-1884-Q4 2024-SITE-D-GL01,,ORG-12345,SITE-D,Northern Ireland,Primary,Imported,,2024-09-09
Other,REC-1885-Q4 2024-SITE-C-OT01,,ORG-12345,SITE-C,Wales,Secondary,Exported,,2024-09-28
Wood,REC-1886-2024-Q1-SITE-C-WD01,2024-Q1,ORG-12345,SITE-C,Wales,Primary,Supplied as goods,,2024-08-13
Fibre-based composite,REC-1887-Q2 2024-SITE-D-FB01,2024-Q2,ORG-12345,SITE-D,Northern Ireland,Secondary,Imported,,2024-05-04
Fibre-based composite,REC-1888-Q2 2024-SITE-E-FB01,2024-Q2,ORG-12345,SITE-E,England,Tertiary,Exported,,2024-06-17
Fibre-based composite,REC-1889-2024-Q3-SITE-D-FB01,2024-Q3,ORG-12345,SITE-D,Northern Ireland,Primary,Supplied as goods,,2024-08-06
Wood,REC-1890-Q2 2024-SITE-D-WD01,2024-Q2,ORG-12345,SITE-D,Northern Ireland,Tertiary,Imported,,2024-02-10
Aluminium,REC-1891-2024-Q1-SITE-C-AL01,2024-Q1,ORG-12345,SITE-C,Wales,Primary,Exported,,2024-09-09
Fibre-based composite,REC-1892-Q4 2024-SITE-C-FB01,,ORG-12345,SITE-C,Wales,Tertiary,Imported,,2024-09-16
Plastic,REC-1893-2024-Q1-SITE-A-PL02,2024-Q1,ORG-12345,SITE-A,England,Secondary,Imported,,2024-10-28
Steel,REC-1894-Q4 2024-SITE-A-ST01,,ORG-12345,SITE-A,England,Primary,Supplied as goods,,2024-07-04
Wood,REC-1895-2024-Q1-SITE-A-WD01,2024-Q1,ORG-12345,SITE-A,England,Secondary,Exported,,2024-09-20
Fibre-based composite,REC-1896-Q4 2024-SITE-B-FB01,,ORG-12345,SITE-B,Scotland,Tertiary,Exported,,2024-12-18
Wood,REC-1897-Q2 2024-SITE-B-WD01,2024-Q2,ORG-12345,SITE-B,Scotland,Tertiary,Exported,,2024-11-25
Fibre-based composite,REC-1898-2024-Q1-SITE-C-FB01,2024-Q1,ORG-12345,SITE-C,Wales,Secondary,Imported,,2024-04-23
Fibre-based composite,REC-1899-2024-Q3-SITE-D-FB01,2024-Q3,ORG-12345,SITE-D,Northern Ireland,Shipment,Supplied as goods,,2024-01-15
Plastic,REC-1900-Q2 2024-SITE-A-PL02,2024-Q2,ORG-12345,SITE-A,England,Primary,Supplied as goods,,2024-04-08
Wood,REC-1901-2024Q2-SITE-E-WD01,2024-Q2,ORG-12345,SITE-E,England,Primary,Supplied as goods,,2024-05-26
Other,REC-1902-Q2 2024-SITE-E-OT01,2024-Q2,ORG-12345,SITE-E,England,Shipment,Exported,,2024-12-29
Other,REC-1903-2024-Q1-SITE-B-OT01,2024-Q1,ORG-12345,SITE-B,Scotland,Primary,Imported,,2024-09-18
Steel,REC-1904-2024-Q3-SITE-A-ST01,2024-Q3,ORG-12345,SITE-A,England,Secondary,Exported,,2024-03-09
Glass,REC-1905-Q4 2024-SITE-B-GL01,,ORG-12345,SITE-B,Scotland,Shipment,Supplied as goods,,2024-03-05
Other,REC-1906-2024-Q3-SITE-D-OT01,2024-Q3,ORG-12345,SITE-D,Northern Ireland,Shipment,Imported,,2024-02-25
Aluminium,REC-1907-2024-Q1-SITE-C-AL01,2024-Q1,ORG-12345,SITE-C,Wales,Primary,Exported,,2024-03-15
Fibre-based composite,REC-1908-2024-Q3-SITE-C-FB01,2024-Q3,ORG-12345,SITE-C,Wales,Primary,Imported,,2024-06-20
Aluminium,REC-1909-Q2 2024-SITE-E-AL01,2024-Q2,ORG-12345,SITE-E,England,Secondary,Imported,,2024-08-22
Aluminium,REC-1910-Q2 2024-SITE-C-AL01,2024-Q2,ORG-12345,SITE-C,Wales,Secondary,Supplied as goods,,2024-06-30
Fibre-based composite,REC-1911-Q2 2024-SITE-A-FB01,2024-Q2,ORG-12345,SITE-A,England,Tertiary,Supplied as goods,,2024-08-21
Wood,REC-1912-Q4 2024-SITE-A-WD01,,ORG-12345,SITE-A,England,Primary,Exported,,2024-01-31
Glass,REC-1913-2024-Q1-SITE-E-GL01,2024-Q1,ORG-12345,SITE-E,England,Secondary,Imported,,2024-04-08
Steel,REC-1914-2024-Q1-SITE-A-ST01,2024-Q1,ORG-12345,SITE-A,England,Secondary,Supplied as goods,,2024-04-11
,REC-1915-2024-Q1-SITE-E-UNKNOWN,2024-Q1,ORG-12345,SITE-E,England,Tertiary,Imported,,2024-06-08
Glass,REC-1916-2024-Q1-SITE-B-GL01,2024-Q1,ORG-12345,SITE-B,Scotland,Primary,Imported,,2024-11-20
Aluminium,REC-1917-Q4 2024-SITE-Z-AL01,,ORG-12345,SITE-Z,,Tertiary,Imported,,2024-07-16
Other,REC-1918-Q2 2024-SITE-D-OT01,2024-Q2,ORG-12345,SITE-D,Northern Ireland,Secondary,Imported,,2024-12-21
Paper/card,REC-1919-2024-Q1-SITE-A-PC01,2024-Q1,ORG-12345,SITE-A,England,Primary,Supplied as goods,,2024-11-10
Plastic,REC-1920-2024-Q1-SITE-B-PL02,2024-Q1,ORG-12345,SITE-B,Scotland,Primary,Supplied as goods,,2024-07-03
Paper/card,REC-1921-2024-Q1-SITE-D-PC01,2024-Q1,ORG-12345,SITE-D,Northern Ireland,Shipment,Supplied as goods,,2024-12-22
Other,REC-1922-2024-Q1-SITE-D-OT01,2024-Q1,ORG-12345,SITE-D,Northern Ireland,Tertiary,Exported,,2024-04-04
Fibre-based composite,REC-1923-Q4 2024-SITE-C-FB01,,ORG-12345,SITE-C,Wales,Primary,Imported,,2024-09-25
Wood,REC-1924-Q2 2024-SITE-D-WD01,2024-Q2,ORG-12345,SITE-D,Northern Ireland,Tertiary,Imported,,2024-08-18
Paper/card,REC-1925-Q2 2024-SITE-A-PC01,2024-Q2,ORG-12345,SITE-A,England,Tertiary,Exported,,2024-08-14
Plastic,REC-1926-Q4 2024-SITE-B-PL02,,ORG-12345,SITE-B,Scotland,Secondary,Imported,,2024-04-27
Glass,REC-1927-2024-Q3-SITE-C-GL01,2024-Q3,ORG-12345,SITE-C,Wales,Secondary,Supplied as goods,,2024-01-16
Plastic,REC-1928-2024-Q3-SITE-C-PL02,2024-Q3,ORG-12345,SITE-C,Wales,Secondary,Exported,,2024-08-02
Other,REC-1929-2024-Q1-SITE-D-OT01,2024-Q1,ORG-12345,SITE-D,Northern Ireland,Shipment,Exported,,2024-11-12
Other,REC-1930-2024-Q3-SITE-A-OT01,2024-Q3,ORG-12345,SITE-A,England,Secondary,Exported,,2024-01-24
Fibre-based composite,REC-1931-Q4 2024-SITE-D-FB01,,ORG-12345,SITE-D,Northern Ireland,Shipment,Exported,,2024-11-21
Aluminium,REC-1932-2024-Q1-SITE-C-AL01,2024-Q1,ORG-12345,SITE-C,Wales,Secondary,Exported,,2024-12-22
Steel,REC-1933-Q2 2024-SITE-A-ST01,2024-Q2,ORG-12345,SITE-A,England,Secondary,Imported,,2024-05-16
Fibre-based composite,REC-1934-Q4 2024-SITE-C-FB01,,ORG-12345,SITE-C,Wales,Primary,Imported,,2024-09-27
Steel,REC-1935-Q2 2024-SITE-E-ST01,2024-Q2,ORG-12345,SITE-E,England,Tertiary,Exported,,2024-12-18
Other,REC-1936-2024-Q3-SITE-E-OT01,2024-Q3,ORG-12345,SITE-E,England,Secondary,Supplied as goods,,2024-10-20
Aluminium,REC-1937-Q4 2024-SITE-B-AL01,,ORG-12345,SITE-B,Scotland,Primary,Exported,,2024-03-05
Glass,REC-1938-Q4 2024-SITE-C-GL01,,ORG-12345,SITE-C,Wales,Tertiary,Exported,,2024-08-20
Aluminium,REC-1939-2024-Q1-SITE-C-AL01,2024-Q1,ORG-12345,SITE-C,Wales,Tertiary,Supplied as goods,,2024-04-03
Plastic,REC-1940-Q2 2024-SITE-C-PL02,2024-Q2,ORG-12345,SITE-C,Wales,Tertiary,Supplied as goods,,2024-09-02
Paper/card,REC-1941-2024-Q1-SITE-E-PC01,2024-Q1,ORG-12345,SITE-E,England,Primary,Exported,,2024-12-22
Steel,REC-1942-Q2 2024-SITE-C-ST01,2024-Q2,ORG-12345,SITE-C,Wales,Tertiary,Supplied as goods,,2024-04-20
Other,REC-1943-Q2 2024-SITE-A-OT01,2024-Q2,ORG-12345,SITE-A,England,Secondary,Exported,,2024-07-08
Glass,REC-1944-2024-Q1-SITE-C-GL01,2024-Q1,ORG-12345,SITE-C,Wales,Shipment,Exported,,2024-08-01
Fibre-based composite,REC-1945-Q2 2024-SITE-B-FB01,2024-Q2,ORG-12345,SITE-B,Scotland,Primary,Exported,,2024-11-27
Wood,REC-1946-Q4 2024-SITE-B-WD01,,ORG-12345,SITE-B,Scotland,Tertiary,Exported,,2024-09-05
Fibre-based composite,REC-1947-Q4 2024-SITE-A-FB01,,ORG-12345,SITE-A,England,Secondary,Exported,,2024-01-16
Paper/card,REC-1948-2024-Q1-SITE-D-PC01,2024-Q1,ORG-12345,SITE-D,Northern Ireland,Primary,Exported,,2024-09-08
Plastic,REC-1949-Q2 2024-SITE-E-PL02,2024-Q2,ORG-12345,SITE-E,England,Primary,Supplied as goods,,2024-09-24
Other,REC-1950-2024-Q1-SITE-E-OT01,2024-Q1,ORG-12345,SITE-E,England,Shipment,Exported,,2024-06-25
Aluminium,REC-1951-2024-Q1-SITE-A-AL01,2024-Q1,ORG-12345,SITE-A,England,Secondary,Exported,,2024-06-16
Glass,REC-1952-2024-Q3-SITE-C-GL01,2024-Q3,ORG-12345,SITE-C,Wales,Tertiary,Imported,,2024-02-22
Other,REC-1953-2024-Q1-SITE-D-OT01,2024-Q1,ORG-12345,SITE-D,Northern Ireland,Secondary,Supplied as goods,,2024-06-08
Paper/card,REC-1954-2024-Q1-SITE-E-PC01,2024-Q1,ORG-12345,SITE-E,England,Primary,Exported,,2024-03-13
Plastic,REC-1955-Q2 2024-SITE-B-PL02,2024-Q2,ORG-12345,SITE-B,Scotland,Secondary,Imported,,2024-02-24
Aluminium,REC-1956-2024-Q3-SITE-E-AL01,2024-Q3,ORG-12345,SITE-E,England,Primary,Imported,,2024-12-16
Steel,REC-1957-Q4 2024-SITE-C-ST01,,ORG-12345,SITE-C,Wales,Primary,Imported,,2024-12-16
Paper/card,REC-1958-2024-Q1-SITE-A-PC01,2024-Q1,ORG-12345,SITE-A,England,Secondary,Exported,,2024-09-15
Plastic,REC-1959-Q2 2024-SITE-C-PL01,2024-Q2,ORG-12345,SITE-C,Wales,Secondary,Imported,,2024-10-28
Aluminium,REC-1960-Q4 2024-SITE-A-AL01,,ORG-12345,SITE-A,England,Primary,Imported,,2024-03-19
Glass,REC-1961-2024-Q3-SITE-A-GL01,2024-Q3,ORG-12345,SITE-A,England,Tertiary,Exported,,2024-04-20
Wood,REC-1962-Q4 2024-SITE-E-WD01,,ORG-12345,SITE-E,England,Shipment,Supplied as goods,,2024-10-11
Steel,REC-1963-2024-Q3-SITE-E-ST01,2024-Q3,ORG-12345,SITE-E,England,Secondary,Supplied as goods,,2024-05-21
Plastic,REC-1964-2024-Q1-SITE-A-PL02,2024-Q1,ORG-12345,SITE-A,England,Tertiary,Imported,,2024-11-12
Aluminium,REC-1965-2024-Q1-SITE-E-AL01,2024-Q1,ORG-12345,SITE-E,England,Tertiary,Imported,,2024-05-21
Glass,REC-1966-2024-Q1-SITE-A-GL01,2024-Q1,ORG-12345,SITE-A,England,Tertiary,Supplied as goods,,2024-08-04
Glass,REC-1967-2024-Q1-SITE-B-GL01,2024-Q1,ORG-12345,SITE-B,Scotland,Primary,Imported,,2024-01-22
Fibre-based composite,REC-1968-2024-Q1-SITE-B-FB01,2024-Q1,ORG-12345,SITE-B,Scotland,Primary,Imported,,2024-06-29
Fibre-based composite,REC-1969-Q2 2024-SITE-D-FB01,2024-Q2,ORG-12345,SITE-D,Northern Ireland,Secondary,Exported,,2024-03-29
Aluminium,REC-1970-Q4 2024-SITE-D-AL01,,ORG-12345,SITE-D,Northern Ireland,Secondary,Imported,,2024-08-25
Plastic,REC-1971-2024-Q1-SITE-A-PL01,2024-Q1,ORG-12345,SITE-A,England,Secondary,Supplied as goods,,2024-09-05
Other,REC-1972-2024-Q3-SITE-B-OT01,2024-Q3,ORG-12345,SITE-B,Scotland,Secondary,Supplied as goods,,2024-04-14
Fibre-based composite,REC-1973-Q4 2024-SITE-E-FB01,,ORG-12345,SITE-E,England,Tertiary,Supplied as goods,,2024-06-18
Aluminium,REC-1974-Q4 2024-SITE-D-AL01,,ORG-12345,SITE-D,Northern Ireland,Secondary,Supplied as goods,,2024-04-06
Wood,REC-1975-Q4 2024-SITE-B-WD01,,ORG-12345,SITE-B,Scotland,Primary,Imported,,2024-05-06
Other,REC-1976-2024-Q3-SITE-C-OT01,2024-Q3,ORG-12345,SITE-C,Wales,Shipment,Exported,,2024-05-24
Plastic,REC-1977-2024-Q1-SITE-D-PL02,2024-Q1,ORG-12345,SITE-D,Northern Ireland,Secondary,Exported,,2024-10-31
Plastic,REC-1978-Q2 2024-SITE-E-PL02,2024-Q2,ORG-12345,SITE-E,England,Primary,Imported,,2024-09-25
Other,REC-1979-Q4 2024-SITE-E-OT01,,ORG-12345,SITE-E,England,Primary,Supplied as goods,,2024-07-07
Plastic,REC-1980-2024-Q3-SITE-D-PL01,2024-Q3,ORG-12345,SITE-D,Northern Ireland,Secondary,Supplied as goods,,2024-06-02
Aluminium,REC-1981-Q4 2024-SITE-A-AL01,,ORG-12345,SITE-A,England,Tertiary,Imported,,2024-11-29
Aluminium,REC-1982-Q4 2024-SITE-C-AL01,,ORG-12345,SITE-C,Wales,Primary,Imported,,2024-10-13
Paper/card,REC-1983-2024-Q1-SITE-A-PC01,2024-Q1,ORG-12345,SITE-A,England,Secondary,Supplied as goods,,2024-03-25
Aluminium,REC-1984-2024-Q1-SITE-E-AL01,2024-Q1,ORG-12345,SITE-E,England,Secondary,Supplied as goods,,2024-12-28
Other,REC-1985-2024-Q3-SITE-B-OT01,2024-Q3,ORG-12345,SITE-B,Scotland,Secondary,Exported,,2024-02-02
Steel,REC-1986-Q4 2024-SITE-E-ST01,,ORG-12345,SITE-E,England,Primary,Exported,,2024-03-02
Paper/card,REC-1987-Q2 2024-SITE-E-PC01,2024-Q2,ORG-12345,SITE-E,England,Primary,Exported,,2024-09-14
Steel,REC-1988-Q2 2024-SITE-D-ST01,2024-Q2,ORG-12345,SITE-D,Northern Ireland,Shipment,Supplied as goods,,2024-07-02
Plastic,REC-1989-Q4 2024-SITE-A-PL02,,ORG-12345,SITE-A,England,Primary,Exported,,2024-07-11
Paper/card,REC-1990-2024-Q1-SITE-A-PC01,2024-Q1,ORG-12345,SITE-A,England,Tertiary,Imported,,2024-11-02
Plastic,REC-1991-2024-Q1-SITE-B-PL01,2024-Q1,ORG-12345,SITE-B,Scotland,Tertiary,Imported,,2024-04-15
Aluminium,REC-1992-2024-Q1-SITE-D-AL01,2024-Q1,ORG-12345,SITE-D,Northern Ireland,Tertiary,Supplied as goods,,2024-09-01
Aluminium,REC-1993-2024-Q3-SITE-C-AL01,2024-Q3,ORG-12345,SITE-C,Wales,Shipment,Supplied as goods,,2024-08-23
Glass,REC-1994-Q4 2024-SITE-D-GL01,,ORG-12345,SITE-D,Northern Ireland,Tertiary,Supplied as goods,,2024-04-11
Paper/card,REC-1995-2024-Q1-SITE-A-PC01,2024-Q1,ORG-12345,SITE-A,England,Primary,Exported,,2024-05-02
Plastic,REC-1996-2024-Q3-SITE-B-PL02,2024-Q3,ORG-12345,SITE-B,Scotland,Primary,Imported,,2024-10-07
Other,REC-1997-Q2 2024-SITE-D-OT01,2024-Q2,ORG-12345,SITE-D,Northern Ireland,Tertiary,Exported,,2024-10-13
Aluminium,REC-1998-2024-Q3-SITE-C-AL01,2024-Q3,ORG-12345,SITE-C,Wales,Secondary,Imported,,2024-11-20
Aluminium,REC-1999-Q4 2024-SITE-D-AL01,,ORG-12345,SITE-D,Northern Ireland,Tertiary,Supplied as goods,,2024-11-07
Plastic,REC-2000-2024-Q1-SITE-B-PL02,2024-Q1,ORG-12345,SITE-B,Scotland,Tertiary,Exported,,2024-09-16
Fibre-based composite,REC-2001-2024Q2-SITE-A-FB01,2024-Q2,ORG-12345,SITE-A,England,Tertiary,Exported,,2024-05-12
Glass,REC-2002-2024-Q1-SITE-B-GL01,2024-Q1,ORG-12345,SITE-B,Scotland,Primary,Supplied as goods,,2024-10-09
Other,REC-2003-2024-Q1-SITE-B-OT01,2024-Q1,ORG-12345,SITE-B,Scotland,Primary,Imported,,2024-09-22
Aluminium,REC-2004-Q2 2024-SITE-E-AL01,2024-Q2,ORG-12345,SITE-E,England,Primary,Supplied as goods,,2024-08-28
Plastic,REC-2005-Q4 2024-SITE-C-PL02,,ORG-12345,SITE-C,Wales,Secondary,Exported,,2024-12-28
Steel,REC-2006-2024-Q1-SITE-A-ST01,2024-Q1,ORG-12345,SITE-A,England,Tertiary,Imported,,2024-01-30
Plastic,REC-2007-Q2 2024-SITE-A-PL02,2024-Q2,ORG-12345,SITE-A,England,Secondary,Supplied as goods,,2024-03-15
Wood,REC-2008-2024-Q1-SITE-E-WD01,2024-Q1,ORG-12345,SITE-E,England,Tertiary,Exported,,2024-03-31
Paper/card,REC-2009-2024-Q3-SITE-C-PC01,2024-Q3,ORG-12345,SITE-C,Wales,Secondary,Imported,,2024-02-27
Other,REC-2010-Q4 2024-SITE-C-OT01,,ORG-12345,SITE-C,Wales,Tertiary,Supplied as goods,,2024-02-23
Glass,REC-2011-Q4 2024-SITE-C-GL01,,ORG-12345,SITE-C,Wales,Primary,Imported,,2024-02-04
Other,REC-2012-2024-Q3-SITE-A-OT01,2024-Q3,ORG-12345,SITE-A,England,Secondary,Imported,,2024-07-26
Paper/card,REC-2013-Q2 2024-SITE-E-PC01,2024-Q2,ORG-12345,SITE-E,England,Tertiary,Imported,,2024-07-26
Plastic,REC-2014-Q2 2024-SITE-E-PL02,2024-Q2,ORG-12345,SITE-E,England,Primary,Imported,,2024-07-22
,REC-2015-2024-Q1-SITE-A-UNKNOWN,2024-Q1,ORG-12345,SITE-A,England,Secondary,Imported,,2024-09-11
Plastic,REC-2016-2024-Q3-SITE-E-PL01,2024-Q3,ORG-12345,SITE-E,England,Secondary,Supplied as goods,,2024-11-29
Other,REC-2017-2024-Q1-SITE-Z-OT01,2024-Q1,ORG-12345,SITE-Z,,Primary,Supplied as goods,,2024-05-23
Other,REC-2018-2024-Q3-SITE-C-OT01,2024-Q3,ORG-12345,SITE-C,Wales,Primary,Exported,,2024-04-14
Other,REC-2019-Q2 2024-SITE-E-OT01,2024-Q2,ORG-12345,SITE-E,England,Secondary,Imported,,2024-04-20
Other,REC-2020-2024-Q1-SITE-B-OT01,2024-Q1,ORG-12345,SITE-B,Scotland,Tertiary,Supplied as goods,,2025-01-05
Fibre-based composite,REC-2021-2024-Q3-SITE-E-FB01,2024-Q3,ORG-12345,SITE-E,England,Shipment,Exported,,2024-06-15
Glass,REC-2022-Q4 2024-SITE-C-GL01,,ORG-12345,SITE-C,Wales,Primary,Supplied as goods,,2024-03-08
Steel,REC-2023-2024-Q3-SITE-D-ST01,2024-Q3,ORG-12345,SITE-D,Northern Ireland,Tertiary,Imported,,2024-08-01
Glass,REC-2024-Q4 2024-SITE-B-GL01,,ORG-12345,SITE-B,Scotland,Secondary,Imported,,2024-12-25
Paper/card,REC-2025-2024-Q1-SITE-B-PC01,2024-Q1,ORG-12345,SITE-B,Scotland,Secondary,Exported,,2024-02-27
Wood,REC-2026-2024-Q1-SITE-C-WD01,2024-Q1,ORG-12345,SITE-C,Wales,Secondary,Imported,,2024-03-10
Paper/card,REC-2027-2024-Q3-SITE-C-PC01,2024-Q3,ORG-12345,SITE-C,Wales,Primary,Exported,,2024-03-23
Wood,REC-2028-2024-Q3-SITE-A-WD01,2024-Q3,ORG-12345,SITE-A,England,Shipment,Exported,,2024-12-07
Plastic,REC-2029-2024-Q3-SITE-B-PL01,2024-Q3,ORG-12345,SITE-B,Scotland,Tertiary,Imported,,2024-10-10
Steel,REC-2030-Q2 2024-SITE-D-ST01,2024-Q2,ORG-12345,SITE-D,Northern Ireland,Shipment,Imported,,2024-03-07
Plastic,REC-2031-2024-Q1-SITE-A-PL02,2024-Q1,ORG-12345,SITE-A,England,Primary,Exported,,2024-04-25
Aluminium,REC-2032-Q2 2024-SITE-D-AL01,2024-Q2,ORG-12345,SITE-D,Northern Ireland,Shipment,Supplied as goods,,2024-08-09
Paper/card,REC-2033-2024-Q1-SITE-A-PC01,2024-Q1,ORG-12345,SITE-A,England,Primary,Supplied as goods,,2024-09-29
Wood,REC-2034-Q4 2024-SITE-D-WD01,,ORG-12345,SITE-D,Northern Ireland,Tertiary,Imported,,2024-10-09
Plastic,REC-2035-2024-Q1-SITE-A-PL01,2024-Q1,ORG-12345,SITE-A,England,Primary,Supplied as goods,,2024-08-14
Plastic,REC-2036-Q4 2024-SITE-B-PL02,,ORG-12345,SITE-B,Scotland,Shipment,Supplied as goods,,2024-09-12
Wood,REC-2037-2024-Q1-SITE-D-WD01,2024-Q1,ORG-12345,SITE-D,Northern Ireland,Secondary,Exported,,2024-12-28
Aluminium,REC-2038-2024-Q1-SITE-B-AL01,2024-Q1,ORG-12345,SITE-B,Scotland,Secondary,Imported,,2024-06-22
Plastic,REC-2039-2024-Q3-SITE-A-PL02,2024-Q3,ORG-12345,SITE-A,England,Tertiary,Supplied as goods,,2024-05-12
Fibre-based composite,REC-2040-Q2 2024-SITE-E-FB01,2024-Q2,ORG-12345,SITE-E,England,Shipment,Imported,,2024-04-23
Glass,REC-2041-Q2 2024-SITE-E-GL01,2024-Q2,ORG-12345,SITE-E,England,Tertiary,Exported,,2024-05-16
Wood,REC-2042-2024-Q3-SITE-A-WD01,2024-Q3,ORG-12345,SITE-A,England,Secondary,Imported,,2025-01-05
Steel,REC-2043-2024-Q1-SITE-C-ST01,2024-Q1,ORG-12345,SITE-C,Wales,Primary,Exported,,2024-05-15
Wood,REC-2044-2024-Q1-SITE-E-WD01,2024-Q1,ORG-12345,SITE-E,England,Secondary,Imported,,2024-03-20
Fibre-based composite,REC-2045-Q2 2024-SITE-A-FB01,2024-Q2,ORG-12345,SITE-A,England,Tertiary,Supplied as goods,,2024-08-01
Fibre-based composite,REC-2046-Q2 2024-SITE-D-FB01,2024-Q2,ORG-12345,SITE-D,Northern Ireland,Shipment,Supplied as goods,,2024-09-04
Plastic,REC-2047-2024-Q3-SITE-B-PL02,2024-Q3,ORG-12345,SITE-B,Scotland,Secondary,Exported,,2024-07-15
Plastic,REC-2048-2024-Q1-SITE-D-PL01,2024-Q1,ORG-12345,SITE-D,Northern Ireland,Tertiary,Imported,,2024-11-30
Wood,REC-2049-Q2 2024-SITE-E-WD01,2024-Q2,ORG-12345,SITE-E,England,Secondary,Exported,,2024-05-29
Steel,REC-2050-2024-Q1-SITE-E-ST01,2024-Q1,ORG-12345,SITE-E,England,Tertiary,Supplied as goods,,2024-08-31
Aluminium,REC-2051-2024-Q1-SITE-D-AL01,2024-Q1,ORG-12345,SITE-D,Northern Ireland,Secondary,Imported,,2024-05-13
Paper/card,REC-2052-Q4 2024-SITE-C-PC01,,ORG-12345,SITE-C,Wales,Shipment,Exported,,2025-01-04
Plastic,REC-2053-2024-Q3-SITE-C-PL01,2024-Q3,ORG-12345,SITE-C,Wales,Shipment,Supplied as goods,,2024-04-17
Plastic,REC-2054-Q4 2024-SITE-D-PL01,,ORG-12345,SITE-D,Northern Ireland,Tertiary,Imported,,2024-11-03
Fibre-based composite,REC-2055-2024-Q3-SITE-A-FB01,2024-Q3,ORG-12345,SITE-A,England,Tertiary,Exported,,2024-10-15
Paper/card,REC-2056-2024-Q3-SITE-B-PC01,2024-Q3,ORG-12345,SITE-B,Scotland,Shipment,Imported,,2024-03-07
Steel,REC-2057-Q2 2024-SITE-B-ST01,2024-Q2,ORG-12345,SITE-B,Scotland,Primary,Exported,,2024-04-18
Aluminium,REC-2058-2024-Q1-SITE-D-AL01,2024-Q1,ORG-12345,SITE-D,Northern Ireland,Secondary,Supplied as goods,,2024-11-28
Plastic,REC-2059-Q4 2024-SITE-D-PL01,,ORG-12345,SITE-D,Northern Ireland,Shipment,Imported,,2024-12-08
Wood,REC-2060-Q2 2024-SITE-E-WD01,2024-Q2,ORG-12345,SITE-E,England,Primary,Exported,,2024-12-23
Paper/card,REC-2061-2024-Q1-SITE-E-PC01,2024-Q1,ORG-12345,SITE-E,England,Tertiary,Supplied as goods,,2024-01-16
Paper/card,REC-2062-Q4 2024-SITE-E-PC01,,ORG-12345,SITE-E,England,Secondary,Exported,,2024-01-30
Other,REC-2063-Q2 2024-SITE-E-OT01,2024-Q2,ORG-12345,SITE-E,England,Tertiary,Supplied as goods,,2024-12-18
Steel,REC-2064-Q4 2024-SITE-C-ST01,,ORG-12345,SITE-C,Wales,Primary,Exported,,2024-02-21
Aluminium,REC-2065-Q2 2024-SITE-A-AL01,2024-Q2,ORG-12345,SITE-A,England,Primary,Exported,,2024-10-11
Paper/card,REC-2066-Q2 2024-SITE-C-PC01,2024-Q2,ORG-12345,SITE-C,Wales,Shipment,Imported,,2024-08-06
Other,REC-2067-2024-Q3-SITE-E-OT01,2024-Q3,ORG-12345,SITE-E,England,Primary,Supplied as goods,,2024-02-04
Plastic,REC-2068-2024-Q1-SITE-A-PL01,2024-Q1,ORG-12345,SITE-A,England,Tertiary,Supplied as goods,,2024-10-04
Fibre-based composite,REC-2069-2024-Q1-SITE-A-FB01,2024-Q1,ORG-12345,SITE-A,England,Shipment,Imported,,2024-07-31
Other,REC-2070-2024-Q3-SITE-E-OT01,2024-Q3,ORG-12345,SITE-E,England,Primary,Supplied as goods,,2024-02-08
Plastic,REC-2071-2024-Q3-SITE-A-PL02,2024-Q3,ORG-12345,SITE-A,England,Secondary,Exported,,2024-11-20
Plastic,REC-2072-Q2 2024-SITE-D-PL02,2024-Q2,ORG-12345,SITE-D,Northern Ireland,Tertiary,Exported,,2024-10-08
Aluminium,REC-2073-2024-Q1-SITE-B-AL01,2024-Q1,ORG-12345,SITE-B,Scotland,Tertiary,Exported,,2024-07-21
Aluminium,REC-2074-Q4 2024-SITE-D-AL01,,ORG-12345,SITE-D,Northern Ireland,Tertiary,Imported,,2024-06-07
Fibre-based composite,REC-2075-Q4 2024-SITE-B-FB01,,ORG-12345,SITE-B,Scotland,Primary,Supplied as goods,,2024-12-23
Glass,REC-2076-Q4 2024-SITE-D-GL01,,ORG-12345,SITE-D,Northern Ireland,Shipment,Supplied as goods,,2024-02-08
Glass,REC-2077-2024-Q1-SITE-C-GL01,2024-Q1,ORG-12345,SITE-C,Wales,Shipment,Exported,,2024-10-09
Other,REC-2078-Q4 2024-SITE-B-OT01,,ORG-12345,SITE-B,Scotland,Secondary,Supplied as goods,,2024-02-29
Glass,REC-2079-2024-Q3-SITE-B-GL01,2024-Q3,ORG-12345,SITE-B,Scotland,Secondary,Imported,,2024-03-10
Wood,REC-2080-2024-Q1-SITE-B-WD01,2024-Q1,ORG-12345,SITE-B,Scotland,Shipment,Supplied as goods,,2024-11-18
Glass,REC-2081-2024-Q3-SITE-B-GL01,2024-Q3,ORG-12345,SITE-B,Scotland,Primary,Imported,,2024-09-10
Wood,REC-2082-Q2 2024-SITE-A-WD01,2024-Q2,ORG-12345,SITE-A,England,Shipment,Exported,,2024-08-31
Plastic,REC-2083-2024-Q1-SITE-E-PL02,2024-Q1,ORG-12345,SITE-E,England,Tertiary,Exported,,2024-04-10
Paper/card,REC-2084-2024-Q1-SITE-E-PC01,2024-Q1,ORG-12345,SITE-E,England,Primary,Supplied as goods,,2024-08-22
Steel,REC-2085-2024-Q1-SITE-C-ST01,2024-Q1,ORG-12345,SITE-C,Wales,Secondary,Supplied as goods,,2024-09-11
Other,REC-2086-Q2 2024-SITE-E-OT01,2024-Q2,ORG-12345,SITE-E,England,Primary,Supplied as goods,,2024-02-22
Plastic,REC-2087-Q2 2024-SITE-E-PL01,2024-Q2,ORG-12345,SITE-E,England,Tertiary,Supplied as goods,,2024-12-01
Aluminium,REC-2088-2024-Q3-SITE-B-AL01,2024-Q3,ORG-12345,SITE-B,Scotland,Secondary,Exported,,2024-09-22
Wood,REC-2089-Q2 2024-SITE-E-WD01,2024-Q2,ORG-12345,SITE-E,England,Primary,Imported,,2024-10-04
Glass,REC-2090-2024-Q3-SITE-A-GL01,2024-Q3,ORG-12345,SITE-A,England,Shipment,Exported,,2024-11-03
Wood,REC-2091-2024-Q1-SITE-D-WD01,2024-Q1,ORG-12345,SITE-D,Northern Ireland,Tertiary,Supplied as goods,,2024-09-15
Plastic,REC-2092-Q2 2024-SITE-E-PL01,2024-Q2,ORG-12345,SITE-E,England,Secondary,Imported,,2024-07-19
Plastic,REC-2093-Q2 2024-SITE-B-PL01,2024-Q2,ORG-12345,SITE-B,Scotland,Secondary,Exported,,2024-07-11
Paper/card,REC-2094-2024-Q1-SITE-C-PC01,2024-Q1,ORG-12345,SITE-C,Wales,Tertiary,Supplied as goods,,2024-10-17
Wood,REC-2095-Q2 2024-SITE-A-WD01,2024-Q2,ORG-12345,SITE-A,England,Primary,Exported,,2024-11-02
Glass,REC-2096-2024-Q1-SITE-E-GL01,2024-Q1,ORG-12345,SITE-E,England,Secondary,Exported,,2024-11-12
Other,REC-2097-2024-Q3-SITE-E-OT01,2024-Q3,ORG-12345,SITE-E,England,Tertiary,Exported,,2024-01-23
Glass,REC-2098-Q2 2024-SITE-E-GL01,2024-Q2,ORG-12345,SITE-E,England,Primary,Supplied as goods,,2024-10-18
Fibre-based composite,REC-2099-2024-Q3-SITE-E-FB01,2024-Q3,ORG-12345,SITE-E,England,Tertiary,Exported,,2024-03-21
Steel,REC-2100-2024-Q3-SITE-A-ST01,2024-Q3,ORG-12345,SITE-A,England,Shipment,Imported,,2024-09-02
Other,REC-2101-2024Q2-SITE-D-OT01,2024-Q2,ORG-12345,SITE-D,Northern Ireland,Shipment,Imported,,2024-04-15
Aluminium,REC-2102-Q2 2024-SITE-B-AL01,2024-Q2,ORG-12345,SITE-B,Scotland,Shipment,Imported,,2024-11-25
Wood,REC-2103-Q4 2024-SITE-D-WD01,,ORG-12345,SITE-D,Northern Ireland,Primary,Imported,,2024-10-13
Wood,REC-2104-Q4 2024-SITE-E-WD01,,ORG-12345,SITE-E,England,Secondary,Exported,,2024-04-02
Glass,REC-2105-2024-Q3-SITE-A-GL01,2024-Q3,ORG-12345,SITE-A,England,Secondary,Exported,,2024-10-09
Plastic,REC-2106-2024-Q1-SITE-C-PL01,2024-Q1,ORG-12345,SITE-C,Wales,Secondary,Exported,,2024-05-31
Plastic,REC-2107-2024-Q3-SITE-D-PL01,2024-Q3,ORG-12345,SITE-D,Northern Ireland,Tertiary,Imported,,2024-03-15
Plastic,REC-2108-Q2 2024-SITE-E-PL01,2024-Q2,ORG-12345,SITE-E,England,Primary,Exported,,2024-07-08
Paper/card,REC-2109-Q4 2024-SITE-D-PC01,,ORG-12345,SITE-D,Northern Ireland,Secondary,Imported,,2024-03-26
Paper/card,REC-2110-2024-Q3-SITE-B-PC01,2024-Q3,ORG-12345,SITE-B,Scotland,Tertiary,Exported,,2024-05-07
Aluminium,REC-2111-Q2 2024-SITE-D-AL01,2024-Q2,ORG-12345,SITE-D,Northern Ireland,Shipment,Exported,,2024-02-24
Paper/card,REC-2112-2024-Q3-SITE-B-PC01,2024-Q3,ORG-12345,SITE-B,Scotland,Primary,Exported,,2024-04-09
Glass,REC-2113-2024-Q3-SITE-C-GL01,2024-Q3,ORG-12345,SITE-C,Wales,Secondary,Exported,,2024-05-08
Other,REC-2114-2024-Q1-SITE-C-OT01,2024-Q1,ORG-12345,SITE-C,Wales,Primary,Exported,,2024-09-21
,REC-2115-2024-Q3-SITE-A-UNKNOWN,2024-Q3,ORG-12345,SITE-A,England,Secondary,Imported,,2024-12-28
Steel,REC-2116-2024-Q1-SITE-C-ST01,2024-Q1,ORG-12345,SITE-C,Wales,Tertiary,Imported,,2024-10-03
Plastic,REC-2117-2024-Q1-SITE-Z-PL02,2024-Q1,ORG-12345,SITE-Z,,Tertiary,Supplied as goods,,2024-10-08
Paper/card,REC-2118-2024-Q3-SITE-A-PC01,2024-Q3,ORG-12345,SITE-A,England,Shipment,Supplied as goods,,2024-08-03
Steel,REC-2119-2024-Q3-SITE-C-ST01,2024-Q3,ORG-12345,SITE-C,Wales,Primary,Imported,,2024-03-09
Aluminium,REC-2120-Q4 2024-SITE-D-AL01,,ORG-12345,SITE-D,Northern Ireland,Tertiary,Supplied as goods,,2024-10-09
Plastic,REC-2121-2024-Q1-SITE-A-PL02,2024-Q1,ORG-12345,SITE-A,England,Primary,Imported,,2024-05-30
Glass,REC-2122-2024-Q1-SITE-A-GL01,2024-Q1,ORG-12345,SITE-A,England,Tertiary,Exported,,2024-04-14
Wood,REC-2123-Q4 2024-SITE-E-WD01,,ORG-12345,SITE-E,England,Secondary,Exported,,2024-02-14
Glass,REC-2124-Q2 2024-SITE-B-GL01,2024-Q2,ORG-12345,SITE-B,Scotland,Tertiary,Imported,,2024-10-10
Other,REC-2125-Q4 2024-SITE-C-OT01,,ORG-12345,SITE-C,Wales,Tertiary,Imported,,2024-02-13
Paper/card,REC-2126-Q4 2024-SITE-E-PC01,,ORG-12345,SITE-E,England,Tertiary,Exported,,2024-06-15
Glass,REC-2127-2024-Q3-SITE-C-GL01,2024-Q3,ORG-12345,SITE-C,Wales,Primary,Imported,,2024-11-11
Fibre-based composite,REC-2128-Q2 2024-SITE-B-FB01,2024-Q2,ORG-12345,SITE-B,Scotland,Secondary,Imported,,2024-11-24
Plastic,REC-2129-Q2 2024-SITE-A-PL02,2024-Q2,ORG-12345,SITE-A,England,Primary,Exported,,2024-02-04
Plastic,REC-2130-Q2 2024-SITE-E-PL01,2024-Q2,ORG-12345,SITE-E,England,Primary,Imported,,2024-05-15
Glass,REC-2131-Q2 2024-SITE-A-GL01,2024-Q2,ORG-12345,SITE-A,England,Tertiary,Supplied as goods,,2024-06-28
Paper/card,REC-2132-Q2 2024-SITE-E-PC01,2024-Q2,ORG-12345,SITE-E,England,Secondary,Supplied as goods,,2024-03-06
Steel,REC-2133-Q4 2024-SITE-D-ST01,,ORG-12345,SITE-D,Northern Ireland,Secondary,Imported,,2024-09-26
Aluminium,REC-2134-Q4 2024-SITE-C-AL01,,ORG-12345,SITE-C,Wales,Secondary,Imported,,2024-01-18
Glass,REC-2135-2024-Q3-SITE-C-GL01,2024-Q3,ORG-12345,SITE-C,Wales,Secondary,Exported,,2024-02-19
Other,REC-2136-Q2 2024-SITE-B-OT01,2024-Q2,ORG-12345,SITE-B,Scotland,Primary,Supplied as goods,,2024-03-19
Aluminium,REC-2137-2024-Q1-SITE-C-AL01,2024-Q1,ORG-12345,SITE-C,Wales,Shipment,Supplied as goods,,2024-07-26
Plastic,REC-2138-Q2 2024-SITE-D-PL01,2024-Q2,ORG-12345,SITE-D,Northern Ireland,Primary,Exported,,2024-10-24
Wood,REC-2139-2024-Q1-SITE-D-WD01,2024-Q1,ORG-12345,SITE-D,Northern Ireland,Secondary,Supplied as goods,,2024-09-04
Glass,REC-2140-2024-Q3-SITE-D-GL01,2024-Q3,ORG-12345,SITE-D,Northern Ireland,Tertiary,Supplied as goods,,2024-07-18
Other,REC-2141-2024-Q1-SITE-B-OT01,2024-Q1,ORG-12345,SITE-B,Scotland,Tertiary,Imported,,2024-03-27
Plastic,REC-2142-Q2 2024-SITE-E-PL02,2024-Q2,ORG-12345,SITE-E,England,Shipment,Exported,,2024-03-07
Fibre-based composite,REC-2143-Q4 2024-SITE-A-FB01,,ORG-12345,SITE-A,England,Primary,Exported,,2024-02-16
Wood,REC-2144-Q2 2024-SITE-E-WD01,2024-Q2,ORG-12345,SITE-E,England,Tertiary,Supplied as goods,,2024-06-29
Glass,REC-2145-Q2 2024-SITE-D-GL01,2024-Q2,ORG-12345,SITE-D,Northern Ireland,Primary,Supplied as goods,,2024-08-20
Paper/card,REC-2146-Q2 2024-SITE-B-PC01,2024-Q2,ORG-12345,SITE-B,Scotland,Tertiary,Exported,,2024-04-09
Paper/card,REC-2147-Q2 2024-SITE-E-PC01,2024-Q2,ORG-12345,SITE-E,England,Tertiary,Imported,,2024-10-25
Steel,REC-2148-Q2 2024-SITE-D-ST01,2024-Q2,ORG-12345,SITE-D,Northern Ireland,Secondary,Imported,,2024-08-03
Steel,REC-2149-Q4 2024-SITE-C-ST01,,ORG-12345,SITE-C,Wales,Primary,Supplied as goods,,2024-03-14
Glass,REC-2150-Q2 2024-SITE-A-GL01,2024-Q2,ORG-12345,SITE-A,England,Secondary,Exported,,2024-04-13
Wood,REC-2151-Q4 2024-SITE-E-WD01,,ORG-12345,SITE-E,England,Primary,Supplied as goods,,2024-09-25
Plastic,REC-2152-Q2 2024-SITE-B-PL02,2024-Q2,ORG-12345,SITE-B,Scotland,Primary,Imported,,2024-03-31
Plastic,REC-2153-2024-Q3-SITE-B-PL01,2024-Q3,ORG-12345,SITE-B,Scotland,Tertiary,Exported,,2024-02-11
Other,REC-2154-Q4 2024-SITE-C-OT01,,ORG-12345,SITE-C,Wales,Primary,Supplied as goods,,2024-12-31
Wood,REC-2155-Q2 2024-SITE-C-WD01,2024-Q2,ORG-12345,SITE-C,Wales,Shipment,Exported,,2025-01-09
Paper/card,REC-2156-Q4 2024-SITE-E-PC01,,ORG-12345,SITE-E,England,Tertiary,Exported,,2024-02-04
Aluminium,REC-2157-2024-Q1-SITE-D-AL01,2024-Q1,ORG-12345,SITE-D,Northern Ireland,Primary,Imported,,2024-11-03
Paper/card,REC-2158-2024-Q1-SITE-B-PC01,2024-Q1,ORG-12345,SITE-B,Scotland,Primary,Imported,,2024-03-31
Glass,REC-2159-2024-Q1-SITE-A-GL01,2024-Q1,ORG-12345,SITE-A,England,Tertiary,Exported,,2024-04-25
Wood,REC-2160-Q2 2024-SITE-A-WD01,2024-Q2,ORG-12345,SITE-A,England,Secondary,Exported,,2024-11-05
Fibre-based composite,REC-2161-2024-Q1-SITE-A-FB01,2024-Q1,ORG-12345,SITE-A,England,Secondary,Supplied as goods,,2024-08-05
Plastic,REC-2162-Q2 2024-SITE-B-PL01,2024-Q2,ORG-12345,SITE-B,Scotland,Tertiary,Supplied as goods,,2024-12-31
Wood,REC-2163-2024-Q1-SITE-A-WD01,2024-Q1,ORG-12345,SITE-A,England,Secondary,Imported,,2024-12-24
Plastic,REC-2164-Q2 2024-SITE-B-PL02,2024-Q2,ORG-12345,SITE-B,Scotland,Primary,Supplied as goods,,2024-03-16
Plastic,REC-2165-Q2 2024-SITE-B-PL01,2024-Q2,ORG-12345,SITE-B,Scotland,Secondary,Supplied as goods,,2024-05-03
Plastic,REC-2166-Q2 2024-SITE-C-PL01,2024-Q2,ORG-12345,SITE-C,Wales,Secondary,Exported,,2024-01-21
Glass,REC-2167-2024-Q1-SITE-E-GL01,2024-Q1,ORG-12345,SITE-E,England,Secondary,Exported,,2024-06-07
Glass,REC-2168-Q2 2024-SITE-E-GL01,2024-Q2,ORG-12345,SITE-E,England,Primary,Supplied as goods,,2024-01-19
Paper/card,REC-2169-2024-Q1-SITE-B-PC01,2024-Q1,ORG-12345,SITE-B,Scotland,Primary,Supplied as goods,,2024-04-23
Paper/card,REC-2170-Q2 2024-SITE-A-PC01,2024-Q2,ORG-12345,SITE-A,England,Secondary,Exported,,2024-12-21
Paper/card,REC-2171-Q2 2024-SITE-A-PC01,2024-Q2,ORG-12345,SITE-A,England,Primary,Exported,,2024-03-15
Glass,REC-2172-2024-Q3-SITE-E-GL01,2024-Q3,ORG-12345,SITE-E,England,Secondary,Supplied as goods,,2024-07-20
Fibre-based composite,REC-2173-2024-Q1-SITE-C-FB01,2024-Q1,ORG-12345,SITE-C,Wales,Secondary,Supplied as goods,,2024-04-03
Plastic,REC-2174-2024-Q3-SITE-A-PL01,2024-Q3,ORG-12345,SITE-A,England,Primary,Imported,,2024-04-06
Wood,REC-2175-2024-Q1-SITE-B-WD01,2024-Q1,ORG-12345,SITE-B,Scotland,Primary,Exported,,2024-02-27
Fibre-based composite,REC-2176-Q2 2024-SITE-B-FB01,2024-Q2,ORG-12345,SITE-B,Scotland,Secondary,Exported,,2024-10-12
Plastic,REC-2177-Q2 2024-SITE-A-PL02,2024-Q2,ORG-12345,SITE-A,England,Secondary,Imported,,2024-06-09
Plastic,REC-2178-Q4 2024-SITE-D-PL01,,ORG-12345,SITE-D,Northern Ireland,Primary,Supplied as goods,,2024-12-07
Wood,REC-2179-2024-Q1-SITE-E-WD01,2024-Q1,ORG-12345,SITE-E,England,Secondary,Imported,,2024-08-28
Paper/card,REC-2180-2024-Q3-SITE-B-PC01,2024-Q3,ORG-12345,SITE-B,Scotland,Secondary,Imported,,2024-03-09
Glass,REC-2181-2024-Q1-SITE-A-GL01,2024-Q1,ORG-12345,SITE-A,England,Tertiary,Imported,,2024-02-14
Plastic,REC-2182-Q4 2024-SITE-A-PL02,,ORG-12345,SITE-A,England,Tertiary,Exported,,2024-05-11
Plastic,REC-2183-Q2 2024-SITE-D-PL02,2024-Q2,ORG-12345,SITE-D,Northern Ireland,Secondary,Imported,,2024-10-05
Plastic,REC-2184-2024-Q1-SITE-D-PL01,2024-Q1,ORG-12345,SITE-D,Northern Ireland,Shipment,Supplied as goods,,2024-11-13
Plastic,REC-2185-Q4 2024-SITE-A-PL01,,ORG-12345,SITE-A,England,Tertiary,Exported,,2024-04-24
Other,REC-2186-Q4 2024-SITE-A-OT01,,ORG-12345,SITE-A,England,Primary,Imported,,2024-05-11
Paper/card,REC-2187-2024-Q3-SITE-C-PC01,2024-Q3,ORG-12345,SITE-C,Wales,Primary,Supplied as goods,,2024-06-16
Aluminium,REC-2188-2024-Q1-SITE-A-AL01,2024-Q1,ORG-12345,SITE-A,England,Tertiary,Imported,,2024-08-24
Glass,REC-2189-Q4 2024-SITE-D-GL01,,ORG-12345,SITE-D,Northern Ireland,Secondary,Exported,,2024-08-21
Steel,REC-2190-Q2 2024-SITE-C-ST01,2024-Q2,ORG-12345,SITE-C,Wales,Secondary,Supplied as goods,,2024-04-26
Fibre-based composite,REC-2191-Q4 2024-SITE-D-FB01,,ORG-12345,SITE-D,Northern Ireland,Primary,Imported,,2024-02-24
Paper/card,REC-2192-2024-Q1-SITE-D-PC01,2024-Q1,ORG-12345,SITE-D,Northern Ireland,Shipment,Supplied as goods,,2024-02-13
Steel,REC-2193-2024-Q1-SITE-C-ST01,2024-Q1,ORG-12345,SITE-C,Wales,Secondary,Imported,,2024-03-14
Plastic,REC-2194-2024-Q3-SITE-A-PL01,2024-Q3,ORG-12345,SITE-A,England,Secondary,Exported,,2024-01-25
Steel,REC-2195-2024-Q3-SITE-E-ST01,2024-Q3,ORG-12345,SITE-E,England,Shipment,Supplied as goods,,2024-01-16
Paper/card,REC-2196-Q2 2024-SITE-C-PC01,2024-Q2,ORG-12345,SITE-C,Wales,Primary,Exported,,2024-05-24
Other,REC-2197-Q4 2024-SITE-D-OT01,,ORG-12345,SITE-D,Northern Ireland,Primary,Exported,,2024-05-08
Plastic,REC-2198-Q4 2024-SITE-D-PL02,,ORG-12345,SITE-D,Northern Ireland,Primary,Imported,,2024-10-25
Steel,REC-2199-Q2 2024-SITE-B-ST01,2024-Q2,ORG-12345,SITE-B,Scotland,Primary,Imported,,2024-06-09
Plastic,REC-2200-Q2 2024-SITE-B-PL01,2024-Q2,ORG-12345,SITE-B,Scotland,Secondary,Imported,,2024-08-25
Glass,REC-2201-2024Q2-SITE-E-GL01,2024-Q2,ORG-12345,SITE-E,England,Primary,Exported,,2024-08-30
Plastic,REC-2202-Q4 2024-SITE-B-PL01,,ORG-12345,SITE-B,Scotland,Primary,Exported,,2024-03-26
Plastic,REC-2203-Q2 2024-SITE-E-PL01,2024-Q2,ORG-12345,SITE-E,England,Primary,Imported,,2024-02-29
Fibre-based composite,REC-2204-2024-Q1-SITE-C-FB01,2024-Q1,ORG-12345,SITE-C,Wales,Primary,Supplied as goods,,2024-02-26
Aluminium,REC-2205-2024-Q1-SITE-B-AL01,2024-Q1,ORG-12345,SITE-B,Scotland,Secondary,Exported,,2024-08-29
Plastic,REC-2206-2024-Q1-SITE-E-PL01,2024-Q1,ORG-12345,SITE-E,England,Tertiary,Exported,,2024-10-20
Fibre-based composite,REC-2207-Q4 2024-SITE-A-FB01,,ORG-12345,SITE-A,England,Secondary,Imported,,2024-03-15
Other,REC-2208-2024-Q3-SITE-E-OT01,2024-Q3,ORG-12345,SITE-E,England,Tertiary,Supplied as goods,,2024-01-20
Other,REC-2209-2024-Q1-SITE-E-OT01,2024-Q1,ORG-12345,SITE-E,England,Primary,Supplied as goods,,2024-09-13
Paper/card,REC-2210-Q4 2024-SITE-B-PC01,,ORG-12345,SITE-B,Scotland,Secondary,Exported,,2024-02-27
Steel,REC-2211-Q4 2024-SITE-B-ST01,,ORG-12345,SITE-B,Scotland,Shipment,Imported,,2024-11-12
Steel,REC-2212-Q2 2024-SITE-E-ST01,2024-Q2,ORG-12345,SITE-E,England,Tertiary,Supplied as goods,,2024-08-02
Wood,REC-2213-2024-Q3-SITE-E-WD01,2024-Q3,ORG-12345,SITE-E,England,Tertiary,Exported,,2024-03-15
Steel,REC-2214-2024-Q3-SITE-A-ST01,2024-Q3,ORG-12345,SITE-A,England,Tertiary,Supplied as goods,,2024-02-06
,REC-2215-Q2 2024-SITE-C-UNKNOWN,2024-Q2,ORG-12345,SITE-C,Wales,Shipment,Exported,,2024-07-26
Paper/card,REC-2216-2024-Q3-SITE-B-PC01,2024-Q3,ORG-12345,SITE-B,Scotland,Primary,Imported,,2024-02-07
Fibre-based composite,REC-2217-Q2 2024-SITE-Z-FB01,2024-Q2,ORG-12345,SITE-Z,,Tertiary,Exported,,2024-05-29
Fibre-based composite,REC-2218-2024-Q1-SITE-B-FB01,2024-Q1,ORG-12345,SITE-B,Scotland,Primary,Imported,,2024-01-20
Glass,REC-2219-2024-Q3-SITE-B-GL01,2024-Q3,ORG-12345,SITE-B,Scotland,Shipment,Imported,,2024-05-18
Fibre-based composite,REC-2220-Q2 2024-SITE-E-FB01,2024-Q2,ORG-12345,SITE-E,England,Secondary,Exported,,2024-10-14
Fibre-based composite,REC-2221-Q2 2024-SITE-D-FB01,2024-Q2,ORG-12345,SITE-D,Northern Ireland,Shipment,Exported,,2024-08-04
Wood,REC-2222-2024-Q1-SITE-D-WD01,2024-Q1,ORG-12345,SITE-D,Northern Ireland,Primary,Exported,,2024-02-16
Plastic,REC-2223-Q2 2024-SITE-E-PL02,2024-Q2,ORG-12345,SITE-E,England,Secondary,Supplied as goods,,2024-12-18
Glass,REC-2224-Q2 2024-SITE-B-GL01,2024-Q2,ORG-12345,SITE-B,Scotland,Tertiary,Supplied as goods,,2024-08-10
Plastic,REC-2225-2024-Q3-SITE-C-PL01,2024-Q3,ORG-12345,SITE-C,Wales,Secondary,Supplied as goods,,2024-10-02
Plastic,REC-2226-2024-Q3-SITE-B-PL02,2024-Q3,ORG-12345,SITE-B,Scotland,Secondary,Imported,,2024-06-17
Wood,REC-2227-2024-Q3-SITE-D-WD01,2024-Q3,ORG-12345,SITE-D,Northern Ireland,Primary,Imported,,2024-01-31
Aluminium,REC-2228-2024-Q1-SITE-D-AL01,2024-Q1,ORG-12345,SITE-D,Northern Ireland,Tertiary,Imported,,2024-09-18
Plastic,REC-2229-2024-Q1-SITE-E-PL02,2024-Q1,ORG-12345,SITE-E,England,Tertiary,Exported,,2024-10-18
Plastic,REC-2230-2024-Q3-SITE-A-PL01,2024-Q3,ORG-12345,SITE-A,England,Tertiary,Imported,,2024-08-28
Steel,REC-2231-2024-Q3-SITE-B-ST01,2024-Q3,ORG-12345,SITE-B,Scotland,Secondary,Exported,,2024-04-18
Fibre-based composite,REC-2232-Q2 2024-SITE-E-FB01,2024-Q2,ORG-12345,SITE-E,England,Tertiary,Imported,,2024-11-07
Fibre-based composite,REC-2233-Q4 2024-SITE-E-FB01,,ORG-12345,SITE-E,England,Tertiary,Exported,,2024-06-22
Plastic,REC-2234-2024-Q1-SITE-A-PL02,2024-Q1,ORG-12345,SITE-A,England,Secondary,Imported,,2024-11-24
Glass,REC-2235-2024-Q3-SITE-D-GL01,2024-Q3,ORG-12345,SITE-D,Northern Ireland,Tertiary,Exported,,2025-01-05
Fibre-based composite,REC-2236-2024-Q1-SITE-D-FB01,2024-Q1,ORG-12345,SITE-D,Northern Ireland,Tertiary,Supplied as goods,,2024-12-29
Plastic,REC-2237-Q4 2024-SITE-B-PL01,,ORG-12345,SITE-B,Scotland,Primary,Exported,,2024-05-21
Fibre-based composite,REC-2238-2024-Q3-SITE-C-FB01,2024-Q3,ORG-12345,SITE-C,Wales,Tertiary,Exported,,2024-02-12
Fibre-based composite,REC-2239-2024-Q3-SITE-B-FB01,2024-Q3,ORG-12345,SITE-B,Scotland,Secondary,Supplied as goods,,2024-11-07
Steel,REC-2240-2024-Q3-SITE-D-ST01,2024-Q3,ORG-12345,SITE-D,Northern Ireland,Primary,Supplied as goods,,2024-10-26
Fibre-based composite,REC-2241-2024-Q3-SITE-D-FB01,2024-Q3,ORG-12345,SITE-D,Northern Ireland,Secondary,Imported,,2024-01-22
Steel,REC-2242-2024-Q3-SITE-D-ST01,2024-Q3,ORG-12345,SITE-D,Northern Ireland,Secondary,Imported,,2024-01-29
Wood,REC-2243-2024-Q1-SITE-B-WD01,2024-Q1,ORG-12345,SITE-B,Scotland,Tertiary,Imported,,2024-03-21
Aluminium,REC-2244-Q2 2024-SITE-D-AL01,2024-Q2,ORG-12345,SITE-D,Northern Ireland,Tertiary,Imported,,2024-04-18
Fibre-based composite,REC-2245-2024-Q3-SITE-D-FB01,2024-Q3,ORG-12345,SITE-D,Northern Ireland,Secondary,Exported,,2024-11-21
Paper/card,REC-2246-Q2 2024-SITE-B-PC01,2024-Q2,ORG-12345,SITE-B,Scotland,Primary,Supplied as goods,,2024-04-13
Glass,REC-2247-Q4 2024-SITE-D-GL01,,ORG-12345,SITE-D,Northern Ireland,Secondary,Supplied as goods,,2024-12-16
Wood,REC-2248-2024-Q1-SITE-E-WD01,2024-Q1,ORG-12345,SITE-E,England,Secondary,Imported,,2024-01-29
Plastic,REC-2249-2024-Q3-SITE-A-PL02,2024-Q3,ORG-12345,SITE-A,England,Primary,Supplied as goods,,2024-05-22
Other,REC-2250-2024-Q1-SITE-A-OT01,2024-Q1,ORG-12345,SITE-A,England,Tertiary,Exported,,2024-09-13
Other,REC-2251-2024-Q1-SITE-B-OT01,2024-Q1,ORG-12345,SITE-B,Scotland,Secondary,Imported,,2024-11-05
Paper/card,REC-2252-Q2 2024-SITE-D-PC01,2024-Q2,ORG-12345,SITE-D,Northern Ireland,Secondary,Supplied as goods,,2024-08-11
Steel,REC-2253-Q2 2024-SITE-A-ST01,2024-Q2,ORG-12345,SITE-A,England,Tertiary,Supplied as goods,,2024-03-11
Glass,REC-2254-2024-Q3-SITE-D-GL01,2024-Q3,ORG-12345,SITE-D,Northern Ireland,Primary,Supplied as goods,,2024-08-22
Paper/card,REC-2255-2024-Q3-SITE-D-PC01,2024-Q3,ORG-12345,SITE-D,Northern Ireland,Tertiary,Exported,,2024-04-10
Paper/card,REC-2256-Q2 2024-SITE-A-PC01,2024-Q2,ORG-12345,SITE-A,England,Secondary,Exported,,2024-06-29
Steel,REC-2257-2024-Q3-SITE-C-ST01,2024-Q3,ORG-12345,SITE-C,Wales,Secondary,Imported,,2024-07-21
Steel,REC-2258-2024-Q1-SITE-B-ST01,2024-Q1,ORG-12345,SITE-B,Scotland,Tertiary,Imported,,2024-03-26
Aluminium,REC-2259-Q4 2024-SITE-E-AL01,,ORG-12345,SITE-E,England,Primary,Exported,,2024-11-27
Plastic,REC-2260-Q2 2024-SITE-B-PL02,2024-Q2,ORG-12345,SITE-B,Scotland,Secondary,Imported,,2024-06-13
Glass,REC-2261-2024-Q1-SITE-B-GL01,2024-Q1,ORG-12345,SITE-B,Scotland,Secondary,Supplied as goods,,2024-07-14
Plastic,REC-2262-Q4 2024-SITE-E-PL01,,ORG-12345,SITE-E,England,Tertiary,Exported,,2024-02-05
Steel,REC-2263-Q2 2024-SITE-D-ST01,2024-Q2,ORG-12345,SITE-D,Northern Ireland,Secondary,Exported,,2024-10-20
Other,REC-2264-Q2 2024-SITE-C-OT01,2024-Q2,ORG-12345,SITE-C,Wales,Tertiary,Supplied as goods,,2024-01-21
Plastic,REC-2265-2024-Q1-SITE-E-PL01,2024-Q1,ORG-12345,SITE-E,England,Tertiary,Exported,,2024-08-04
Wood,REC-2266-2024-Q3-SITE-D-WD01,2024-Q3,ORG-12345,SITE-D,Northern Ireland,Secondary,Exported,,2024-06-05
Steel,REC-2267-Q4 2024-SITE-C-ST01,,ORG-12345,SITE-C,Wales,Secondary,Exported,,2024-10-13
Aluminium,REC-2268-Q2 2024-SITE-D-AL01,2024-Q2,ORG-12345,SITE-D,Northern Ireland,Tertiary,Exported,,2025-01-09
Other,REC-2269-2024-Q1-SITE-B-OT01,2024-Q1,ORG-12345,SITE-B,Scotland,Primary,Supplied as goods,,2024-10-15
Wood,REC-2270-Q4 2024-SITE-E-WD01,,ORG-12345,SITE-E,England,Shipment,Exported,,2024-10-11
Other,REC-2271-2024-Q3-SITE-C-OT01,2024-Q3,ORG-12345,SITE-C,Wales,Tertiary,Supplied as goods,,2024-11-06
Glass,REC-2272-2024-Q3-SITE-B-GL01,2024-Q3,ORG-12345,SITE-B,Scotland,Tertiary,Imported,,2024-05-13
Plastic,REC-2273-Q2 2024-SITE-C-PL01,2024-Q2,ORG-12345,SITE-C,Wales,Tertiary,Supplied as goods,,2024-03-22
Aluminium,REC-2274-Q2 2024-SITE-B-AL01,2024-Q2,ORG-12345,SITE-B,Scotland,Tertiary,Exported,,2024-10-31
Plastic,REC-2275-Q4 2024-SITE-A-PL02,,ORG-12345,SITE-A,England,Primary,Supplied as goods,,2024-10-31
Aluminium,REC-2276-Q2 2024-SITE-E-AL01,2024-Q2,ORG-12345,SITE-E,England,Primary,Exported,,2024-03-29
Plastic,REC-2277-2024-Q1-SITE-B-PL02,2024-Q1,ORG-12345,SITE-B,Scotland,Primary,Supplied as goods,,2024-02-16
Other,REC-2278-2024-Q1-SITE-A-OT01,2024-Q1,ORG-12345,SITE-A,England,Secondary,Imported,,2024-12-03
Other,REC-2279-2024-Q1-SITE-A-OT01,2024-Q1,ORG-12345,SITE-A,England,Tertiary,Exported,,2024-02-26
Steel,REC-2280-2024-Q1-SITE-C-ST01,2024-Q1,ORG-12345,SITE-C,Wales,Primary,Imported,,2024-05-14
Other,REC-2281-2024-Q1-SITE-E-OT01,2024-Q1,ORG-12345,SITE-E,England,Secondary,Imported,,2024-06-04
Fibre-based composite,REC-2282-2024-Q3-SITE-C-FB01,2024-Q3,ORG-12345,SITE-C,Wales,Tertiary,Exported,,2024-11-11
Paper/card,REC-2283-Q2 2024-SITE-A-PC01,2024-Q2,ORG-12345,SITE-A,England,Tertiary,Exported,,2024-01-23
Wood,REC-2284-2024-Q3-SITE-C-WD01,2024-Q3,ORG-12345,SITE-C,Wales,Tertiary,Imported,,2024-11-11
Fibre-based composite,REC-2285-Q4 2024-SITE-D-FB01,,ORG-12345,SITE-D,Northern Ireland,Secondary,Supplied as goods,,2024-08-01
Fibre-based composite,REC-2286-2024-Q3-SITE-C-FB01,2024-Q3,ORG-12345,SITE-C,Wales,Secondary,Supplied as goods,,2024-03-01
Aluminium,REC-2287-Q4 2024-SITE-A-AL01,,ORG-12345,SITE-A,England,Secondary,Supplied as goods,,2024-11-12
Steel,REC-2288-Q2 2024-SITE-C-ST01,2024-Q2,ORG-12345,SITE-C,Wales,Tertiary,Exported,,2024-08-16
Other,REC-2289-Q4 2024-SITE-E-OT01,,ORG-12345,SITE-E,England,Primary,Imported,,2024-07-31
Wood,REC-2290-2024-Q1-SITE-E-WD01,2024-Q1,ORG-12345,SITE-E,England,Tertiary,Supplied as goods,,2024-10-11
Wood,REC-2291-Q4 2024-SITE-C-WD01,,ORG-12345,SITE-C,Wales,Tertiary,Exported,,2024-07-18
Wood,REC-2292-Q2 2024-SITE-A-WD01,2024-Q2,ORG-12345,SITE-A,England,Tertiary,Supplied as goods,,2024-01-26
Plastic,REC-2293-Q2 2024-SITE-D-PL02,2024-Q2,ORG-12345,SITE-D,Northern Ireland,Primary,Imported,,2024-01-22
Steel,REC-2294-2024-Q1-SITE-B-ST01,2024-Q1,ORG-12345,SITE-B,Scotland,Primary,Exported,,2024-07-17
Paper/card,REC-2295-Q4 2024-SITE-D-PC01,,ORG-12345,SITE-D,Northern Ireland,Shipment,Imported,,2024-06-11
Plastic,REC-2296-Q2 2024-SITE-D-PL02,2024-Q2,ORG-12345,SITE-D,Northern Ireland,Tertiary,Exported,,2024-03-04
Other,REC-2297-Q4 2024-SITE-A-OT01,,ORG-12345,SITE-A,England,Tertiary,Exported,,2024-08-25
Steel,REC-2298-2024-Q1-SITE-C-ST01,2024-Q1,ORG-12345,SITE-C,Wales,Primary,Supplied as goods,,2024-02-11
Steel,REC-2299-2024-Q3-SITE-A-ST01,2024-Q3,ORG-12345,SITE-A,England,Tertiary,Exported,,2024-06-13
Paper/card,REC-2300-Q2 2024-SITE-A-PC01,2024-Q2,ORG-12345,SITE-A,England,Secondary,Supplied as goods,,2024-07-20
Wood,REC-2301-2024Q2-SITE-A-WD01,2024-Q2,ORG-12345,SITE-A,England,Tertiary,Supplied as goods,,2024-08-06
Aluminium,REC-2302-Q2 2024-SITE-D-AL01,2024-Q2,ORG-12345,SITE-D,Northern Ireland,Tertiary,Imported,,2024-03-24
Steel,REC-2303-2024-Q3-SITE-E-ST01,2024-Q3,ORG-12345,SITE-E,England,Primary,Imported,,2024-06-06
Plastic,REC-2304-2024-Q3-SITE-B-PL01,2024-Q3,ORG-12345,SITE-B,Scotland,Primary,Supplied as goods,,2024-09-02
Aluminium,REC-2305-2024-Q3-SITE-D-AL01,2024-Q3,ORG-12345,SITE-D,Northern Ireland,Primary,Supplied as goods,,2024-09-17
Plastic,REC-2306-2024-Q1-SITE-A-PL02,2024-Q1,ORG-12345,SITE-A,England,Primary,Imported,,2024-07-23
Plastic,REC-2307-2024-Q3-SITE-A-PL01,2024-Q3,ORG-12345,SITE-A,England,Shipment,Supplied as goods,,2024-03-15
Plastic,REC-2308-2024-Q1-SITE-D-PL02,2024-Q1,ORG-12345,SITE-D,Northern Ireland,Tertiary,Supplied as goods,,2024-03-24
Aluminium,REC-2309-2024-Q3-SITE-E-AL01,2024-Q3,ORG-12345,SITE-E,England,Primary,Supplied as goods,,2024-01-22
Plastic,REC-2310-2024-Q3-SITE-E-PL01,2024-Q3,ORG-12345,SITE-E,England,Secondary,Imported,,2024-06-30
Steel,REC-2311-Q2 2024-SITE-D-ST01,2024-Q2,ORG-12345,SITE-D,Northern Ireland,Primary,Exported,,2024-07-09
Glass,REC-2312-Q4 2024-SITE-A-GL01,,ORG-12345,SITE-A,England,Shipment,Imported,,2024-02-29
Other,REC-2313-2024-Q1-SITE-E-OT01,2024-Q1,ORG-12345,SITE-E,England,Primary,Imported,,2024-02-20
Plastic,REC-2314-Q4 2024-SITE-E-PL01,,ORG-12345,SITE-E,England,Secondary,Imported,,2024-12-30
,REC-2315-Q4 2024-SITE-C-UNKNOWN,,ORG-12345,SITE-C,Wales,Primary,Imported,,2024-10-09
Aluminium,REC-2316-2024-Q3-SITE-D-AL01,2024-Q3,ORG-12345,SITE-D,Northern Ireland,Secondary,Supplied as goods,,2024-08-24
Plastic,REC-2317-2024-Q3-SITE-Z-PL01,2024-Q3,ORG-12345,SITE-Z,,Tertiary,Imported,,2024-09-28
Aluminium,REC-2318-Q4 2024-SITE-B-AL01,,ORG-12345,SITE-B,Scotland,Shipment,Imported,,2024-06-15
Fibre-based composite,REC-2319-Q4 2024-SITE-A-FB01,,ORG-12345,SITE-A,England,Primary,Exported,,2024-06-04
Plastic,REC-2320-2024-Q1-SITE-C-PL01,2024-Q1,ORG-12345,SITE-C,Wales,Secondary,Imported,,2024-08-05
Glass,REC-2321-2024-Q1-SITE-E-GL01,2024-Q1,ORG-12345,SITE-E,England,Primary,Exported,,2024-07-03
Paper/card,REC-2322-2024-Q1-SITE-A-PC01,2024-Q1,ORG-12345,SITE-A,England,Primary,Supplied as goods,,2024-03-06
Plastic,REC-2323-2024-Q1-SITE-A-PL02,2024-Q1,ORG-12345,SITE-A,England,Primary,Imported,,2024-07-01
Steel,REC-2324-Q2 2024-SITE-B-ST01,2024-Q2,ORG-12345,SITE-B,Scotland,Tertiary,Imported,,2024-01-27
Fibre-based composite,REC-2325-2024-Q3-SITE-C-FB01,2024-Q3,ORG-12345,SITE-C,Wales,Tertiary,Exported,,2024-02-26
Glass,REC-2326-2024-Q3-SITE-D-GL01,2024-Q3,ORG-12345,SITE-D,Northern Ireland,Primary,Supplied as goods,,2024-07-15
Plastic,REC-2327-2024-Q3-SITE-A-PL01,2024-Q3,ORG-12345,SITE-A,England,Primary,Supplied as goods,,2024-07-05
Aluminium,REC-2328-2024-Q3-SITE-E-AL01,2024-Q3,ORG-12345,SITE-E,England,Tertiary,Exported,,2024-12-04
Paper/card,REC-2329-Q4 2024-SITE-A-PC01,,ORG-12345,SITE-A,England,Primary,Imported,,2024-04-21
Glass,REC-2330-2024-Q3-SITE-E-GL01,2024-Q3,ORG-12345,SITE-E,England,Secondary,Exported,,2024-01-29
Aluminium,REC-2331-Q2 2024-SITE-C-AL01,2024-Q2,ORG-12345,SITE-C,Wales,Tertiary,Supplied as goods,,2024-01-21
Aluminium,REC-2332-Q2 2024-SITE-C-AL01,2024-Q2,ORG-12345,SITE-C,Wales,Tertiary,Exported,,2024-05-03
Fibre-based composite,REC-2333-2024-Q1-SITE-A-FB01,2024-Q1,ORG-12345,SITE-A,England,Primary,Exported,,2024-06-16
Plastic,REC-2334-2024-Q3-SITE-E-PL02,2024-Q3,ORG-12345,SITE-E,England,Primary,Exported,,2024-05-18
Paper/card,REC-2335-Q4 2024-SITE-C-PC01,,ORG-12345,SITE-C,Wales,Tertiary,Exported,,2024-02-01
Plastic,REC-2336-Q4 2024-SITE-A-PL01,,ORG-12345,SITE-A,England,Secondary,Imported,,2024-08-21
Other,REC-2337-2024-Q3-SITE-D-OT01,2024-Q3,ORG-12345,SITE-D,Northern Ireland,Primary,Supplied as goods,,2025-01-05
Aluminium,REC-2338-Q2 2024-SITE-B-AL01,2024-Q2,ORG-12345,SITE-B,Scotland,Secondary,Exported,,2024-06-10
Steel,REC-2339-2024-Q1-SITE-B-ST01,2024-Q1,ORG-12345,SITE-B,Scotland,Shipment,Exported,,2024-08-03
Wood,REC-2340-2024-Q3-SITE-C-WD01,2024-Q3,ORG-12345,SITE-C,Wales,Secondary,Imported,,2024-05-05
Glass,REC-2341-Q2 2024-SITE-D-GL01,2024-Q2,ORG-12345,SITE-D,Northern Ireland,Tertiary,Imported,,2024-06-23
Steel,REC-2342-2024-Q3-SITE-D-ST01,2024-Q3,ORG-12345,SITE-D,Northern Ireland,Primary,Imported,,2024-11-08
Plastic,REC-2343-Q2 2024-SITE-B-PL01,2024-Q2,ORG-12345,SITE-B,Scotland,Tertiary,Supplied as goods,,2024-07-02
Plastic,REC-2344-2024-Q1-SITE-E-PL02,2024-Q1,ORG-12345,SITE-E,England,Primary,Supplied as goods,,2024-08-17
Plastic,REC-2345-2024-Q3-SITE-E-PL01,2024-Q3,ORG-12345,SITE-E,England,Secondary,Supplied as goods,,2024-01-22
Glass,REC-2346-Q2 2024-SITE-B-GL01,2024-Q2,ORG-12345,SITE-B,Scotland,Primary,Supplied as goods,,2024-01-18
Steel,REC-2347-Q4 2024-SITE-C-ST01,,ORG-12345,SITE-C,Wales,Tertiary,Imported,,2024-10-30
Glass,REC-2348-Q2 2024-SITE-C-GL01,2024-Q2,ORG-12345,SITE-C,Wales,Primary,Supplied as goods,,2024-02-07
Aluminium,REC-2349-Q2 2024-SITE-A-AL01,2024-Q2,ORG-12345,SITE-A,England,Tertiary,Supplied as goods,,2024-07-22
Paper/card,REC-2350-2024-Q1-SITE-D-PC01,2024-Q1,ORG-12345,SITE-D,Northern Ireland,Shipment,Supplied as goods,,2024-11-15
Glass,REC-2351-Q2 2024-SITE-B-GL01,2024-Q2,ORG-12345,SITE-B,Scotland,Primary,Imported,,2024-10-22
Plastic,REC-2352-Q2 2024-SITE-A-PL01,2024-Q2,ORG-12345,SITE-A,England,Primary,Supplied as goods,,2024-07-13
Other,REC-2353-2024-Q3-SITE-A-OT01,2024-Q3,ORG-12345,SITE-A,England,Tertiary,Supplied as goods,,2024-03-03
Fibre-based composite,REC-2354-2024-Q3-SITE-E-FB01,2024-Q3,ORG-12345,SITE-E,England,Primary,Supplied as goods,,2024-10-22
Other,REC-2355-Q4 2024-SITE-E-OT01,,ORG-12345,SITE-E,England,Primary,Exported,,2024-09-11
Glass,REC-2356-2024-Q3-SITE-A-GL01,2024-Q3,ORG-12345,SITE-A,England,Tertiary,Exported,,2024-09-16
Other,REC-2357-Q4 2024-SITE-A-OT01,,ORG-12345,SITE-A,England,Tertiary,Exported,,2024-04-03
Other,REC-2358-2024-Q3-SITE-C-OT01,2024-Q3,ORG-12345,SITE-C,Wales,Shipment,Imported,,2024-12-16
Plastic,REC-2359-2024-Q1-SITE-B-PL02,2024-Q1,ORG-12345,SITE-B,Scotland,Shipment,Supplied as goods,,2024-04-14
Other,REC-2360-Q2 2024-SITE-B-OT01,2024-Q2,ORG-12345,SITE-B,Scotland,Primary,Exported,,2024-04-03
Plastic,REC-2361-Q2 2024-SITE-C-PL01,2024-Q2,ORG-12345,SITE-C,Wales,Secondary,Supplied as goods,,2024-03-22
Other,REC-2362-Q2 2024-SITE-E-OT01,2024-Q2,ORG-12345,SITE-E,England,Tertiary,Supplied as goods,,2024-01-20
Glass,REC-2363-Q2 2024-SITE-A-GL01,2024-Q2,ORG-12345,SITE-A,England,Tertiary,Exported,,2024-06-04
Glass,REC-2364-2024-Q3-SITE-D-GL01,2024-Q3,ORG-12345,SITE-D,Northern Ireland,Primary,Supplied as goods,,2025-01-05
Plastic,REC-2365-2024-Q1-SITE-B-PL02,2024-Q1,ORG-12345,SITE-B,Scotland,Primary,Imported,,2024-07-04
Plastic,REC-2366-2024-Q3-SITE-A-PL01,2024-Q3,ORG-12345,SITE-A,England,Secondary,Imported,,2024-11-14
Aluminium,REC-2367-2024-Q1-SITE-D-AL01,2024-Q1,ORG-12345,SITE-D,Northern Ireland,Tertiary,Imported,,2024-10-16
Aluminium,REC-2368-2024-Q1-SITE-E-AL01,2024-Q1,ORG-12345,SITE-E,England,Primary,Supplied as goods,,2024-12-29
Plastic,REC-2369-Q2 2024-SITE-B-PL02,2024-Q2,ORG-12345,SITE-B,Scotland,Secondary,Imported,,2024-01-29
Steel,REC-2370-Q4 2024-SITE-A-ST01,,ORG-12345,SITE-A,England,Primary,Exported,,2024-04-07
Glass,REC-2371-Q4 2024-SITE-A-GL01,,ORG-12345,SITE-A,England,Shipment,Supplied as goods,,2024-01-22
Other,REC-2372-Q4 2024-SITE-D-OT01,,ORG-12345,SITE-D,Northern Ireland,Primary,Imported,,2024-02-04
Fibre-based composite,REC-2373-Q4 2024-SITE-A-FB01,,ORG-12345,SITE-A,England,Primary,Exported,,2024-07-18
Plastic,REC-2374-2024-Q1-SITE-C-PL01,2024-Q1,ORG-12345,SITE-C,Wales,Secondary,Exported,,2024-08-22
Fibre-based composite,REC-2375-Q4 2024-SITE-B-FB01,,ORG-12345,SITE-B,Scotland,Primary,Exported,,2024-01-19
Steel,REC-2376-Q2 2024-SITE-B-ST01,2024-Q2,ORG-12345,SITE-B,Scotland,Tertiary,Exported,,2024-07-30
Glass,REC-2377-Q2 2024-SITE-C-GL01,2024-Q2,ORG-12345,SITE-C,Wales,Secondary,Supplied as goods,,2024-12-20
Glass,REC-2378-Q2 2024-SITE-C-GL01,2024-Q2,ORG-12345,SITE-C,Wales,Tertiary,Exported,,2024-12-27
Other,REC-2379-Q4 2024-SITE-E-OT01,,ORG-12345,SITE-E,England,Tertiary,Exported,,2024-12-31
Plastic,REC-2380-2024-Q3-SITE-B-PL02,2024-Q3,ORG-12345,SITE-B,Scotland,Tertiary,Exported,,2024-02-27
Fibre-based composite,REC-2381-Q2 2024-SITE-B-FB01,2024-Q2,ORG-12345,SITE-B,Scotland,Secondary,Supplied as goods,,2024-06-07
Wood,REC-2382-Q2 2024-SITE-E-WD01,2024-Q2,ORG-12345,SITE-E,England,Primary,Imported,,2024-05-19
Steel,REC-2383-2024-Q1-SITE-A-ST01,2024-Q1,ORG-12345,SITE-A,England,Primary,Supplied as goods,,2024-07-20
Other,REC-2384-Q4 2024-SITE-C-OT01,,ORG-12345,SITE-C,Wales,Secondary,Imported,,2024-08-01
Steel,REC-2385-2024-Q3-SITE-E-ST01,2024-Q3,ORG-12345,SITE-E,England,Secondary,Imported,,2024-12-05
Paper/card,REC-2386-Q4 2024-SITE-C-PC01,,ORG-12345,SITE-C,Wales,Primary,Imported,,2024-08-03
Fibre-based composite,REC-2387-Q4 2024-SITE-A-FB01,,ORG-12345,SITE-A,England,Tertiary,Exported,,2024-06-06
Glass,REC-2388-2024-Q1-SITE-A-GL01,2024-Q1,ORG-12345,SITE-A,England,Primary,Supplied as goods,,2024-07-03
Steel,REC-2389-Q2 2024-SITE-D-ST01,2024-Q2,ORG-12345,SITE-D,Northern Ireland,Shipment,Supplied as goods,,2024-07-23
Fibre-based composite,REC-2390-Q2 2024-SITE-A-FB01,2024-Q2,ORG-12345,SITE-A,England,Secondary,Imported,,2024-09-03
Steel,REC-2391-Q2 2024-SITE-C-ST01,2024-Q2,ORG-12345,SITE-C,Wales,Primary,Supplied as goods,,2024-03-17
Steel,REC-2392-Q2 2024-SITE-B-ST01,2024-Q2,ORG-12345,SITE-B,Scotland,Primary,Exported,,2024-03-14
Steel,REC-2393-Q4 2024-SITE-A-ST01,,ORG-12345,SITE-A,England,Tertiary,Imported,,2024-08-13
Aluminium,REC-2394-2024-Q1-SITE-A-AL01,2024-Q1,ORG-12345,SITE-A,England,Tertiary,Imported,,2024-10-12
Paper/card,REC-2395-Q4 2024-SITE-C-PC01,,ORG-12345,SITE-C,Wales,Primary,Supplied as goods,,2024-10-26
Steel,REC-2396-Q4 2024-SITE-B-ST01,,ORG-12345,SITE-B,Scotland,Secondary,Supplied as goods,,2024-09-06
Steel,REC-2397-2024-Q1-SITE-A-ST01,2024-Q1,ORG-12345,SITE-A,England,Secondary,Exported,,2024-04-23
Glass,REC-2398-Q4 2024-SITE-E-GL01,,ORG-12345,SITE-E,England,Tertiary,Exported,,2024-03-30
Aluminium,REC-2399-2024-Q3-SITE-D-AL01,2024-Q3,ORG-12345,SITE-D,Northern Ireland,Secondary,Imported,,2024-04-20
Aluminium,REC-2400-2024-Q3-SITE-A-AL01,2024-Q3,ORG-12345,SITE-A,England,Secondary,Supplied as goods,,2024-08-26
Other,REC-2401-2024Q2-SITE-C-OT01,2024-Q2,ORG-12345,SITE-C,Wales,Primary,Supplied as goods,,2024-01-27
Glass,REC-2402-2024-Q3-SITE-A-GL01,2024-Q3,ORG-12345,SITE-A,England,Secondary,Exported,,2024-06-26
Wood,REC-2403-2024-Q3-SITE-E-WD01,2024-Q3,ORG-12345,SITE-E,England,Primary,Supplied as goods,,2024-11-03
Plastic,REC-2404-Q2 2024-SITE-D-PL02,2024-Q2,ORG-12345,SITE-D,Northern Ireland,Tertiary,Supplied as goods,,2024-04-25
Plastic,REC-2405-Q4 2024-SITE-B-PL02,,ORG-12345,SITE-B,Scotland,Primary,Imported,,2024-01-28
Glass,REC-2406-2024-Q3-SITE-B-GL01,2024-Q3,ORG-12345,SITE-B,Scotland,Shipment,Exported,,2024-07-24
Paper/card,REC-2407-Q2 2024-SITE-B-PC01,2024-Q2,ORG-12345,SITE-B,Scotland,Tertiary,Exported,,2024-03-15
Wood,REC-2408-2024-Q3-SITE-A-WD01,2024-Q3,ORG-12345,SITE-A,England,Primary,Exported,,2024-09-13
Aluminium,REC-2409-Q4 2024-SITE-D-AL01,,ORG-12345,SITE-D,Northern Ireland,Tertiary,Imported,,2024-09-30
Paper/card,REC-2410-Q4 2024-SITE-E-PC01,,ORG-12345,SITE-E,England,Primary,Imported,,2024-10-02
Glass,REC-2411-Q2 2024-SITE-E-GL01,2024-Q2,ORG-12345,SITE-E,England,Secondary,Exported,,2024-07-28
Plastic,REC-2412-2024-Q1-SITE-D-PL01,2024-Q1,ORG-12345,SITE-D,Northern Ireland,Primary,Supplied as goods,,2024-12-10
Other,REC-2413-Q4 2024-SITE-A-OT01,,ORG-12345,SITE-A,England,Primary,Exported,,2024-12-02
Fibre-based composite,REC-2414-Q4 2024-SITE-D-FB01,,ORG-12345,SITE-D,Northern Ireland,Tertiary,Imported,,2024-06-29
,REC-2415-Q2 2024-SITE-B-UNKNOWN,2024-Q2,ORG-12345,SITE-B,Scotland,Tertiary,Imported,,2024-04-06
Other,REC-2416-Q2 2024-SITE-C-OT01,2024-Q2,ORG-12345,SITE-C,Wales,Primary,Exported,,2024-10-27
Glass,REC-2417-2024-Q3-SITE-Z-GL01,2024-Q3,ORG-12345,SITE-Z,,Tertiary,Exported,,2024-02-13
Fibre-based composite,REC-2418-2024-Q3-SITE-B-FB01,2024-Q3,ORG-12345,SITE-B,Scotland,Primary,Exported,,2024-02-09
Fibre-based composite,REC-2419-2024-Q1-SITE-B-FB01,2024-Q1,ORG-12345,SITE-B,Scotland,Primary,Exported,,2024-03-13
Other,REC-2420-2024-Q1-SITE-C-OT01,2024-Q1,ORG-12345,SITE-C,Wales,Primary,Imported,,2024-01-18
Wood,REC-2421-2024-Q3-SITE-A-WD01,2024-Q3,ORG-12345,SITE-A,England,Tertiary,Imported,,2024-01-21
Plastic,REC-2422-2024-Q3-SITE-E-PL02,2024-Q3,ORG-12345,SITE-E,England,Primary,Imported,,2024-08-06
Aluminium,REC-2423-2024-Q1-SITE-D-AL01,2024-Q1,ORG-12345,SITE-D,Northern Ireland,Shipment,Exported,,2024-06-04
Wood,REC-2424-2024-Q1-SITE-B-WD01,2024-Q1,ORG-12345,SITE-B,Scotland,Primary,Imported,,2024-02-28
Fibre-based composite,REC-2425-Q4 2024-SITE-C-FB01,,ORG-12345,SITE-C,Wales,Tertiary,Imported,,2024-01-23
Plastic,REC-2426-2024-Q3-SITE-E-PL02,2024-Q3,ORG-12345,SITE-E,England,Shipment,Exported,,2024-10-21
Wood,REC-2427-2024-Q1-SITE-B-WD01,2024-Q1,ORG-12345,SITE-B,Scotland,Secondary,Supplied as goods,,2024-04-10
Fibre-based composite,REC-2428-Q2 2024-SITE-A-FB01,2024-Q2,ORG-12345,SITE-A,England,Primary,Exported,,2024-12-18
Plastic,REC-2429-Q2 2024-SITE-E-PL02,2024-Q2,ORG-12345,SITE-E,England,Primary,Imported,,2024-08-22
Fibre-based composite,REC-2430-2024-Q1-SITE-D-FB01,2024-Q1,ORG-12345,SITE-D,Northern Ireland,Secondary,Exported,,2024-10-08
Wood,REC-2431-Q2 2024-SITE-D-WD01,2024-Q2,ORG-12345,SITE-D,Northern Ireland,Primary,Supplied as goods,,2024-11-18
Glass,REC-2432-2024-Q3-SITE-D-GL01,2024-Q3,ORG-12345,SITE-D,Northern Ireland,Primary,Imported,,2024-11-05
Other,REC-2433-Q2 2024-SITE-C-OT01,2024-Q2,ORG-12345,SITE-C,Wales,Shipment,Exported,,2024-04-30
Steel,REC-2434-2024-Q3-SITE-C-ST01,2024-Q3,ORG-12345,SITE-C,Wales,Primary,Supplied as goods,,2024-01-30
Other,REC-2435-Q2 2024-SITE-B-OT01,2024-Q2,ORG-12345,SITE-B,Scotland,Tertiary,Exported,,2024-03-29
Plastic,REC-2436-2024-Q3-SITE-A-PL01,2024-Q3,ORG-12345,SITE-A,England,Primary,Supplied as goods,,2024-07-26
Steel,REC-2437-2024-Q1-SITE-D-ST01,2024-Q1,ORG-12345,SITE-D,Northern Ireland,Secondary,Exported,,2024-02-09
Plastic,REC-2438-2024-Q3-SITE-D-PL01,2024-Q3,ORG-12345,SITE-D,Northern Ireland,Primary,Imported,,2024-10-19
Fibre-based composite,REC-2439-Q4 2024-SITE-E-FB01,,ORG-12345,SITE-E,England,Secondary,Imported,,2024-02-29
Fibre-based composite,REC-2440-2024-Q1-SITE-D-FB01,2024-Q1,ORG-12345,SITE-D,Northern Ireland,Tertiary,Supplied as goods,,2024-07-02
Plastic,REC-2441-Q4 2024-SITE-B-PL01,,ORG-12345,SITE-B,Scotland,Primary,Imported,,2024-02-03
Fibre-based composite,REC-2442-Q4 2024-SITE-D-FB01,,ORG-12345,SITE-D,Northern Ireland,Secondary,Exported,,2024-03-11
Paper/card,REC-2443-Q2 2024-SITE-C-PC01,2024-Q2,ORG-12345,SITE-C,Wales,Primary,Exported,,2025-01-04
Paper/card,REC-2444-2024-Q3-SITE-C-PC01,2024-Q3,ORG-12345,SITE-C,Wales,Shipment,Imported,,2024-04-06
Other,REC-2445-2024-Q3-SITE-D-OT01,2024-Q3,ORG-12345,SITE-D,Northern Ireland,Primary,Imported,,2024-02-24
Paper/card,REC-2446-Q4 2024-SITE-E-PC01,,ORG-12345,SITE-E,England,Shipment,Imported,,2024-06-07
Fibre-based composite,REC-2447-2024-Q3-SITE-C-FB01,2024-Q3,ORG-12345,SITE-C,Wales,Tertiary,Imported,,2024-05-07
Steel,REC-2448-2024-Q1-SITE-E-ST01,2024-Q1,ORG-12345,SITE-E,England,Tertiary,Imported,,2024-11-01
Aluminium,REC-2449-Q4 2024-SITE-C-AL01,,ORG-12345,SITE-C,Wales,Tertiary,Exported,,2024-05-09
Steel,REC-2450-Q2 2024-SITE-B-ST01,2024-Q2,ORG-12345,SITE-B,Scotland,Secondary,Imported,,2024-11-13
Paper/card,REC-2451-2024-Q3-SITE-B-PC01,2024-Q3,ORG-12345,SITE-B,Scotland,Shipment,Imported,,2024-05-21
Glass,REC-2452-2024-Q1-SITE-B-GL01,2024-Q1,ORG-12345,SITE-B,Scotland,Primary,Supplied as goods,,2024-04-12
Plastic,REC-2453-2024-Q3-SITE-C-PL02,2024-Q3,ORG-12345,SITE-C,Wales,Tertiary,Imported,,2024-07-11
Aluminium,REC-2454-2024-Q3-SITE-C-AL01,2024-Q3,ORG-12345,SITE-C,Wales,Secondary,Exported,,2024-11-09
Glass,REC-2455-2024-Q3-SITE-A-GL01,2024-Q3,ORG-12345,SITE-A,England,Tertiary,Supplied as goods,,2024-10-31
Fibre-based composite,REC-2456-Q2 2024-SITE-B-FB01,2024-Q2,ORG-12345,SITE-B,Scotland,Tertiary,Imported,,2024-02-11
Plastic,REC-2457-2024-Q1-SITE-B-PL01,2024-Q1,ORG-12345,SITE-B,Scotland,Primary,Exported,,2024-09-07
Paper/card,REC-2458-2024-Q3-SITE-B-PC01,2024-Q3,ORG-12345,SITE-B,Scotland,Tertiary,Imported,,2024-07-05
Wood,REC-2459-Q2 2024-SITE-E-WD01,2024-Q2,ORG-12345,SITE-E,England,Primary,Exported,,2024-05-27
Paper/card,REC-2460-Q4 2024-SITE-D-PC01,,ORG-12345,SITE-D,Northern Ireland,Shipment,Imported,,2024-02-27
Plastic,REC-2461-2024-Q3-SITE-B-PL02,2024-Q3,ORG-12345,SITE-B,Scotland,Primary,Exported,,2024-04-21
Fibre-based composite,REC-2462-Q2 2024-SITE-B-FB01,2024-Q2,ORG-12345,SITE-B,Scotland,Primary,Exported,,2024-09-05
Steel,REC-2463-2024-Q3-SITE-A-ST01,2024-Q3,ORG-12345,SITE-A,England,Primary,Imported,,2024-12-19
Wood,REC-2464-2024-Q1-SITE-E-WD01,2024-Q1,ORG-12345,SITE-E,England,Tertiary,Exported,,2024-10-23
Paper/card,REC-2465-2024-Q1-SITE-D-PC01,2024-Q1,ORG-12345,SITE-D,Northern Ireland,Tertiary,Exported,,2024-12-14
Plastic,REC-2466-2024-Q1-SITE-C-PL02,2024-Q1,ORG-12345,SITE-C,Wales,Tertiary,Exported,,2024-05-28
Aluminium,REC-2467-Q2 2024-SITE-A-AL01,2024-Q2,ORG-12345,SITE-A,England,Primary,Imported,,2024-10-15
Paper/card,REC-2468-Q4 2024-SITE-D-PC01,,ORG-12345,SITE-D,Northern Ireland,Primary,Supplied as goods,,2024-04-16
Wood,REC-2469-Q2 2024-SITE-B-WD01,2024-Q2,ORG-12345,SITE-B,Scotland,Tertiary,Imported,,2024-10-07
Glass,REC-2470-2024-Q3-SITE-B-GL01,2024-Q3,ORG-12345,SITE-B,Scotland,Shipment,Supplied as goods,,2024-11-03
Plastic,REC-2471-Q2 2024-SITE-A-PL02,2024-Q2,ORG-12345,SITE-A,England,Primary,Supplied as goods,,2024-05-23
Fibre-based composite,REC-2472-Q4 2024-SITE-D-FB01,,ORG-12345,SITE-D,Northern Ireland,Secondary,Imported,,2024-01-20
Wood,REC-2473-2024-Q3-SITE-E-WD01,2024-Q3,ORG-12345,SITE-E,England,Tertiary,Imported,,2024-05-21
Plastic,REC-2474-2024-Q1-SITE-A-PL01,2024-Q1,ORG-12345,SITE-A,England,Primary,Imported,,2024-05-12
Other,REC-2475-2024-Q1-SITE-B-OT01,2024-Q1,ORG-12345,SITE-B,Scotland,Tertiary,Imported,,2024-06-01
Glass,REC-2476-2024-Q1-SITE-A-GL01,2024-Q1,ORG-12345,SITE-A,England,Primary,Supplied as goods,,2024-09-03
Glass,REC-2477-2024-Q3-SITE-A-GL01,2024-Q3,ORG-12345,SITE-A,England,Primary,Exported,,2024-08-26
Fibre-based composite,REC-2478-Q4 2024-SITE-A-FB01,,ORG-12345,SITE-A,England,Tertiary,Imported,,2024-12-05
Wood,REC-2479-2024-Q1-SITE-C-WD01,2024-Q1,ORG-12345,SITE-C,Wales,Secondary,Imported,,2024-07-17
Other,REC-2480-Q4 2024-SITE-B-OT01,,ORG-12345,SITE-B,Scotland,Primary,Exported,,2024-03-30
Paper/card,REC-2481-2024-Q1-SITE-E-PC01,2024-Q1,ORG-12345,SITE-E,England,Shipment,Supplied as goods,,2025-01-01
Paper/card,REC-2482-Q2 2024-SITE-C-PC01,2024-Q2,ORG-12345,SITE-C,Wales,Secondary,Imported,,2024-09-19
Aluminium,REC-2483-2024-Q1-SITE-B-AL01,2024-Q1,ORG-12345,SITE-B,Scotland,Tertiary,Supplied as goods,,2024-02-27
Plastic,REC-2484-2024-Q3-SITE-B-PL02,2024-Q3,ORG-12345,SITE-B,Scotland,Primary,Supplied as goods,,2024-10-24
Fibre-based composite,REC-2485-2024-Q1-SITE-D-FB01,2024-Q1,ORG-12345,SITE-D,Northern Ireland,Tertiary,Exported,,2024-06-12
Plastic,REC-2486-2024-Q1-SITE-C-PL01,2024-Q1,ORG-12345,SITE-C,Wales,Tertiary,Exported,,2024-11-27
Steel,REC-2487-Q4 2024-SITE-A-ST01,,ORG-12345,SITE-A,England,Tertiary,Imported,,2024-04-12
Glass,REC-2488-Q2 2024-SITE-B-GL01,2024-Q2,ORG-12345,SITE-B,Scotland,Primary,Imported,,2024-09-03
Glass,REC-2489-Q2 2024-SITE-B-GL01,2024-Q2,ORG-12345,SITE-B,Scotland,Primary,Supplied as goods,,2024-07-25
Glass,REC-2490-Q4 2024-SITE-E-GL01,,ORG-12345,SITE-E,England,Secondary,Exported,,2024-04-23
Plastic,REC-2491-2024-Q3-SITE-C-PL01,2024-Q3,ORG-12345,SITE-C,Wales,Tertiary,Exported,,2024-08-28
Plastic,REC-2492-2024-Q3-SITE-E-PL01,2024-Q3,ORG-12345,SITE-E,England,Secondary,Exported,,2024-06-01
Wood,REC-2493-Q4 2024-SITE-E-WD01,,ORG-12345,SITE-E,England,Primary,Supplied as goods,,2024-12-30
Paper/card,REC-2494-Q4 2024-SITE-B-PC01,,ORG-12345,SITE-B,Scotland,Primary,Exported,,2024-05-25
Glass,REC-2495-2024-Q3-SITE-B-GL01,2024-Q3,ORG-12345,SITE-B,Scotland,Secondary,Imported,,2024-05-13
Steel,REC-2496-Q2 2024-SITE-C-ST01,2024-Q2,ORG-12345,SITE-C,Wales,Primary,Imported,,2024-07-16
Glass,REC-2497-2024-Q1-SITE-C-GL01,2024-Q1,ORG-12345,SITE-C,Wales,Primary,Imported,,2024-11-19
Glass,REC-2498-2024-Q3-SITE-B-GL01,2024-Q3,ORG-12345,SITE-B,Scotland,Primary,Exported,,2024-02-20
Paper/card,REC-2499-2024-Q3-SITE-E-PC01,2024-Q3,ORG-12345,SITE-E,England,Tertiary,Imported,,2024-12-20
Fibre-based composite,REC-2500-Q2 2024-SITE-D-FB01,2024-Q2,ORG-12345,SITE-D,Northern Ireland,Primary,Imported,,2024-06-14
Glass,REC-2501-2024Q2-SITE-C-GL01,2024-Q2,ORG-12345,SITE-C,Wales,Primary,Imported,,2024-12-22
Other,REC-2502-2024-Q1-SITE-B-OT01,2024-Q1,ORG-12345,SITE-B,Scotland,Secondary,Supplied as goods,,2024-06-02
Other,REC-2503-2024-Q1-SITE-A-OT01,2024-Q1,ORG-12345,SITE-A,England,Primary,Supplied as goods,,2024-04-01
Plastic,REC-2504-2024-Q1-SITE-C-PL02,2024-Q1,ORG-12345,SITE-C,Wales,Tertiary,Supplied as goods,,2024-07-23
Other,REC-2505-2024-Q3-SITE-D-OT01,2024-Q3,ORG-12345,SITE-D,Northern Ireland,Primary,Imported,,2024-03-08
Plastic,REC-2506-2024-Q3-SITE-D-PL02,2024-Q3,ORG-12345,SITE-D,Northern Ireland,Shipment,Imported,,2024-03-23
Plastic,REC-2507-Q4 2024-SITE-D-PL01,,ORG-12345,SITE-D,Northern Ireland,Primary,Imported,,2024-03-15
Other,REC-2508-Q4 2024-SITE-C-OT01,,ORG-12345,SITE-C,Wales,Secondary,Exported,,2024-06-22
Plastic,REC-2509-Q2 2024-SITE-C-PL02,2024-Q2,ORG-12345,SITE-C,Wales,Shipment,Imported,,2024-11-22
Glass,REC-2510-Q2 2024-SITE-A-GL01,2024-Q2,ORG-12345,SITE-A,England,Tertiary,Imported,,2024-01-23
Steel,REC-2511-2024-Q3-SITE-E-ST01,2024-Q3,ORG-12345,SITE-E,England,Tertiary,Supplied as goods,,2024-05-05
Plastic,REC-2512-Q4 2024-SITE-A-PL02,,ORG-12345,SITE-A,England,Secondary,Exported,,2024-08-30
Glass,REC-2513-2024-Q1-SITE-E-GL01,2024-Q1,ORG-12345,SITE-E,England,Tertiary,Imported,,2024-04-06
Other,REC-2514-Q2 2024-SITE-A-OT01,2024-Q2,ORG-12345,SITE-A,England,Tertiary,Supplied as goods,,2024-08-18
,REC-2515-2024-Q1-SITE-A-UNKNOWN,2024-Q1,ORG-12345,SITE-A,England,Primary,Exported,,2024-07-11
Aluminium,REC-2516-Q4 2024-SITE-E-AL01,,ORG-12345,SITE-E,England,Tertiary,Supplied as goods,,2024-03-04
Plastic,REC-2517-Q2 2024-SITE-Z-PL01,2024-Q2,ORG-12345,SITE-Z,,Secondary,Exported,,2024-05-14
Other,REC-2518-Q2 2024-SITE-D-OT01,2024-Q2,ORG-12345,SITE-D,Northern Ireland,Tertiary,Supplied as goods,,2024-10-30
Plastic,REC-2519-Q4 2024-SITE-B-PL01,,ORG-12345,SITE-B,Scotland,Primary,Imported,,2024-05-18
Aluminium,REC-2520-Q4 2024-SITE-E-AL01,,ORG-12345,SITE-E,England,Primary,Exported,,2024-04-28
Aluminium,REC-2521-2024-Q3-SITE-E-AL01,2024-Q3,ORG-12345,SITE-E,England,Tertiary,Imported,,2024-03-13
Other,REC-2522-Q2 2024-SITE-A-OT01,2024-Q2,ORG-12345,SITE-A,England,Tertiary,Imported,,2024-10-23
Steel,REC-2523-Q2 2024-SITE-B-ST01,2024-Q2,ORG-12345,SITE-B,Scotland,Tertiary,Supplied as goods,,2024-09-29
Glass,REC-2524-Q2 2024-SITE-A-GL01,2024-Q2,ORG-12345,SITE-A,England,Primary,Supplied as goods,,2024-04-19
Wood,REC-2525-Q4 2024-SITE-E-WD01,,ORG-12345,SITE-E,England,Tertiary,Exported,,2025-01-07
Plastic,REC-2526-Q4 2024-SITE-A-PL01,,ORG-12345,SITE-A,England,Secondary,Imported,,2024-07-22
Glass,REC-2527-Q2 2024-SITE-C-GL01,2024-Q2,ORG-12345,SITE-C,Wales,Primary,Exported,,2024-11-28
Glass,REC-2528-Q4 2024-SITE-A-GL01,,ORG-12345,SITE-A,England,Secondary,Exported,,2025-01-04
Plastic,REC-2529-2024-Q3-SITE-E-PL02,2024-Q3,ORG-12345,SITE-E,England,Secondary,Exported,,2024-12-18
Wood,REC-2530-Q4 2024-SITE-D-WD01,,ORG-12345,SITE-D,Northern Ireland,Primary,Exported,,2025-01-05
Fibre-based composite,REC-2531-2024-Q1-SITE-E-FB01,2024-Q1,ORG-12345,SITE-E,England,Shipment,Imported,,2024-06-28
Wood,REC-2532-2024-Q3-SITE-C-WD01,2024-Q3,ORG-12345,SITE-C,Wales,Primary,Imported,,2024-11-18
Steel,REC-2533-2024-Q3-SITE-D-ST01,2024-Q3,ORG-12345,SITE-D,Northern Ireland,Tertiary,Imported,,2024-11-06
Plastic,REC-2534-Q4 2024-SITE-E-PL01,,ORG-12345,SITE-E,England,Secondary,Imported,,2024-11-12
Steel,REC-2535-2024-Q1-SITE-D-ST01,2024-Q1,ORG-12345,SITE-D,Northern Ireland,Primary,Imported,,2024-01-16
Other,REC-2536-2024-Q3-SITE-C-OT01,2024-Q3,ORG-12345,SITE-C,Wales,Tertiary,Exported,,2024-11-26
Steel,REC-2537-2024-Q3-SITE-E-ST01,2024-Q3,ORG-12345,SITE-E,England,Secondary,Imported,,2024-08-12
Wood,REC-2538-Q4 2024-SITE-B-WD01,,ORG-12345,SITE-B,Scotland,Primary,Imported,,2024-11-07
Other,REC-2539-2024-Q1-SITE-C-OT01,2024-Q1,ORG-12345,SITE-C,Wales,Tertiary,Exported,,2024-06-11
Paper/card,REC-2540-2024-Q3-SITE-A-PC01,2024-Q3,ORG-12345,SITE-A,England,Primary,Exported,,2024-03-15
Plastic,REC-2541-Q4 2024-SITE-A-PL01,,ORG-12345,SITE-A,England,Primary,Imported,,2024-06-11
Other,REC-2542-2024-Q3-SITE-C-OT01,2024-Q3,ORG-12345,SITE-C,Wales,Shipment,Supplied as goods,,2024-10-07
Plastic,REC-2543-2024-Q3-SITE-A-PL02,2024-Q3,ORG-12345,SITE-A,England,Tertiary,Supplied as goods,,2024-06-19
Other,REC-2544-2024-Q1-SITE-C-OT01,2024-Q1,ORG-12345,SITE-C,Wales,Shipment,Supplied as goods,,2024-07-10
Fibre-based composite,REC-2545-2024-Q1-SITE-C-FB01,2024-Q1,ORG-12345,SITE-C,Wales,Tertiary,Supplied as goods,,2024-01-15
Aluminium,REC-2546-2024-Q1-SITE-D-AL01,2024-Q1,ORG-12345,SITE-D,Northern Ireland,Primary,Exported,,2024-11-15
Paper/card,REC-2547-2024-Q3-SITE-D-PC01,2024-Q3,ORG-12345,SITE-D,Northern Ireland,Tertiary,Supplied as goods,,2024-10-26
Steel,REC-2548-2024-Q3-SITE-E-ST01,2024-Q3,ORG-12345,SITE-E,England,Tertiary,Exported,,2024-08-31
Plastic,REC-2549-Q4 2024-SITE-A-PL01,,ORG-12345,SITE-A,England,Shipment,Imported,,2024-08-14
Plastic,REC-2550-2024-Q3-SITE-D-PL01,2024-Q3,ORG-12345,SITE-D,Northern Ireland,Primary,Supplied as goods,,2024-03-17
Plastic,REC-2551-Q2 2024-SITE-C-PL01,2024-Q2,ORG-12345,SITE-C,Wales,Primary,Imported,,2024-11-14
Plastic,REC-2552-Q4 2024-SITE-D-PL01,,ORG-12345,SITE-D,Northern Ireland,Secondary,Imported,,2024-04-08
Steel,REC-2553-2024-Q3-SITE-A-ST01,2024-Q3,ORG-12345,SITE-A,England,Primary,Imported,,2024-11-22
Fibre-based composite,REC-2554-Q2 2024-SITE-B-FB01,2024-Q2,ORG-12345,SITE-B,Scotland,Tertiary,Imported,,2024-03-18
Plastic,REC-2555-2024-Q1-SITE-D-PL01,2024-Q1,ORG-12345,SITE-D,Northern Ireland,Secondary,Supplied as goods,,2024-09-26
Steel,REC-2556-2024-Q3-SITE-C-ST01,2024-Q3,ORG-12345,SITE-C,Wales,Secondary,Imported,,2024-05-08
Fibre-based composite,REC-2557-Q2 2024-SITE-E-FB01,2024-Q2,ORG-12345,SITE-E,England,Secondary,Supplied as goods,,2024-01-18
Wood,REC-2558-2024-Q3-SITE-C-WD01,2024-Q3,ORG-12345,SITE-C,Wales,Tertiary,Supplied as goods,,2024-03-07
Glass,REC-2559-Q2 2024-SITE-D-GL01,2024-Q2,ORG-12345,SITE-D,Northern Ireland,Tertiary,Exported,,2024-04-18
Plastic,REC-2560-Q2 2024-SITE-B-PL02,2024-Q2,ORG-12345,SITE-B,Scotland,Tertiary,Supplied as goods,,2024-09-08
Wood,REC-2561-2024-Q3-SITE-E-WD01,2024-Q3,ORG-12345,SITE-E,England,Primary,Imported,,2024-06-27
Paper/card,REC-2562-2024-Q3-SITE-B-PC01,2024-Q3,ORG-12345,SITE-B,Scotland,Shipment,Imported,,2024-06-23
Plastic,REC-2563-2024-Q3-SITE-D-PL02,2024-Q3,ORG-12345,SITE-D,Northern Ireland,Secondary,Supplied as goods,,2024-02-27
Wood,REC-2564-2024-Q1-SITE-E-WD01,2024-Q1,ORG-12345,SITE-E,England,Primary,Supplied as goods,,2024-06-20
Plastic,REC-2565-Q2 2024-SITE-D-PL02,2024-Q2,ORG-12345,SITE-D,Northern Ireland,Secondary,Imported,,2024-12-06
Aluminium,REC-2566-Q4 2024-SITE-A-AL01,,ORG-12345,SITE-A,England,Secondary,Supplied as goods,,2024-07-15
Steel,REC-2567-Q2 2024-SITE-C-ST01,2024-Q2,ORG-12345,SITE-C,Wales,Tertiary,Exported,,2024-07-03
Aluminium,REC-2568-2024-Q1-SITE-B-AL01,2024-Q1,ORG-12345,SITE-B,Scotland,Secondary,Exported,,2024-05-05
Fibre-based composite,REC-2569-Q2 2024-SITE-E-FB01,2024-Q2,ORG-12345,SITE-E,England,Primary,Supplied as goods,,2024-02-03
Other,REC-2570-2024-Q1-SITE-E-OT01,2024-Q1,ORG-12345,SITE-E,England,Secondary,Exported,,2024-04-13
Wood,REC-2571-Q4 2024-SITE-E-WD01,,ORG-12345,SITE-E,England,Shipment,Imported,,2024-06-24
Plastic,REC-2572-2024-Q3-SITE-D-PL02,2024-Q3,ORG-12345,SITE-D,Northern Ireland,Secondary,Supplied as goods,,2024-05-02
Paper/card,REC-2573-2024-Q1-SITE-A-PC01,2024-Q1,ORG-12345,SITE-A,England,Tertiary,Supplied as goods,,2024-08-19
Wood,REC-2574-2024-Q1-SITE-D-WD01,2024-Q1,ORG-12345,SITE-D,Northern Ireland,Primary,Imported,,2024-09-16
Wood,REC-2575-2024-Q1-SITE-E-WD01,2024-Q1,ORG-12345,SITE-E,England,Tertiary,Imported,,2024-05-08
Aluminium,REC-2576-Q4 2024-SITE-D-AL01,,ORG-12345,SITE-D,Northern Ireland,Tertiary,Imported,,2024-07-07
Plastic,REC-2577-2024-Q1-SITE-A-PL01,2024-Q1,ORG-12345,SITE-A,England,Shipment,Exported,,2024-10-13
Other,REC-2578-Q2 2024-SITE-E-OT01,2024-Q2,ORG-12345,SITE-E,England,Secondary,Imported,,2024-07-07
Glass,REC-2579-2024-Q3-SITE-E-GL01,2024-Q3,ORG-12345,SITE-E,England,Primary,Exported,,2024-04-11
Steel,REC-2580-Q4 2024-SITE-E-ST01,,ORG-12345,SITE-E,England,Secondary,Imported,,2024-07-22
Wood,REC-2581-2024-Q3-SITE-D-WD01,2024-Q3,ORG-12345,SITE-D,Northern Ireland,Primary,Exported,,2024-11-02
Paper/card,REC-2582-2024-Q1-SITE-E-PC01,2024-Q1,ORG-12345,SITE-E,England,Tertiary,Exported,,2024-03-28
Plastic,REC-2583-2024-Q3-SITE-B-PL02,2024-Q3,ORG-12345,SITE-B,Scotland,Secondary,Exported,,2024-10-17
Aluminium,REC-2584-Q4 2024-SITE-A-AL01,,ORG-12345,SITE-A,England,Tertiary,Exported,,2024-07-01
Other,REC-2585-Q2 2024-SITE-C-OT01,2024-Q2,ORG-12345,SITE-C,Wales,Secondary,Imported,,2024-09-25
Glass,REC-2586-Q2 2024-SITE-A-GL01,2024-Q2,ORG-12345,SITE-A,England,Shipment,Imported,,2024-05-05
Plastic,REC-2587-2024-Q1-SITE-E-PL01,2024-Q1,ORG-12345,SITE-E,England,Primary,Exported,,2024-11-05
Aluminium,REC-2588-2024-Q3-SITE-C-AL01,2024-Q3,ORG-12345,SITE-C,Wales,Shipment,Imported,,2024-01-20
Plastic,REC-2589-Q4 2024-SITE-A-PL01,,ORG-12345,SITE-A,England,Tertiary,Exported,,2024-11-05
Plastic,REC-2590-Q2 2024-SITE-D-PL01,2024-Q2,ORG-12345,SITE-D,Northern Ireland,Secondary,Imported,,2024-07-24
Plastic,REC-2591-2024-Q1-SITE-D-PL02,2024-Q1,ORG-12345,SITE-D,Northern Ireland,Tertiary,Exported,,2024-06-26
Aluminium,REC-2592-Q2 2024-SITE-A-AL01,2024-Q2,ORG-12345,SITE-A,England,Primary,Exported,,2024-02-24
Plastic,REC-2593-Q2 2024-SITE-C-PL01,2024-Q2,ORG-12345,SITE-C,Wales,Primary,Exported,,2024-06-24
Paper/card,REC-2594-2024-Q1-SITE-E-PC01,2024-Q1,ORG-12345,SITE-E,England,Primary,Supplied as goods,,2024-10-12
Paper/card,REC-2595-2024-Q3-SITE-A-PC01,2024-Q3,ORG-12345,SITE-A,England,Tertiary,Exported,,2024-02-15
Glass,REC-2596-2024-Q1-SITE-D-GL01,2024-Q1,ORG-12345,SITE-D,Northern Ireland,Secondary,Supplied as goods,,2025-01-05
Other,REC-2597-Q4 2024-SITE-B-OT01,,ORG-12345,SITE-B,Scotland,Secondary,Supplied as goods,,2024-05-05
Paper/card,REC-2598-2024-Q3-SITE-B-PC01,2024-Q3,ORG-12345,SITE-B,Scotland,Shipment,Exported,,2024-11-26
Plastic,REC-2599-2024-Q1-SITE-D-PL01,2024-Q1,ORG-12345,SITE-D,Northern Ireland,Tertiary,Supplied as goods,,2024-12-04
Steel,REC-2600-Q4 2024-SITE-D-ST01,,ORG-12345,SITE-D,Northern Ireland,Secondary,Exported,,2024-11-09
Wood,REC-2601-2024Q2-SITE-A-WD01,2024-Q2,ORG-12345,SITE-A,England,Shipment,Supplied as goods,,2024-05-20
Fibre-based composite,REC-2602-Q2 2024-SITE-E-FB01,2024-Q2,ORG-12345,SITE-E,England,Tertiary,Exported,,2024-09-19
Glass,REC-2603-Q4 2024-SITE-D-GL01,,ORG-12345,SITE-D,Northern Ireland,Primary,Supplied as goods,,2024-07-08
Aluminium,REC-2604-2024-Q3-SITE-C-AL01,2024-Q3,ORG-12345,SITE-C,Wales,Secondary,Supplied as goods,,2025-01-09
Fibre-based composite,REC-2605-Q2 2024-SITE-C-FB01,2024-Q2,ORG-12345,SITE-C,Wales,Primary,Supplied as goods,,2024-10-15
Steel,REC-2606-2024-Q1-SITE-A-ST01,2024-Q1,ORG-12345,SITE-A,England,Secondary,Imported,,2024-12-22
Other,REC-2607-2024-Q3-SITE-A-OT01,2024-Q3,ORG-12345,SITE-A,England,Shipment,Supplied as goods,,2024-03-15
Fibre-based composite,REC-2608-2024-Q3-SITE-C-FB01,2024-Q3,ORG-12345,SITE-C,Wales,Primary,Imported,,2024-06-01
Wood,REC-2609-2024-Q3-SITE-E-WD01,2024-Q3,ORG-12345,SITE-E,England,Primary,Exported,,2024-01-26
Fibre-based composite,REC-2610-2024-Q1-SITE-C-FB01,2024-Q1,ORG-12345,SITE-C,Wales,Shipment,Supplied as goods,,2024-04-12
Glass,REC-2611-Q4 2024-SITE-E-GL01,,ORG-12345,SITE-E,England,Shipment,Exported,,2024-06-26
Paper/card,REC-2612-Q4 2024-SITE-E-PC01,,ORG-12345,SITE-E,England,Primary,Exported,,2024-09-22
Plastic,REC-2613-2024-Q1-SITE-D-PL02,2024-Q1,ORG-12345,SITE-D,Northern Ireland,Secondary,Imported,,2024-07-29
Steel,REC-2614-2024-Q3-SITE-B-ST01,2024-Q3,ORG-12345,SITE-B,Scotland,Tertiary,Exported,,2024-11-12
,REC-2615-Q4 2024-SITE-B-UNKNOWN,,ORG-12345,SITE-B,Scotland,Tertiary,Exported,,2024-12-13
Paper/card,REC-2616-2024-Q3-SITE-D-PC01,2024-Q3,ORG-12345,SITE-D,Northern Ireland,Shipment,Supplied as goods,,2024-09-01
Plastic,REC-2617-2024-Q1-SITE-Z-PL01,2024-Q1,ORG-12345,SITE-Z,,Tertiary,Imported,,2024-03-12
Paper/card,REC-2618-Q2 2024-SITE-A-PC01,2024-Q2,ORG-12345,SITE-A,England,Primary,Exported,,2024-03-20
Fibre-based composite,REC-2619-2024-Q3-SITE-A-FB01,2024-Q3,ORG-12345,SITE-A,England,Primary,Imported,,2024-12-15
Glass,REC-2620-Q4 2024-SITE-C-GL01,,ORG-12345,SITE-C,Wales,Tertiary,Supplied as goods,,2024-03-23
Plastic,REC-2621-2024-Q3-SITE-D-PL01,2024-Q3,ORG-12345,SITE-D,Northern Ireland,Secondary,Imported,,2024-10-30
Aluminium,REC-2622-2024-Q1-SITE-E-AL01,2024-Q1,ORG-12345,SITE-E,England,Primary,Imported,,2024-11-28
Wood,REC-2623-2024-Q3-SITE-B-WD01,2024-Q3,ORG-12345,SITE-B,Scotland,Tertiary,Exported,,2024-09-09
Plastic,REC-2624-Q4 2024-SITE-B-PL01,,ORG-12345,SITE-B,Scotland,Shipment,Exported,,2024-11-04
Fibre-based composite,REC-2625-2024-Q3-SITE-D-FB01,2024-Q3,ORG-12345,SITE-D,Northern Ireland,Primary,Supplied as goods,,2024-04-18
Steel,REC-2626-Q4 2024-SITE-B-ST01,,ORG-12345,SITE-B,Scotland,Primary,Imported,,2024-03-10
Other,REC-2627-Q4 2024-SITE-C-OT01,,ORG-12345,SITE-C,Wales,Tertiary,Exported,,2024-08-22
Plastic,REC-2628-Q2 2024-SITE-A-PL02,2024-Q2,ORG-12345,SITE-A,England,Tertiary,Imported,,2024-08-06
Wood,REC-2629-2024-Q1-SITE-A-WD01,2024-Q1,ORG-12345,SITE-A,England,Tertiary,Exported,,2024-07-04
Aluminium,REC-2630-2024-Q3-SITE-E-AL01,2024-Q3,ORG-12345,SITE-E,England,Secondary,Imported,,2024-08-11
Other,REC-2631-2024-Q3-SITE-D-OT01,2024-Q3,ORG-12345,SITE-D,Northern Ireland,Shipment,Supplied as goods,,2024-02-14
Plastic,REC-2632-Q4 2024-SITE-A-PL02,,ORG-12345,SITE-A,England,Secondary,Supplied as goods,,2024-11-25
Wood,REC-2633-Q2 2024-SITE-D-WD01,2024-Q2,ORG-12345,SITE-D,Northern Ireland,Primary,Supplied as goods,,2024-03-02
Plastic,REC-2634-Q4 2024-SITE-E-PL02,,ORG-12345,SITE-E,England,Primary,Exported,,2024-12-15
Fibre-based composite,REC-2635-2024-Q3-SITE-C-FB01,2024-Q3,ORG-12345,SITE-C,Wales,Secondary,Supplied as goods,,2024-06-06
Fibre-based composite,REC-2636-Q2 2024-SITE-E-FB01,2024-Q2,ORG-12345,SITE-E,England,Tertiary,Supplied as goods,,2024-02-19
Wood,REC-2637-Q4 2024-SITE-B-WD01,,ORG-12345,SITE-B,Scotland,Tertiary,Supplied as goods,,2024-03-29
Aluminium,REC-2638-2024-Q3-SITE-B-AL01,2024-Q3,ORG-12345,SITE-B,Scotland,Tertiary,Imported,,2024-03-02
Fibre-based composite,REC-2639-2024-Q3-SITE-E-FB01,2024-Q3,ORG-12345,SITE-E,England,Primary,Supplied as goods,,2024-03-27
Plastic,REC-2640-Q2 2024-SITE-D-PL01,2024-Q2,ORG-12345,SITE-D,Northern Ireland,Shipment,Imported,,2024-11-25
Plastic,REC-2641-2024-Q1-SITE-C-PL01,2024-Q1,ORG-12345,SITE-C,Wales,Primary,Exported,,2024-03-21
Wood,REC-2642-2024-Q1-SITE-E-WD01,2024-Q1,ORG-12345,SITE-E,England,Secondary,Supplied as goods,,2024-03-23
Steel,REC-2643-Q4 2024-SITE-A-ST01,,ORG-12345,SITE-A,England,Secondary,Exported,,2024-03-22
Plastic,REC-2644-2024-Q1-SITE-E-PL02,2024-Q1,ORG-12345,SITE-E,England,Primary,Exported,,2024-08-22
Other,REC-2645-Q4 2024-SITE-C-OT01,,ORG-12345,SITE-C,Wales,Secondary,Exported,,2024-08-21
Other,REC-2646-2024-Q1-SITE-D-OT01,2024-Q1,ORG-12345,SITE-D,Northern Ireland,Tertiary,Imported,,2024-09-27
Other,REC-2647-Q2 2024-SITE-E-OT01,2024-Q2,ORG-12345,SITE-E,England,Secondary,Imported,,2024-12-16
Other,REC-2648-2024-Q3-SITE-D-OT01,2024-Q3,ORG-12345,SITE-D,Northern Ireland,Primary,Exported,,2024-10-31
Glass,REC-2649-Q2 2024-SITE-D-GL01,2024-Q2,ORG-12345,SITE-D,Northern Ireland,Primary,Imported,,2024-11-21
Glass,REC-2650-2024-Q3-SITE-C-GL01,2024-Q3,ORG-12345,SITE-C,Wales,Tertiary,Supplied as goods,,2024-08-25
Steel,REC-2651-Q4 2024-SITE-B-ST01,,ORG-12345,SITE-B,Scotland,Secondary,Supplied as goods,,2024-06-03
Fibre-based composite,REC-2652-2024-Q1-SITE-B-FB01,2024-Q1,ORG-12345,SITE-B,Scotland,Primary,Supplied as goods,,2024-04-26
Wood,REC-2653-2024-Q3-SITE-C-WD01,2024-Q3,ORG-12345,SITE-C,Wales,Tertiary,Exported,,2024-04-30
Aluminium,REC-2654-2024-Q3-SITE-B-AL01,2024-Q3,ORG-12345,SITE-B,Scotland,Primary,Supplied as goods,,2024-08-08
Wood,REC-2655-2024-Q1-SITE-A-WD01,2024-Q1,ORG-12345,SITE-A,England,Primary,Exported,,2024-05-23
Plastic,REC-2656-Q2 2024-SITE-D-PL02,2024-Q2,ORG-12345,SITE-D,Northern Ireland,Secondary,Supplied as goods,,2024-03-26
Wood,REC-2657-2024-Q1-SITE-E-WD01,2024-Q1,ORG-12345,SITE-E,England,Primary,Imported,,2024-01-19
Other,REC-2658-Q4 2024-SITE-E-OT01,,ORG-12345,SITE-E,England,Tertiary,Exported,,2024-05-26
Fibre-based composite,REC-2659-Q2 2024-SITE-B-FB01,2024-Q2,ORG-12345,SITE-B,Scotland,Primary,Supplied as goods,,2024-03-15
Plastic,REC-2660-2024-Q1-SITE-A-PL02,2024-Q1,ORG-12345,SITE-A,England,Tertiary,Supplied as goods,,2024-03-02
Other,REC-2661-Q2 2024-SITE-E-OT01,2024-Q2,ORG-12345,SITE-E,England,Tertiary,Imported,,2024-06-21
Glass,REC-2662-2024-Q3-SITE-A-GL01,2024-Q3,ORG-12345,SITE-A,England,Primary,Supplied as goods,,2024-06-28
Aluminium,REC-2663-Q4 2024-SITE-C-AL01,,ORG-12345,SITE-C,Wales,Secondary,Imported,,2024-11-20
Steel,REC-2664-Q4 2024-SITE-D-ST01,,ORG-12345,SITE-D,Northern Ireland,Secondary,Exported,,2024-03-30
Plastic,REC-2665-Q2 2024-SITE-A-PL01,2024-Q2,ORG-12345,SITE-A,England,Primary,Supplied as goods,,2024-10-17
Plastic,REC-2666-Q4 2024-SITE-B-PL02,,ORG-12345,SITE-B,Scotland,Tertiary,Exported,,2024-06-10
Plastic,REC-2667-2024-Q1-SITE-E-PL01,2024-Q1,ORG-12345,SITE-E,England,Primary,Imported,,2024-05-28
Paper/card,REC-2668-Q4 2024-SITE-B-PC01,,ORG-12345,SITE-B,Scotland,Primary,Imported,,2024-04-05
Aluminium,REC-2669-Q2 2024-SITE-A-AL01,2024-Q2,ORG-12345,SITE-A,England,Secondary,Imported,,2024-03-03
Other,REC-2670-2024-Q1-SITE-E-OT01,2024-Q1,ORG-12345,SITE-E,England,Primary,Exported,,2024-08-16
Plastic,REC-2671-2024-Q1-SITE-C-PL02,2024-Q1,ORG-12345,SITE-C,Wales,Tertiary,Supplied as goods,,2024-12-20
Fibre-based composite,REC-2672-2024-Q1-SITE-B-FB01,2024-Q1,ORG-12345,SITE-B,Scotland,Primary,Supplied as goods,,2024-08-20
Fibre-based composite,REC-2673-Q2 2024-SITE-E-FB01,2024-Q2,ORG-12345,SITE-E,England,Primary,Supplied as goods,,2024-02-28
Plastic,REC-2674-Q2 2024-SITE-B-PL01,2024-Q2,ORG-12345,SITE-B,Scotland,Primary,Exported,,2024-12-01
Fibre-based composite,REC-2675-2024-Q3-SITE-C-FB01,2024-Q3,ORG-12345,SITE-C,Wales,Primary,Imported,,2024-09-25
Fibre-based composite,REC-2676-Q4 2024-SITE-C-FB01,,ORG-12345,SITE-C,Wales,Secondary,Imported,,2024-02-07
Steel,REC-2677-Q2 2024-SITE-D-ST01,2024-Q2,ORG-12345,SITE-D,Northern Ireland,Tertiary,Supplied as goods,,2024-06-16
Fibre-based composite,REC-2678-Q2 2024-SITE-C-FB01,2024-Q2,ORG-12345,SITE-C,Wales,Tertiary,Supplied as goods,,2024-07-20
Wood,REC-2679-Q4 2024-SITE-C-WD01,,ORG-12345,SITE-C,Wales,Tertiary,Exported,,2024-05-26
Aluminium,REC-2680-Q4 2024-SITE-D-AL01,,ORG-12345,SITE-D,Northern Ireland,Secondary,Exported,,2024-04-10
Glass,REC-2681-Q2 2024-SITE-D-GL01,2024-Q2,ORG-12345,SITE-D,Northern Ireland,Secondary,Supplied as goods,,2024-09-02
Plastic,REC-2682-Q4 2024-SITE-C-PL01,,ORG-12345,SITE-C,Wales,Shipment,Imported,,2024-03-21
Steel,REC-2683-Q4 2024-SITE-E-ST01,,ORG-12345,SITE-E,England,Primary,Exported,,2024-06-01
Steel,REC-2684-2024-Q1-SITE-E-ST01,2024-Q1,ORG-12345,SITE-E,England,Secondary,Imported,,2024-04-30
Paper/card,REC-2685-2024-Q3-SITE-E-PC01,2024-Q3,ORG-12345,SITE-E,England,Primary,Supplied as goods,,2024-10-30
Wood,REC-2686-Q2 2024-SITE-C-WD01,2024-Q2,ORG-12345,SITE-C,Wales,Secondary,Supplied as goods,,2024-02-11
Steel,REC-2687-Q2 2024-SITE-E-ST01,2024-Q2,ORG-12345,SITE-E,England,Tertiary,Imported,,2024-04-01
Plastic,REC-2688-2024-Q3-SITE-E-PL02,2024-Q3,ORG-12345,SITE-E,England,Secondary,Exported,,2024-07-15
Steel,REC-2689-2024-Q3-SITE-C-ST01,2024-Q3,ORG-12345,SITE-C,Wales,Shipment,Supplied as goods,,2024-02-29
Plastic,REC-2690-2024-Q1-SITE-B-PL02,2024-Q1,ORG-12345,SITE-B,Scotland,Primary,Exported,,2024-03-30
Wood,REC-2691-2024-Q3-SITE-B-WD01,2024-Q3,ORG-12345,SITE-B,Scotland,Primary,Supplied as goods,,2024-07-05
Steel,REC-2692-2024-Q3-SITE-E-ST01,2024-Q3,ORG-12345,SITE-E,England,Shipment,Exported,,2024-08-16
Other,REC-2693-2024-Q1-SITE-C-OT01,2024-Q1,ORG-12345,SITE-C,Wales,Primary,Imported,,2024-02-06
Glass,REC-2694-Q2 2024-SITE-C-GL01,2024-Q2,ORG-12345,SITE-C,Wales,Primary,Supplied as goods,,2024-06-05
Plastic,REC-2695-Q4 2024-SITE-A-PL02,,ORG-12345,SITE-A,England,Tertiary,Exported,,2024-06-22
Other,REC-2696-Q2 2024-SITE-D-OT01,2024-Q2,ORG-12345,SITE-D,Northern Ireland,Secondary,Supplied as goods,,2024-12-08
Other,REC-2697-2024-Q1-SITE-B-OT01,2024-Q1,ORG-12345,SITE-B,Scotland,Secondary,Supplied as goods,,2024-04-27
Plastic,REC-2698-2024-Q1-SITE-A-PL02,2024-Q1,ORG-12345,SITE-A,England,Shipment,Imported,,2024-01-31
Plastic,REC-2699-Q2 2024-SITE-A-PL01,2024-Q2,ORG-12345,SITE-A,England,Primary,Imported,,2025-01-02
Wood,REC-2700-Q4 2024-SITE-E-WD01,,ORG-12345,SITE-E,England,Tertiary,Supplied as goods,,2024-03-08
Fibre-based composite,REC-2701-2024Q2-SITE-E-FB01,2024-Q2,ORG-12345,SITE-E,England,Primary,Imported,,2024-11-07
Steel,REC-2702-2024-Q1-SITE-C-ST01,2024-Q1,ORG-12345,SITE-C,Wales,Tertiary,Exported,,2024-03-16
Plastic,REC-2703-Q2 2024-SITE-E-PL02,2024-Q2,ORG-12345,SITE-E,England,Primary,Imported,,2024-03-16
Plastic,REC-2704-2024-Q1-SITE-E-PL01,2024-Q1,ORG-12345,SITE-E,England,Secondary,Supplied as goods,,2024-03-25
Wood,REC-2705-Q4 2024-SITE-A-WD01,,ORG-12345,SITE-A,England,Shipment,Supplied as goods,,2024-08-20
Plastic,REC-2706-Q2 2024-SITE-B-PL01,2024-Q2,ORG-12345,SITE-B,Scotland,Shipment,Exported,,2024-12-26
Fibre-based composite,REC-2707-Q2 2024-SITE-E-FB01,2024-Q2,ORG-12345,SITE-E,England,Secondary,Imported,,2024-03-15
Aluminium,REC-2708-Q2 2024-SITE-A-AL01,2024-Q2,ORG-12345,SITE-A,England,Primary,Imported,,2024-10-21
Plastic,REC-2709-Q4 2024-SITE-C-PL01,,ORG-12345,SITE-C,Wales,Tertiary,Exported,,2024-01-31
Plastic,REC-2710-Q2 2024-SITE-B-PL01,2024-Q2,ORG-12345,SITE-B,Scotland,Primary,Exported,,2024-08-04
Glass,REC-2711-Q4 2024-SITE-D-GL01,,ORG-12345,SITE-D,Northern Ireland,Primary,Supplied as goods,,2024-07-13
Wood,REC-2712-Q4 2024-SITE-D-WD01,,ORG-12345,SITE-D,Northern Ireland,Secondary,Imported,,2024-12-29
Paper/card,REC-2713-2024-Q3-SITE-B-PC01,2024-Q3,ORG-12345,SITE-B,Scotland,Primary,Imported,,2024-03-27
Plastic,REC-2714-Q2 2024-SITE-C-PL02,2024-Q2,ORG-12345,SITE-C,Wales,Secondary,Supplied as goods,,2024-02-21
,REC-2715-2024-Q3-SITE-A-UNKNOWN,2024-Q3,ORG-12345,SITE-A,England,Secondary,Supplied as goods,,2024-06-07
Aluminium,REC-2716-Q2 2024-SITE-E-AL01,2024-Q2,ORG-12345,SITE-E,England,Tertiary,Exported,,2024-10-18
Steel,REC-2717-2024-Q1-SITE-Z-ST01,2024-Q1,ORG-12345,SITE-Z,,Shipment,Supplied as goods,,2024-08-19
Plastic,REC-2718-Q2 2024-SITE-A-PL02,2024-Q2,ORG-12345,SITE-A,England,Tertiary,Supplied as goods,,2024-07-21
Plastic,REC-2719-Q4 2024-SITE-C-PL02,,ORG-12345,SITE-C,Wales,Secondary,Imported,,2024-05-19
Aluminium,REC-2720-2024-Q1-SITE-C-AL01,2024-Q1,ORG-12345,SITE-C,Wales,Tertiary,Exported,,2024-01-16
Paper/card,REC-2721-Q4 2024-SITE-D-PC01,,ORG-12345,SITE-D,Northern Ireland,Primary,Supplied as goods,,2024-04-03
Wood,REC-2722-Q4 2024-SITE-C-WD01,,ORG-12345,SITE-C,Wales,Shipment,Exported,,2024-10-23
Paper/card,REC-2723-2024-Q1-SITE-B-PC01,2024-Q1,ORG-12345,SITE-B,Scotland,Secondary,Exported,,2024-09-23
Paper/card,REC-2724-Q4 2024-SITE-E-PC01,,ORG-12345,SITE-E,England,Tertiary,Supplied as goods,,2024-03-05
Paper/card,REC-2725-Q4 2024-SITE-E-PC01,,ORG-12345,SITE-E,England,Secondary,Imported,,2024-05-10
Fibre-based composite,REC-2726-2024-Q3-SITE-D-FB01,2024-Q3,ORG-12345,SITE-D,Northern Ireland,Primary,Supplied as goods,,2024-08-18
Wood,REC-2727-2024-Q1-SITE-D-WD01,2024-Q1,ORG-12345,SITE-D,Northern Ireland,Secondary,Supplied as goods,,2024-09-06
Aluminium,REC-2728-2024-Q3-SITE-D-AL01,2024-Q3,ORG-12345,SITE-D,Northern Ireland,Primary,Exported,,2024-09-17
Other,REC-2729-2024-Q1-SITE-B-OT01,2024-Q1,ORG-12345,SITE-B,Scotland,Tertiary,Supplied as goods,,2024-06-25
Steel,REC-2730-2024-Q3-SITE-D-ST01,2024-Q3,ORG-12345,SITE-D,Northern Ireland,Primary,Exported,,2024-06-17
Other,REC-2731-2024-Q1-SITE-D-OT01,2024-Q1,ORG-12345,SITE-D,Northern Ireland,Tertiary,Imported,,2024-10-29
Glass,REC-2732-Q4 2024-SITE-E-GL01,,ORG-12345,SITE-E,England,Secondary,Imported,,2024-09-01
Glass,REC-2733-Q4 2024-SITE-D-GL01,,ORG-12345,SITE-D,Northern Ireland,Shipment,Exported,,2024-05-22
Glass,REC-2734-Q2 2024-SITE-B-GL01,2024-Q2,ORG-12345,SITE-B,Scotland,Primary,Imported,,2024-02-18
Aluminium,REC-2735-Q4 2024-SITE-D-AL01,,ORG-12345,SITE-D,Northern Ireland,Secondary,Supplied as goods,,2024-03-25
Paper/card,REC-2736-Q4 2024-SITE-E-PC01,,ORG-12345,SITE-E,England,Shipment,Supplied as goods,,2024-02-10
Fibre-based composite,REC-2737-Q4 2024-SITE-E-FB01,,ORG-12345,SITE-E,England,Tertiary,Exported,,2024-12-27
Aluminium,REC-2738-2024-Q3-SITE-B-AL01,2024-Q3,ORG-12345,SITE-B,Scotland,Primary,Supplied as goods,,2024-07-10
Plastic,REC-2739-Q2 2024-SITE-D-PL01,2024-Q2,ORG-12345,SITE-D,Northern Ireland,Tertiary,Exported,,2024-08-16
Plastic,REC-2740-2024-Q1-SITE-C-PL02,2024-Q1,ORG-12345,SITE-C,Wales,Secondary,Exported,,2024-04-22
Paper/card,REC-2741-Q4 2024-SITE-E-PC01,,ORG-12345,SITE-E,England,Secondary,Imported,,2024-07-06
Paper/card,REC-2742-2024-Q1-SITE-E-PC01,2024-Q1,ORG-12345,SITE-E,England,Secondary,Supplied as goods,,2024-10-10
Steel,REC-2743-Q4 2024-SITE-B-ST01,,ORG-12345,SITE-B,Scotland,Primary,Supplied as goods,,2024-04-29
Glass,REC-2744-2024-Q1-SITE-D-GL01,2024-Q1,ORG-12345,SITE-D,Northern Ireland,Primary,Exported,,2024-02-22
Wood,REC-2745-2024-Q1-SITE-D-WD01,2024-Q1,ORG-12345,SITE-D,Northern Ireland,Tertiary,Imported,,2024-03-09
Fibre-based composite,REC-2746-2024-Q3-SITE-E-FB01,2024-Q3,ORG-12345,SITE-E,England,Primary,Supplied as goods,,2024-06-10
Steel,REC-2747-2024-Q3-SITE-A-ST01,2024-Q3,ORG-12345,SITE-A,England,Tertiary,Exported,,2024-03-08
Fibre-based composite,REC-2748-2024-Q1-SITE-B-FB01,2024-Q1,ORG-12345,SITE-B,Scotland,Shipment,Supplied as goods,,2024-08-13
Other,REC-2749-Q4 2024-SITE-B-OT01,,ORG-12345,SITE-B,Scotland,Primary,Supplied as goods,,2024-09-24
Plastic,REC-2750-Q4 2024-SITE-D-PL02,,ORG-12345,SITE-D,Northern Ireland,Primary,Imported,,2024-05-04
Plastic,REC-2751-2024-Q1-SITE-C-PL02,2024-Q1,ORG-12345,SITE-C,Wales,Secondary,Supplied as goods,,2024-06-12
Aluminium,REC-2752-2024-Q3-SITE-B-AL01,2024-Q3,ORG-12345,SITE-B,Scotland,Primary,Supplied as goods,,2024-07-25
Aluminium,REC-2753-2024-Q3-SITE-B-AL01,2024-Q3,ORG-12345,SITE-B,Scotland,Tertiary,Supplied as goods,,2024-08-23
Aluminium,REC-2754-2024-Q3-SITE-D-AL01,2024-Q3,ORG-12345,SITE-D,Northern Ireland,Shipment,Supplied as goods,,2024-02-15
Glass,REC-2755-Q2 2024-SITE-A-GL01,2024-Q2,ORG-12345,SITE-A,England,Secondary,Exported,,2024-11-19
Aluminium,REC-2756-2024-Q1-SITE-B-AL01,2024-Q1,ORG-12345,SITE-B,Scotland,Primary,Imported,,2024-11-03
Plastic,REC-2757-Q4 2024-SITE-C-PL02,,ORG-12345,SITE-C,Wales,Tertiary,Imported,,2024-03-19
Fibre-based composite,REC-2758-Q4 2024-SITE-B-FB01,,ORG-12345,SITE-B,Scotland,Tertiary,Imported,,2024-10-24
Steel,REC-2759-2024-Q3-SITE-E-ST01,2024-Q3,ORG-12345,SITE-E,England,Secondary,Supplied as goods,,2024-09-02
Plastic,REC-2760-Q4 2024-SITE-D-PL01,,ORG-12345,SITE-D,Northern Ireland,Shipment,Exported,,2024-08-13
Plastic,REC-2761-Q2 2024-SITE-E-PL01,2024-Q2,ORG-12345,SITE-E,England,Primary,Supplied as goods,,2024-02-07
Glass,REC-2762-2024-Q1-SITE-B-GL01,2024-Q1,ORG-12345,SITE-B,Scotland,Primary,Supplied as goods,,2024-05-26
Other,REC-2763-2024-Q3-SITE-B-OT01,2024-Q3,ORG-12345,SITE-B,Scotland,Shipment,Supplied as goods,,2024-05-20
Aluminium,REC-2764-2024-Q1-SITE-C-AL01,2024-Q1,ORG-12345,SITE-C,Wales,Primary,Supplied as goods,,2024-04-02
Paper/card,REC-2765-Q2 2024-SITE-A-PC01,2024-Q2,ORG-12345,SITE-A,England,Tertiary,Imported,,2024-06-08
Paper/card,REC-2766-Q4 2024-SITE-B-PC01,,ORG-12345,SITE-B,Scotland,Tertiary,Exported,,2024-09-29
Other,REC-2767-Q2 2024-SITE-E-OT01,2024-Q2,ORG-12345,SITE-E,England,Tertiary,Exported,,2024-04-22
Glass,REC-2768-Q4 2024-SITE-E-GL01,,ORG-12345,SITE-E,England,Secondary,Supplied as goods,,2024-01-18
Other,REC-2769-Q2 2024-SITE-A-OT01,2024-Q2,ORG-12345,SITE-A,England,Primary,Imported,,2024-06-01
Plastic,REC-2770-Q4 2024-SITE-E-PL02,,ORG-12345,SITE-E,England,Primary,Exported,,2024-11-23
Glass,REC-2771-Q2 2024-SITE-D-GL01,2024-Q2,ORG-12345,SITE-D,Northern Ireland,Primary,Supplied as goods,,2024-09-17
Wood,REC-2772-2024-Q1-SITE-A-WD01,2024-Q1,ORG-12345,SITE-A,England,Secondary,Exported,,2024-04-17
Steel,REC-2773-2024-Q1-SITE-C-ST01,2024-Q1,ORG-12345,SITE-C,Wales,Tertiary,Supplied as goods,,2024-03-22
Glass,REC-2774-Q4 2024-SITE-A-GL01,,ORG-12345,SITE-A,England,Secondary,Imported,,2024-05-12
Fibre-based composite,REC-2775-2024-Q3-SITE-D-FB01,2024-Q3,ORG-12345,SITE-D,Northern Ireland,Primary,Imported,,2024-12-21
Other,REC-2776-2024-Q1-SITE-B-OT01,2024-Q1,ORG-12345,SITE-B,Scotland,Tertiary,Imported,,2024-08-19
Plastic,REC-2777-2024-Q3-SITE-E-PL02,2024-Q3,ORG-12345,SITE-E,England,Secondary,Supplied as goods,,2024-03-25
Steel,REC-2778-2024-Q3-SITE-A-ST01,2024-Q3,ORG-12345,SITE-A,England,Primary,Supplied as goods,,2024-05-11
Paper/card,REC-2779-Q2 2024-SITE-B-PC01,2024-Q2,ORG-12345,SITE-B,Scotland,Secondary,Supplied as goods,,2024-11-07
Plastic,REC-2780-Q4 2024-SITE-E-PL02,,ORG-12345,SITE-E,England,Secondary,Supplied as goods,,2024-11-12
Wood,REC-2781-2024-Q3-SITE-C-WD01,2024-Q3,ORG-12345,SITE-C,Wales,Tertiary,Supplied as goods,,2024-04-02
Plastic,REC-2782-2024-Q1-SITE-C-PL02,2024-Q1,ORG-12345,SITE-C,Wales,Shipment,Exported,,2024-04-16
Plastic,REC-2783-Q4 2024-SITE-D-PL01,,ORG-12345,SITE-D,Northern Ireland,Secondary,Exported,,2024-07-28
Aluminium,REC-2784-2024-Q1-SITE-C-AL01,2024-Q1,ORG-12345,SITE-C,Wales,Primary,Supplied as goods,,2024-11-26
Plastic,REC-2785-2024-Q3-SITE-D-PL01,2024-Q3,ORG-12345,SITE-D,Northern Ireland,Primary,Imported,,2024-10-07
Paper/card,REC-2786-Q2 2024-SITE-E-PC01,2024-Q2,ORG-12345,SITE-E,England,Tertiary,Exported,,2024-10-18
Glass,REC-2787-Q4 2024-SITE-B-GL01,,ORG-12345,SITE-B,Scotland,Tertiary,Imported,,2024-01-24
Other,REC-2788-2024-Q3-SITE-C-OT01,2024-Q3,ORG-12345,SITE-C,Wales,Secondary,Imported,,2024-12-06
Paper/card,REC-2789-Q2 2024-SITE-B-PC01,2024-Q2,ORG-12345,SITE-B,Scotland,Tertiary,Imported,,2024-04-17
Paper/card,REC-2790-Q2 2024-SITE-D-PC01,2024-Q2,ORG-12345,SITE-D,Northern Ireland,Primary,Supplied as goods,,2024-08-30
Glass,REC-2791-2024-Q1-SITE-B-GL01,2024-Q1,ORG-12345,SITE-B,Scotland,Shipment,Imported,,2024-04-10
Glass,REC-2792-2024-Q1-SITE-E-GL01,2024-Q1,ORG-12345,SITE-E,England,Primary,Imported,,2024-11-20
Fibre-based composite,REC-2793-Q2 2024-SITE-A-FB01,2024-Q2,ORG-12345,SITE-A,England,Secondary,Supplied as goods,,2024-08-06
Plastic,REC-2794-2024-Q3-SITE-E-PL01,2024-Q3,ORG-12345,SITE-E,England,Secondary,Imported,,2024-04-23
Glass,REC-2795-Q2 2024-SITE-A-GL01,2024-Q2,ORG-12345,SITE-A,England,Primary,Imported,,2024-02-22
Plastic,REC-2796-Q2 2024-SITE-C-PL01,2024-Q2,ORG-12345,SITE-C,Wales,Tertiary,Supplied as goods,,2024-11-27
Glass,REC-2797-2024-Q1-SITE-A-GL01,2024-Q1,ORG-12345,SITE-A,England,Primary,Supplied as goods,,2024-05-07
Fibre-based composite,REC-2798-Q2 2024-SITE-A-FB01,2024-Q2,ORG-12345,SITE-A,England,Tertiary,Supplied as goods,,2024-09-19
Plastic,REC-2799-2024-Q1-SITE-D-PL01,2024-Q1,ORG-12345,SITE-D,Northern Ireland,Secondary,Imported,,2024-08-25
Glass,REC-2800-2024-Q1-SITE-A-GL01,2024-Q1,ORG-12345,SITE-A,England,Secondary,Imported,,2024-06-29
Aluminium,REC-2801-2024Q2-SITE-A-AL01,2024-Q2,ORG-12345,SITE-A,England,Secondary,Supplied as goods,,2024-12-17
Glass,REC-2802-Q4 2024-SITE-B-GL01,,ORG-12345,SITE-B,Scotland,Tertiary,Supplied as goods,,2024-01-21
Steel,REC-2803-Q2 2024-SITE-C-ST01,2024-Q2,ORG-12345,SITE-C,Wales,Primary,Exported,,2024-03-05
Fibre-based composite,REC-2804-Q2 2024-SITE-A-FB01,2024-Q2,ORG-12345,SITE-A,England,Secondary,Imported,,2024-04-15
Wood,REC-2805-Q4 2024-SITE-D-WD01,,ORG-12345,SITE-D,Northern Ireland,Secondary,Exported,,2024-08-18
Aluminium,REC-2806-2024-Q1-SITE-E-AL01,2024-Q1,ORG-12345,SITE-E,England,Tertiary,Imported,,2024-08-21
Plastic,REC-2807-Q4 2024-SITE-E-PL02,,ORG-12345,SITE-E,England,Secondary,Imported,,2024-03-15
Wood,REC-2808-Q2 2024-SITE-C-WD01,2024-Q2,ORG-12345,SITE-C,Wales,Shipment,Exported,,2024-04-10
Steel,REC-2809-2024-Q1-SITE-C-ST01,2024-Q1,ORG-12345,SITE-C,Wales,Shipment,Supplied as goods,,2024-04-10
Aluminium,REC-2810-Q4 2024-SITE-B-AL01,,ORG-12345,SITE-B,Scotland,Secondary,Imported,,2024-05-24
Wood,REC-2811-2024-Q3-SITE-E-WD01,2024-Q3,ORG-12345,SITE-E,England,Shipment,Supplied as goods,,2024-05-09
Fibre-based composite,REC-2812-Q4 2024-SITE-C-FB01,,ORG-12345,SITE-C,Wales,Tertiary,Supplied as goods,,2024-04-25
Other,REC-2813-2024-Q1-SITE-A-OT01,2024-Q1,ORG-12345,SITE-A,England,Secondary,Exported,,2024-07-06
Aluminium,REC-2814-2024-Q3-SITE-D-AL01,2024-Q3,ORG-12345,SITE-D,Northern Ireland,Shipment,Imported,,2024-03-01
,REC-2815-Q2 2024-SITE-A-UNKNOWN,2024-Q2,ORG-12345,SITE-A,England,Tertiary,Imported,,2024-10-14
Plastic,REC-2816-Q4 2024-SITE-D-PL02,,ORG-12345,SITE-D,Northern Ireland,Secondary,Exported,,2024-03-03
Steel,REC-2817-Q2 2024-SITE-Z-ST01,2024-Q2,ORG-12345,SITE-Z,,Primary,Imported,,2024-02-10
Fibre-based composite,REC-2818-Q4 2024-SITE-C-FB01,,ORG-12345,SITE-C,Wales,Tertiary,Imported,,2024-08-14
Wood,REC-2819-2024-Q1-SITE-D-WD01,2024-Q1,ORG-12345,SITE-D,Northern Ireland,Primary,Exported,,2024-12-17
Steel,REC-2820-Q2 2024-SITE-A-ST01,2024-Q2,ORG-12345,SITE-A,England,Tertiary,Supplied as goods,,2024-09-14
Glass,REC-2821-2024-Q1-SITE-C-GL01,2024-Q1,ORG-12345,SITE-C,Wales,Shipment,Supplied as goods,,2024-09-03
Other,REC-2822-Q4 2024-SITE-C-OT01,,ORG-12345,SITE-C,Wales,Secondary,Supplied as goods,,2024-02-01
Paper/card,REC-2823-Q4 2024-SITE-C-PC01,,ORG-12345,SITE-C,Wales,Primary,Supplied as goods,,2024-10-01
Aluminium,REC-2824-2024-Q1-SITE-B-AL01,2024-Q1,ORG-12345,SITE-B,Scotland,Primary,Supplied as goods,,2024-09-12
Plastic,REC-2825-Q4 2024-SITE-D-PL02,,ORG-12345,SITE-D,Northern Ireland,Shipment,Supplied as goods,,2024-11-04
Steel,REC-2826-Q4 2024-SITE-E-ST01,,ORG-12345,SITE-E,England,Tertiary,Supplied as goods,,2024-05-05
Other,REC-2827-Q4 2024-SITE-D-OT01,,ORG-12345,SITE-D,Northern Ireland,Tertiary,Imported,,2024-11-03
Fibre-based composite,REC-2828-Q4 2024-SITE-E-FB01,,ORG-12345,SITE-E,England,Primary,Imported,,2024-01-27
Paper/card,REC-2829-Q2 2024-SITE-C-PC01,2024-Q2,ORG-12345,SITE-C,Wales,Tertiary,Exported,,2024-03-15
Wood,REC-2830-Q4 2024-SITE-A-WD01,,ORG-12345,SITE-A,England,Primary,Imported,,2024-08-28
Plastic,REC-2831-Q4 2024-SITE-A-PL01,,ORG-12345,SITE-A,England,Secondary,Imported,,2024-11-05
Plastic,REC-2832-2024-Q1-SITE-E-PL01,2024-Q1,ORG-12345,SITE-E,England,Secondary,Supplied as goods,,2024-10-31
Other,REC-2833-2024-Q3-SITE-D-OT01,2024-Q3,ORG-12345,SITE-D,Northern Ireland,Primary,Imported,,2024-05-13
Wood,REC-2834-Q4 2024-SITE-E-WD01,,ORG-12345,SITE-E,England,Primary,Imported,,2024-11-22
Steel,REC-2835-Q2 2024-SITE-A-ST01,2024-Q2,ORG-12345,SITE-A,England,Primary,Imported,,2025-01-05
Other,REC-2836-2024-Q3-SITE-B-OT01,2024-Q3,ORG-12345,SITE-B,Scotland,Tertiary,Exported,,2024-12-31
Plastic,REC-2837-2024-Q1-SITE-D-PL01,2024-Q1,ORG-12345,SITE-D,Northern Ireland,Primary,Imported,,2024-11-16
Glass,REC-2838-2024-Q1-SITE-B-GL01,2024-Q1,ORG-12345,SITE-B,Scotland,Primary,Exported,,2024-05-26
Other,REC-2839-2024-Q1-SITE-B-OT01,2024-Q1,ORG-12345,SITE-B,Scotland,Primary,Imported,,2024-03-30
Plastic,REC-2840-2024-Q1-SITE-D-PL02,2024-Q1,ORG-12345,SITE-D,Northern Ireland,Secondary,Exported,,2024-12-04
Fibre-based composite,REC-2841-2024-Q1-SITE-C-FB01,2024-Q1,ORG-12345,SITE-C,Wales,Tertiary,Imported,,2024-07-27
Steel,REC-2842-2024-Q1-SITE-E-ST01,2024-Q1,ORG-12345,SITE-E,England,Tertiary,Exported,,2024-01-15
Aluminium,REC-2843-Q2 2024-SITE-E-AL01,2024-Q2,ORG-12345,SITE-E,England,Secondary,Supplied as goods,,2024-12-02
Steel,REC-2844-2024-Q1-SITE-A-ST01,2024-Q1,ORG-12345,SITE-A,England,Primary,Imported,,2024-12-07
Plastic,REC-2845-Q4 2024-SITE-E-PL02,,ORG-12345,SITE-E,England,Secondary,Supplied as goods,,2024-04-13
Steel,REC-2846-2024-Q1-SITE-A-ST01,2024-Q1,ORG-12345,SITE-A,England,Tertiary,Imported,,2024-03-30
Other,REC-2847-Q2 2024-SITE-E-OT01,2024-Q2,ORG-12345,SITE-E,England,Shipment,Exported,,2024-12-11
Wood,REC-2848-2024-Q1-SITE-E-WD01,2024-Q1,ORG-12345,SITE-E,England,Tertiary,Imported,,2024-11-13
Plastic,REC-2849-Q2 2024-SITE-A-PL02,2024-Q2,ORG-12345,SITE-A,England,Tertiary,Exported,,2024-08-09
Fibre-based composite,REC-2850-Q2 2024-SITE-A-FB01,2024-Q2,ORG-12345,SITE-A,England,Primary,Supplied as goods,,2024-03-16
Wood,REC-2851-Q2 2024-SITE-D-WD01,2024-Q2,ORG-12345,SITE-D,Northern Ireland,Primary,Exported,,2024-05-29
Steel,REC-2852-2024-Q3-SITE-B-ST01,2024-Q3,ORG-12345,SITE-B,Scotland,Secondary,Supplied as goods,,2024-10-08
Wood,REC-2853-2024-Q3-SITE-B-WD01,2024-Q3,ORG-12345,SITE-B,Scotland,Primary,Supplied as goods,,2024-12-16
Paper/card,REC-2854-Q2 2024-SITE-B-PC01,2024-Q2,ORG-12345,SITE-B,Scotland,Primary,Imported,,2024-07-19
Aluminium,REC-2855-Q4 2024-SITE-E-AL01,,ORG-12345,SITE-E,England,Primary,Supplied as goods,,2025-01-09
Plastic,REC-2856-Q2 2024-SITE-A-PL01,2024-Q2,ORG-12345,SITE-A,England,Primary,Exported,,2024-05-18
Fibre-based composite,REC-2857-2024-Q3-SITE-A-FB01,2024-Q3,ORG-12345,SITE-A,England,Secondary,Supplied as goods,,2024-05-07
Fibre-based composite,REC-2858-2024-Q3-SITE-C-FB01,2024-Q3,ORG-12345,SITE-C,Wales,Secondary,Exported,,2024-01-23
Aluminium,REC-2859-Q2 2024-SITE-E-AL01,2024-Q2,ORG-12345,SITE-E,England,Tertiary,Imported,,2024-07-13
Wood,REC-2860-Q4 2024-SITE-D-WD01,,ORG-12345,SITE-D,Northern Ireland,Secondary,Supplied as goods,,2024-04-25
Glass,REC-2861-Q4 2024-SITE-D-GL01,,ORG-12345,SITE-D,Northern Ireland,Primary,Imported,,2024-11-09
Plastic,REC-2862-Q2 2024-SITE-B-PL02,2024-Q2,ORG-12345,SITE-B,Scotland,Primary,Imported,,2024-02-09
Steel,REC-2863-Q4 2024-SITE-B-ST01,,ORG-12345,SITE-B,Scotland,Primary,Exported,,2024-11-27
Glass,REC-2864-Q4 2024-SITE-D-GL01,,ORG-12345,SITE-D,Northern Ireland,Primary,Imported,,2024-04-20
Paper/card,REC-2865-Q2 2024-SITE-E-PC01,2024-Q2,ORG-12345,SITE-E,England,Secondary,Exported,,2024-06-27
Other,REC-2866-Q4 2024-SITE-E-OT01,,ORG-12345,SITE-E,England,Tertiary,Imported,,2024-09-24
Wood,REC-2867-2024-Q3-SITE-A-WD01,2024-Q3,ORG-12345,SITE-A,England,Shipment,Supplied as goods,,2024-05-20
Steel,REC-2868-Q2 2024-SITE-E-ST01,2024-Q2,ORG-12345,SITE-E,England,Shipment,Supplied as goods,,2024-06-30
Aluminium,REC-2869-Q2 2024-SITE-B-AL01,2024-Q2,ORG-12345,SITE-B,Scotland,Shipment,Exported,,2024-01-20
Plastic,REC-2870-Q4 2024-SITE-D-PL01,,ORG-12345,SITE-D,Northern Ireland,Primary,Supplied as goods,,2024-11-25
Plastic,REC-2871-2024-Q3-SITE-A-PL02,2024-Q3,ORG-12345,SITE-A,England,Tertiary,Imported,,2024-10-29
Plastic,REC-2872-Q4 2024-SITE-E-PL02,,ORG-12345,SITE-E,England,Primary,Imported,,2024-04-01
Other,REC-2873-Q4 2024-SITE-C-OT01,,ORG-12345,SITE-C,Wales,Secondary,Supplied as goods,,2024-04-05
Glass,REC-2874-Q2 2024-SITE-A-GL01,2024-Q2,ORG-12345,SITE-A,England,Secondary,Supplied as goods,,2024-07-05
Aluminium,REC-2875-2024-Q1-SITE-D-AL01,2024-Q1,ORG-12345,SITE-D,Northern Ireland,Primary,Exported,,2024-05-27
Other,REC-2876-Q4 2024-SITE-C-OT01,,ORG-12345,SITE-C,Wales,Shipment,Imported,,2024-03-22
Plastic,REC-2877-Q4 2024-SITE-A-PL01,,ORG-12345,SITE-A,England,Primary,Imported,,2024-08-11
Fibre-based composite,REC-2878-Q2 2024-SITE-D-FB01,2024-Q2,ORG-12345,SITE-D,Northern Ireland,Primary,Exported,,2024-12-08
Steel,REC-2879-2024-Q3-SITE-D-ST01,2024-Q3,ORG-12345,SITE-D,Northern Ireland,Tertiary,Supplied as goods,,2024-04-07
Paper/card,REC-2880-2024-Q3-SITE-E-PC01,2024-Q3,ORG-12345,SITE-E,England,Primary,Supplied as goods,,2024-03-04
Plastic,REC-2881-2024-Q1-SITE-B-PL01,2024-Q1,ORG-12345,SITE-B,Scotland,Primary,Imported,,2024-07-12
Plastic,REC-2882-Q2 2024-SITE-A-PL01,2024-Q2,ORG-12345,SITE-A,England,Primary,Imported,,2024-07-03
Plastic,REC-2883-Q4 2024-SITE-B-PL02,,ORG-12345,SITE-B,Scotland,Shipment,Supplied as goods,,2024-04-21
Steel,REC-2884-Q4 2024-SITE-C-ST01,,ORG-12345,SITE-C,Wales,Tertiary,Supplied as goods,,2024-10-22
Plastic,REC-2885-Q4 2024-SITE-D-PL01,,ORG-12345,SITE-D,Northern Ireland,Tertiary,Imported,,2024-05-09
Paper/card,REC-2886-2024-Q3-SITE-D-PC01,2024-Q3,ORG-12345,SITE-D,Northern Ireland,Primary,Supplied as goods,,2024-11-21
Plastic,REC-2887-Q4 2024-SITE-A-PL02,,ORG-12345,SITE-A,England,Tertiary,Imported,,2024-05-16
Glass,REC-2888-2024-Q3-SITE-C-GL01,2024-Q3,ORG-12345,SITE-C,Wales,Tertiary,Exported,,2024-04-22
Steel,REC-2889-2024-Q1-SITE-E-ST01,2024-Q1,ORG-12345,SITE-E,England,Primary,Exported,,2024-07-10
Other,REC-2890-Q4 2024-SITE-C-OT01,,ORG-12345,SITE-C,Wales,Tertiary,Supplied as goods,,2024-06-01
Fibre-based composite,REC-2891-2024-Q1-SITE-D-FB01,2024-Q1,ORG-12345,SITE-D,Northern Ireland,Tertiary,Imported,,2024-09-22
Wood,REC-2892-2024-Q3-SITE-A-WD01,2024-Q3,ORG-12345,SITE-A,England,Primary,Supplied as goods,,2024-06-22
Plastic,REC-2893-Q2 2024-SITE-E-PL02,2024-Q2,ORG-12345,SITE-E,England,Shipment,Imported,,2024-02-25
Other,REC-2894-Q2 2024-SITE-D-OT01,2024-Q2,ORG-12345,SITE-D,Northern Ireland,Primary,Exported,,2024-02-04
Aluminium,REC-2895-2024-Q1-SITE-C-AL01,2024-Q1,ORG-12345,SITE-C,Wales,Shipment,Imported,,2024-08-29
Other,REC-2896-2024-Q3-SITE-B-OT01,2024-Q3,ORG-12345,SITE-B,Scotland,Shipment,Supplied as goods,,2024-07-28
Steel,REC-2897-Q2 2024-SITE-B-ST01,2024-Q2,ORG-12345,SITE-B,Scotland,Tertiary,Imported,,2024-08-15
Glass,REC-2898-2024-Q3-SITE-C-GL01,2024-Q3,ORG-12345,SITE-C,Wales,Primary,Supplied as goods,,2024-09-28
Other,REC-2899-Q2 2024-SITE-A-OT01,2024-Q2,ORG-12345,SITE-A,England,Primary,Imported,,2024-12-27
Plastic,REC-2900-2024-Q1-SITE-B-PL02,2024-Q1,ORG-12345,SITE-B,Scotland,Shipment,Exported,,2024-04-26
Glass,REC-2901-2024Q2-SITE-C-GL01,2024-Q2,ORG-12345,SITE-C,Wales,Tertiary,Imported,,2024-07-06
Other,REC-2902-Q2 2024-SITE-B-OT01,2024-Q2,ORG-12345,SITE-B,Scotland,Primary,Imported,,2024-03-16
Plastic,REC-2903-Q2 2024-SITE-D-PL02,2024-Q2,ORG-12345,SITE-D,Northern Ireland,Primary,Exported,,2024-01-24
Paper/card,REC-2904-Q4 2024-SITE-D-PC01,,ORG-12345,SITE-D,Northern Ireland,Primary,Exported,,2024-07-19
Steel,REC-2905-Q2 2024-SITE-E-ST01,2024-Q2,ORG-12345,SITE-E,England,Secondary,Imported,,2024-04-24
Plastic,REC-2906-2024-Q3-SITE-E-PL02,2024-Q3,ORG-12345,SITE-E,England,Secondary,Supplied as goods,,2024-05-18
Steel,REC-2907-Q4 2024-SITE-B-ST01,,ORG-12345,SITE-B,Scotland,Secondary,Imported,,2024-03-15
Paper/card,REC-2908-Q2 2024-SITE-C-PC01,2024-Q2,ORG-12345,SITE-C,Wales,Tertiary,Exported,,2024-03-25
Fibre-based composite,REC-2909-2024-Q3-SITE-B-FB01,2024-Q3,ORG-12345,SITE-B,Scotland,Primary,Exported,,2024-10-25
Wood,REC-2910-2024-Q3-SITE-A-WD01,2024-Q3,ORG-12345,SITE-A,England,Primary,Supplied as goods,,2024-08-03
Aluminium,REC-2911-2024-Q3-SITE-A-AL01,2024-Q3,ORG-12345,SITE-A,England,Primary,Imported,,2024-03-21
Other,REC-2912-2024-Q1-SITE-C-OT01,2024-Q1,ORG-12345,SITE-C,Wales,Tertiary,Supplied as goods,,2024-10-20
Plastic,REC-2913-2024-Q1-SITE-B-PL02,2024-Q1,ORG-12345,SITE-B,Scotland,Primary,Supplied as goods,,2024-05-15
Plastic,REC-2914-Q2 2024-SITE-C-PL01,2024-Q2,ORG-12345,SITE-C,Wales,Primary,Imported,,2024-04-26
,REC-2915-2024-Q1-SITE-B-UNKNOWN,2024-Q1,ORG-12345,SITE-B,Scotland,Tertiary,Imported,,2024-12-12
Glass,REC-2916-Q2 2024-SITE-A-GL01,2024-Q2,ORG-12345,SITE-A,England,Secondary,Supplied as goods,,2024-07-11
Wood,REC-2917-Q2 2024-SITE-Z-WD01,2024-Q2,ORG-12345,SITE-Z,,Secondary,Exported,,2024-06-26
Steel,REC-2918-2024-Q3-SITE-C-ST01,2024-Q3,ORG-12345,SITE-C,Wales,Tertiary,Exported,,2024-10-04
Plastic,REC-2919-Q4 2024-SITE-E-PL02,,ORG-12345,SITE-E,England,Primary,Exported,,2024-12-02
Paper/card,REC-2920-Q4 2024-SITE-C-PC01,,ORG-12345,SITE-C,Wales,Shipment,Supplied as goods,,2024-04-04
Glass,REC-2921-Q4 2024-SITE-D-GL01,,ORG-12345,SITE-D,Northern Ireland,Shipment,Exported,,2024-06-24
Fibre-based composite,REC-2922-Q4 2024-SITE-A-FB01,,ORG-12345,SITE-A,England,Secondary,Supplied as goods,,2024-06-21
Other,REC-2923-Q2 2024-SITE-D-OT01,2024-Q2,ORG-12345,SITE-D,Northern Ireland,Secondary,Supplied as goods,,2024-08-09
Plastic,REC-2924-2024-Q3-SITE-C-PL01,2024-Q3,ORG-12345,SITE-C,Wales,Primary,Supplied as goods,,2024-02-20
Paper/card,REC-2925-2024-Q1-SITE-B-PC01,2024-Q1,ORG-12345,SITE-B,Scotland,Primary,Exported,,2024-09-25
Plastic,REC-2926-2024-Q1-SITE-E-PL02,2024-Q1,ORG-12345,SITE-E,England,Secondary,Imported,,2024-03-21
Glass,REC-2927-2024-Q3-SITE-E-GL01,2024-Q3,ORG-12345,SITE-E,England,Secondary,Imported,,2024-08-28
Steel,REC-2928-Q2 2024-SITE-C-ST01,2024-Q2,ORG-12345,SITE-C,Wales,Primary,Exported,,2024-12-28
Paper/card,REC-2929-2024-Q1-SITE-D-PC01,2024-Q1,ORG-12345,SITE-D,Northern Ireland,Tertiary,Imported,,2024-02-24
Other,REC-2930-Q4 2024-SITE-C-OT01,,ORG-12345,SITE-C,Wales,Tertiary,Exported,,2024-05-03
Fibre-based composite,REC-2931-2024-Q3-SITE-B-FB01,2024-Q3,ORG-12345,SITE-B,Scotland,Secondary,Imported,,2024-11-20
Wood,REC-2932-2024-Q1-SITE-D-WD01,2024-Q1,ORG-12345,SITE-D,Northern Ireland,Secondary,Exported,,2024-12-31
Wood,REC-2933-2024-Q1-SITE-D-WD01,2024-Q1,ORG-12345,SITE-D,Northern Ireland,Primary,Supplied as goods,,2024-05-29
Aluminium,REC-2934-Q2 2024-SITE-E-AL01,2024-Q2,ORG-12345,SITE-E,England,Tertiary,Supplied as goods,,2024-01-28
Paper/card,REC-2935-Q4 2024-SITE-B-PC01,,ORG-12345,SITE-B,Scotland,Secondary,Imported,,2024-12-29
Glass,REC-2936-2024-Q3-SITE-C-GL01,2024-Q3,ORG-12345,SITE-C,Wales,Primary,Exported,,2024-04-19
Other,REC-2937-Q4 2024-SITE-D-OT01,,ORG-12345,SITE-D,Northern Ireland,Primary,Imported,,2024-11-26
Glass,REC-2938-Q2 2024-SITE-E-GL01,2024-Q2,ORG-12345,SITE-E,England,Secondary,Supplied as goods,,2024-10-14
Paper/card,REC-2939-2024-Q1-SITE-B-PC01,2024-Q1,ORG-12345,SITE-B,Scotland,Tertiary,Supplied as goods,,2024-03-03
Steel,REC-2940-Q2 2024-SITE-B-ST01,2024-Q2,ORG-12345,SITE-B,Scotland,Tertiary,Supplied as goods,,2024-06-05
Steel,REC-2941-Q2 2024-SITE-A-ST01,2024-Q2,ORG-12345,SITE-A,England,Primary,Supplied as goods,,2024-01-19
Wood,REC-2942-2024-Q3-SITE-C-WD01,2024-Q3,ORG-12345,SITE-C,Wales,Secondary,Imported,,2024-08-01
Plastic,REC-2943-Q2 2024-SITE-B-PL01,2024-Q2,ORG-12345,SITE-B,Scotland,Secondary,Imported,,2024-01-30
Plastic,REC-2944-Q2 2024-SITE-B-PL01,2024-Q2,ORG-12345,SITE-B,Scotland,Tertiary,Imported,,2024-08-23
Glass,REC-2945-Q2 2024-SITE-B-GL01,2024-Q2,ORG-12345,SITE-B,Scotland,Primary,Imported,,2024-08-14
Other,REC-2946-Q4 2024-SITE-C-OT01,,ORG-12345,SITE-C,Wales,Tertiary,Supplied as goods,,2024-08-28
Plastic,REC-2947-2024-Q1-SITE-D-PL01,2024-Q1,ORG-12345,SITE-D,Northern Ireland,Primary,Exported,,2024-11-24
Paper/card,REC-2948-2024-Q3-SITE-B-PC01,2024-Q3,ORG-12345,SITE-B,Scotland,Primary,Exported,,2024-02-03
Wood,REC-2949-Q4 2024-SITE-B-WD01,,ORG-12345,SITE-B,Scotland,Tertiary,Exported,,2024-01-24
Fibre-based composite,REC-2950-Q4 2024-SITE-D-FB01,,ORG-12345,SITE-D,Northern Ireland,Secondary,Imported,,2024-07-23
Plastic,REC-2951-Q2 2024-SITE-A-PL01,2024-Q2,ORG-12345,SITE-A,England,Tertiary,Imported,,2024-08-09
Aluminium,REC-2952-2024-Q3-SITE-D-AL01,2024-Q3,ORG-12345,SITE-D,Northern Ireland,Tertiary,Exported,,2024-02-20
Steel,REC-2953-Q2 2024-SITE-E-ST01,2024-Q2,ORG-12345,SITE-E,England,Shipment,Imported,,2024-10-08
Aluminium,REC-2954-2024-Q3-SITE-E-AL01,2024-Q3,ORG-12345,SITE-E,England,Shipment,Exported,,2024-02-23
Steel,REC-2955-2024-Q3-SITE-E-ST01,2024-Q3,ORG-12345,SITE-E,England,Shipment,Exported,,2024-01-22
Steel,REC-2956-Q4 2024-SITE-B-ST01,,ORG-12345,SITE-B,Scotland,Shipment,Exported,,2024-06-14
Aluminium,REC-2957-2024-Q1-SITE-D-AL01,2024-Q1,ORG-12345,SITE-D,Northern Ireland,Primary,Supplied as goods,,2024-03-06
Glass,REC-2958-2024-Q3-SITE-A-GL01,2024-Q3,ORG-12345,SITE-A,England,Tertiary,Exported,,2024-06-10
Other,REC-2959-Q2 2024-SITE-A-OT01,2024-Q2,ORG-12345,SITE-A,England,Secondary,Supplied as goods,,2024-09-01
Fibre-based composite,REC-2960-Q2 2024-SITE-B-FB01,2024-Q2,ORG-12345,SITE-B,Scotland,Tertiary,Exported,,2024-10-12
Steel,REC-2961-Q4 2024-SITE-C-ST01,,ORG-12345,SITE-C,Wales,Secondary,Imported,,2024-09-07
Other,REC-2962-Q2 2024-SITE-B-OT01,2024-Q2,ORG-12345,SITE-B,Scotland,Tertiary,Imported,,2024-10-10
Other,REC-2963-Q4 2024-SITE-A-OT01,,ORG-12345,SITE-A,England,Tertiary,Imported,,2024-02-09
Fibre-based composite,REC-2964-2024-Q3-SITE-C-FB01,2024-Q3,ORG-12345,SITE-C,Wales,Tertiary,Supplied as goods,,2024-06-19
Wood,REC-2965-2024-Q1-SITE-D-WD01,2024-Q1,ORG-12345,SITE-D,Northern Ireland,Tertiary,Exported,,2024-06-29
Other,REC-2966-Q4 2024-SITE-E-OT01,,ORG-12345,SITE-E,England,Secondary,Exported,,2024-12-27
Other,REC-2967-Q2 2024-SITE-B-OT01,2024-Q2,ORG-12345,SITE-B,Scotland,Primary,Supplied as goods,,2024-03-16
Plastic,REC-2968-2024-Q1-SITE-D-PL01,2024-Q1,ORG-12345,SITE-D,Northern Ireland,Tertiary,Exported,,2024-08-07
Glass,REC-2969-Q4 2024-SITE-C-GL01,,ORG-12345,SITE-C,Wales,Primary,Supplied as goods,,2024-09-30
Fibre-based composite,REC-2970-2024-Q3-SITE-C-FB01,2024-Q3,ORG-12345,SITE-C,Wales,Secondary,Imported,,2024-09-23
Paper/card,REC-2971-2024-Q1-SITE-C-PC01,2024-Q1,ORG-12345,SITE-C,Wales,Primary,Supplied as goods,,2024-02-10
Fibre-based composite,REC-2972-Q2 2024-SITE-E-FB01,2024-Q2,ORG-12345,SITE-E,England,Shipment,Imported,,2024-12-29
Plastic,REC-2973-2024-Q3-SITE-C-PL01,2024-Q3,ORG-12345,SITE-C,Wales,Secondary,Supplied as goods,,2024-04-02
Glass,REC-2974-2024-Q1-SITE-C-GL01,2024-Q1,ORG-12345,SITE-C,Wales,Secondary,Imported,,2024-04-27
Aluminium,REC-2975-Q2 2024-SITE-A-AL01,2024-Q2,ORG-12345,SITE-A,England,Shipment,Imported,,2024-09-11
Plastic,REC-2976-Q2 2024-SITE-D-PL01,2024-Q2,ORG-12345,SITE-D,Northern Ireland,Tertiary,Supplied as goods,,2024-11-28
Steel,REC-2977-Q4 2024-SITE-E-ST01,,ORG-12345,SITE-E,England,Tertiary,Imported,,2024-04-12
Plastic,REC-2978-Q2 2024-SITE-E-PL01,2024-Q2,ORG-12345,SITE-E,England,Tertiary,Exported,,2024-11-21
Steel,REC-2979-Q4 2024-SITE-E-ST01,,ORG-12345,SITE-E,England,Tertiary,Supplied as goods,,2024-02-17
Wood,REC-2980-2024-Q3-SITE-B-WD01,2024-Q3,ORG-12345,SITE-B,Scotland,Shipment,Imported,,2024-04-02
Other,REC-2981-2024-Q3-SITE-E-OT01,2024-Q3,ORG-12345,SITE-E,England,Secondary,Supplied as goods,,2024-01-21
Steel,REC-2982-Q4 2024-SITE-D-ST01,,ORG-12345,SITE-D,Northern Ireland,Secondary,Supplied as goods,,2024-10-01
Plastic,REC-2983-2024-Q3-SITE-E-PL01,2024-Q3,ORG-12345,SITE-E,England,Shipment,Imported,,2024-01-24
Paper/card,REC-2984-Q4 2024-SITE-B-PC01,,ORG-12345,SITE-B,Scotland,Shipment,Exported,,2024-04-10
Steel,REC-2985-2024-Q1-SITE-B-ST01,2024-Q1,ORG-12345,SITE-B,Scotland,Secondary,Supplied as goods,,2024-10-12
Glass,REC-2986-Q2 2024-SITE-D-GL01,2024-Q2,ORG-12345,SITE-D,Northern Ireland,Secondary,Exported,,2024-04-02
Plastic,REC-2987-Q4 2024-SITE-D-PL01,,ORG-12345,SITE-D,Northern Ireland,Primary,Supplied as goods,,2024-10-13
Fibre-based composite,REC-2988-2024-Q1-SITE-C-FB01,2024-Q1,ORG-12345,SITE-C,Wales,Secondary,Imported,,2024-08-19
Steel,REC-2989-Q2 2024-SITE-A-ST01,2024-Q2,ORG-12345,SITE-A,England,Tertiary,Exported,,2024-06-26
Other,REC-2990-Q4 2024-SITE-A-OT01,,ORG-12345,SITE-A,England,Tertiary,Imported,,2024-05-19
Aluminium,REC-2991-Q4 2024-SITE-E-AL01,,ORG-12345,SITE-E,England,Primary,Imported,,2024-11-28
Steel,REC-2992-Q2 2024-SITE-C-ST01,2024-Q2,ORG-12345,SITE-C,Wales,Primary,Imported,,2024-08-29
Aluminium,REC-2993-Q2 2024-SITE-E-AL01,2024-Q2,ORG-12345,SITE-E,England,Tertiary,Supplied as goods,,2024-12-08
Plastic,REC-2994-Q2 2024-SITE-D-PL02,2024-Q2,ORG-12345,SITE-D,Northern Ireland,Secondary,Supplied as goods,,2024-03-30
Fibre-based composite,REC-2995-2024-Q1-SITE-D-FB01,2024-Q1,ORG-12345,SITE-D,Northern Ireland,Tertiary,Imported,,2024-04-02
Aluminium,REC-2996-2024-Q1-SITE-D-AL01,2024-Q1,ORG-12345,SITE-D,Northern Ireland,Primary,Imported,,2024-11-29
Other,REC-2997-Q4 2024-SITE-B-OT01,,ORG-12345,SITE-B,Scotland,Shipment,Supplied as goods,,2024-11-03
Plastic,REC-2998-2024-Q3-SITE-C-PL01,2024-Q3,ORG-12345,SITE-C,Wales,Primary,Exported,,2024-10-18
Wood,REC-2999-Q4 2024-SITE-D-WD01,,ORG-12345,SITE-D,Northern Ireland,Primary,Exported,,2024-06-28
Steel,REC-3000-2024-Q3-SITE-D-ST01,2024-Q3,ORG-12345,SITE-D,Northern Ireland,Primary,Exported,,2024-04-27
