submission_id,reporting_period,organisation_id,site_id,nation,packaging_material,packaging_class,activity,weight_tonnes,submission_date
REC-0001-2024Q2-SITE-B-PL02,2024-Q2,ORG-12345,SITE-B,Scotland,Plastic,Primary,Exported,1.4114000000000002,2024-10-20
REC-0002-Q2 2024-SITE-B-PL02,2024-Q2,ORG-12345,SITE-B,Scotland,Plastic,Shipment,Imported,0.20732,2024-11-18
REC-0003-Q4 2024-SITE-B-PL01,,ORG-12345,SITE-B,Scotland,Plastic,Primary,Supplied as goods,3594.3,2024-06-05
REC-0004-Q2 2024-SITE-C-PL01,2024-Q2,ORG-12345,SITE-C,Wales,Plastic,Tertiary,Supplied as goods,3505.79,2024-07-05
REC-0005-2024-Q3-SITE-E-PL02,2024-Q3,ORG-12345,SITE-E,England,Plastic,Primary,Imported,0.52875,2024-09-06
REC-0006-2024-Q3-SITE-E-OT01,2024-Q3,ORG-12345,SITE-E,England,Other,Primary,Imported,440.06,2024-04-22
REC-0007-Q2 2024-SITE-A-PL02,2024-Q2,ORG-12345,SITE-A,England,Plastic,Primary,Exported,1178.1,2024-03-15
REC-0008-2024-Q3-SITE-C-ST01,2024-Q3,ORG-12345,SITE-C,Wales,Steel,Secondary,Exported,4.178850000000001,2024-12-23
REC-0009-Q2 2024-SITE-E-ST01,2024-Q2,ORG-12345,SITE-E,England,Steel,Tertiary,Exported,3.2577800000000003,2024-09-07
REC-0010-2024-Q1-SITE-C-FB01,2024-Q1,ORG-12345,SITE-C,Wales,Fibre-based composite,Secondary,Exported,3.4564000000000004,2024-01-31
REC-0011-Q4 2024-SITE-B-PC01,,ORG-12345,SITE-B,Scotland,Paper/card,Secondary,Imported,377.63,2024-12-09
REC-0012-Q4 2024-SITE-E-WD01,,ORG-12345,SITE-E,England,Wood,Primary,Imported,741.17,2024-08-06
REC-0013-2024-Q1-SITE-A-PC01,2024-Q1,ORG-12345,SITE-A,England,Paper/card,Primary,Supplied as goods,,2024-12-01
REC-0014-Q4 2024-SITE-D-GL01,,ORG-12345,SITE-D,Northern Ireland,Glass,Tertiary,Exported,2.1396900000000003,2024-09-10
REC-0015-2024-Q3-SITE-A-UNKNOWN,2024-Q3,ORG-12345,SITE-A,England,,Secondary,Exported,4.31086,2024-07-07
REC-0016-Q2 2024-SITE-C-PL02,2024-Q2,ORG-12345,SITE-C,Wales,Plastic,Secondary,Imported,0.8328800000000001,2024-03-09
REC-0017-2024-Q3-SITE-Z-ST01,2024-Q3,ORG-12345,SITE-Z,,Steel,Tertiary,Exported,2.5629299999999997,2024-10-17
REC-0018-2024-Q3-SITE-A-OT01,2024-Q3,ORG-12345,SITE-A,England,Other,Primary,Exported,1.6545699999999999,2024-05-16
REC-0019-2024-Q1-SITE-D-PL01,2024-Q1,ORG-12345,SITE-D,Northern Ireland,Plastic,Primary,Exported,4.7374,2024-03-19
REC-0020-Q4 2024-SITE-C-GL01,,ORG-12345,SITE-C,Wales,Glass,Tertiary,Imported,4.7368999999999994,2024-10-17
REC-0021-Q4 2024-SITE-D-AL01,,ORG-12345,SITE-D,Northern Ireland,Aluminium,Tertiary,Imported,2025.01,2024-05-20
REC-0022-Q2 2024-SITE-E-AL01,2024-Q2,ORG-12345,SITE-E,England,Aluminium,Primary,Imported,0.15412,2024-02-20
REC-0023-Q2 2024-SITE-A-PL01,2024-Q2,ORG-12345,SITE-A,England,Plastic,Primary,Supplied as goods,4531.83,2024-12-22
REC-0024-Q4 2024-SITE-B-WD01,,ORG-12345,SITE-B,Scotland,Wood,Primary,Exported,704.94,2024-04-21
REC-0025-Q4 2024-SITE-D-PL02,,ORG-12345,SITE-D,Northern Ireland,Plastic,Primary,Exported,2183.7,2024-02-11
REC-0026-Q2 2024-SITE-B-PL02,2024-Q2,ORG-12345,SITE-B,Scotland,Plastic,Primary,Imported,3.65466,2024-10-15
REC-0027-2024-Q1-SITE-B-WD01,2024-Q1,ORG-12345,SITE-B,Scotland,Wood,Primary,Imported,958.27,2024-10-22
REC-0028-Q2 2024-SITE-A-PL02,2024-Q2,ORG-12345,SITE-A,England,Plastic,Primary,Exported,4.99645,2024-08-10
REC-0029-Q4 2024-SITE-B-WD01,,ORG-12345,SITE-B,Scotland,Wood,Secondary,Supplied as goods,4.33002,2024-08-01
REC-0030-Q2 2024-SITE-B-ST01,2024-Q2,ORG-12345,SITE-B,Scotland,Steel,Tertiary,Imported,1461.98,2024-05-05
REC-0031-2024-Q1-SITE-A-PL01,2024-Q1,ORG-12345,SITE-A,England,Plastic,Shipment,Exported,2733.87,2024-09-15
REC-0032-2024-Q1-SITE-B-OT01,2024-Q1,ORG-12345,SITE-B,Scotland,Other,Tertiary,Exported,0.82929,2024-02-18
REC-0033-2024-Q1-SITE-E-AL01,2024-Q1,ORG-12345,SITE-E,England,Aluminium,Secondary,Supplied as goods,4.7109,2024-02-25
REC-0034-Q2 2024-SITE-C-FB01,2024-Q2,ORG-12345,SITE-C,Wales,Fibre-based composite,Tertiary,Exported,2847.87,2024-06-23
REC-0035-2024-Q3-SITE-D-AL01,2024-Q3,ORG-12345,SITE-D,Northern Ireland,Aluminium,Secondary,Imported,697.85,2024-01-19
REC-0036-Q2 2024-SITE-E-WD01,2024-Q2,ORG-12345,SITE-E,England,Wood,Shipment,Exported,4.98068,2024-05-29
REC-0037-Q2 2024-SITE-C-GL01,2024-Q2,ORG-12345,SITE-C,Wales,Glass,Secondary,Supplied as goods,4402.39,2024-10-19
REC-0038-Q2 2024-SITE-A-ST01,2024-Q2,ORG-12345,SITE-A,England,Steel,Shipment,Exported,2668.26,2024-03-14
REC-0039-Q2 2024-SITE-E-PL02,2024-Q2,ORG-12345,SITE-E,England,Plastic,Tertiary,Exported,819.47,2024-07-08
REC-0040-2024-Q1-SITE-C-AL01,2024-Q1,ORG-12345,SITE-C,Wales,Aluminium,Tertiary,Exported,4271.92,2024-12-04
REC-0041-2024-Q3-SITE-B-FB01,2024-Q3,ORG-12345,SITE-B,Scotland,Fibre-based composite,Tertiary,Imported,268.23,2024-08-28
REC-0042-Q2 2024-SITE-A-OT01,2024-Q2,ORG-12345,SITE-A,England,Other,Tertiary,Imported,2.8264899999999997,2024-02-02
REC-0043-2024-Q3-SITE-A-PC01,2024-Q3,ORG-12345,SITE-A,England,Paper/card,Shipment,Exported,0.78306,2024-02-04
REC-0044-Q4 2024-SITE-C-PC01,,ORG-12345,SITE-C,Wales,Paper/card,Primary,Exported,1.2851700000000001,2024-04-03
REC-0045-2024-Q1-SITE-D-AL01,2024-Q1,ORG-12345,SITE-D,Northern Ireland,Aluminium,Tertiary,Supplied as goods,4.88222,2024-07-03
REC-0046-Q2 2024-SITE-C-FB01,2024-Q2,ORG-12345,SITE-C,Wales,Fibre-based composite,Tertiary,Exported,4.32712,2024-03-10
REC-0047-Q4 2024-SITE-B-FB01,,ORG-12345,SITE-B,Scotland,Fibre-based composite,Tertiary,Supplied as goods,4.30004,2024-06-19
REC-0048-2024-Q3-SITE-C-AL01,2024-Q3,ORG-12345,SITE-C,Wales,Aluminium,Primary,Supplied as goods,3317.16,2024-06-05
REC-0049-2024-Q1-SITE-A-PC01,2024-Q1,ORG-12345,SITE-A,England,Paper/card,Tertiary,Exported,2028.41,2024-04-15
REC-0050-Q4 2024-SITE-C-ST01,,ORG-12345,SITE-C,Wales,Steel,Primary,Supplied as goods,3003.03,2024-10-02
REC-0051-2024-Q1-SITE-D-PL02,2024-Q1,ORG-12345,SITE-D,Northern Ireland,Plastic,Secondary,Exported,0.99089,2024-10-16
REC-0052-2024-Q3-SITE-E-AL01,2024-Q3,ORG-12345,SITE-E,England,Aluminium,Secondary,Imported,396.37,2024-03-18
REC-0053-2024-Q3-SITE-D-ST01,2024-Q3,ORG-12345,SITE-D,Northern Ireland,Steel,Shipment,Imported,3351.12,2024-03-20
REC-0054-2024-Q3-SITE-E-AL01,2024-Q3,ORG-12345,SITE-E,England,Aluminium,Secondary,Exported,4.7048000000000005,2024-10-21
REC-0055-Q4 2024-SITE-D-PL01,,ORG-12345,SITE-D,Northern Ireland,Plastic,Secondary,Imported,1090.4,2024-12-25
REC-0056-2024-Q3-SITE-A-AL01,2024-Q3,ORG-12345,SITE-A,England,Aluminium,Shipment,Imported,3.97899,2024-12-19
REC-0057-Q2 2024-SITE-B-PC01,2024-Q2,ORG-12345,SITE-B,Scotland,Paper/card,Primary,Supplied as goods,3.3803400000000003,2024-02-07
REC-0058-Q4 2024-SITE-D-AL01,,ORG-12345,SITE-D,Northern Ireland,Aluminium,Secondary,Exported,4.2562,2024-11-04
REC-0059-Q2 2024-SITE-B-AL01,2024-Q2,ORG-12345,SITE-B,Scotland,Aluminium,Tertiary,Exported,1950.69,2025-01-01
REC-0060-Q4 2024-SITE-B-PL01,,ORG-12345,SITE-B,Scotland,Plastic,Tertiary,Supplied as goods,3.90318,2024-10-26
REC-0061-2024-Q3-SITE-E-AL01,2024-Q3,ORG-12345,SITE-E,England,Aluminium,Tertiary,Supplied as goods,2309.49,2024-11-23
REC-0062-Q4 2024-SITE-D-OT01,,ORG-12345,SITE-D,Northern Ireland,Other,Secondary,Exported,2.25727,2024-05-20
REC-0063-Q4 2024-SITE-C-ST01,,ORG-12345,SITE-C,Wales,Steel,Tertiary,Exported,2.44876,2024-06-09
REC-0064-Q2 2024-SITE-B-AL01,2024-Q2,ORG-12345,SITE-B,Scotland,Aluminium,Secondary,Imported,1.63256,2024-07-29
REC-0065-Q4 2024-SITE-C-GL01,,ORG-12345,SITE-C,Wales,Glass,Tertiary,Supplied as goods,367.93,2024-02-15
REC-0066-Q4 2024-SITE-E-AL01,,ORG-12345,SITE-E,England,Aluminium,Tertiary,Imported,1.97791,2024-01-18
REC-0067-Q2 2024-SITE-E-PC01,2024-Q2,ORG-12345,SITE-E,England,Paper/card,Secondary,Imported,4274.57,2024-05-06
REC-0068-Q2 2024-SITE-D-ST01,2024-Q2,ORG-12345,SITE-D,Northern Ireland,Steel,Secondary,Imported,193.67,2024-03-20
REC-0069-Q4 2024-SITE-A-OT01,,ORG-12345,SITE-A,England,Other,Primary,Imported,2.97987,2024-09-07
REC-0070-2024-Q3-SITE-D-GL01,2024-Q3,ORG-12345,SITE-D,Northern Ireland,Glass,Primary,Imported,1.92656,2024-07-27
REC-0071-2024-Q1-SITE-D-ST01,2024-Q1,ORG-12345,SITE-D,Northern Ireland,Steel,Tertiary,Imported,1.29874,2024-10-17
REC-0072-Q2 2024-SITE-A-PL01,2024-Q2,ORG-12345,SITE-A,England,Plastic,Secondary,Supplied as goods,3.2682100000000003,2024-01-25
REC-0073-Q2 2024-SITE-E-GL01,2024-Q2,ORG-12345,SITE-E,England,Glass,Primary,Supplied as goods,2.39413,2025-01-07
REC-0074-2024-Q3-SITE-B-ST01,2024-Q3,ORG-12345,SITE-B,Scotland,Steel,Tertiary,Imported,0.88056,2024-11-06
REC-0075-Q2 2024-SITE-D-PL01,2024-Q2,ORG-12345,SITE-D,Northern Ireland,Plastic,Secondary,Exported,3402.87,2024-11-13
REC-0076-2024-Q1-SITE-E-AL01,2024-Q1,ORG-12345,SITE-E,England,Aluminium,Primary,Exported,3.8737800000000004,2024-10-13
REC-0077-Q4 2024-SITE-A-FB01,,ORG-12345,SITE-A,England,Fibre-based composite,Tertiary,Imported,391.34,2024-03-09
REC-0078-Q4 2024-SITE-B-FB01,,ORG-12345,SITE-B,Scotland,Fibre-based composite,Secondary,Exported,4463.3,2024-10-08
REC-0079-2024-Q3-SITE-D-ST01,2024-Q3,ORG-12345,SITE-D,Northern Ireland,Steel,Shipment,Exported,3884.48,2024-05-19
REC-0080-Q4 2024-SITE-E-PL02,,ORG-12345,SITE-E,England,Plastic,Secondary,Imported,1257.12,2024-01-29
REC-0081-2024-Q3-SITE-C-WD01,2024-Q3,ORG-12345,SITE-C,Wales,Wood,Tertiary,Imported,0.95011,2024-06-06
REC-0082-Q2 2024-SITE-A-ST01,2024-Q2,ORG-12345,SITE-A,England,Steel,Shipment,Supplied as goods,2.6073000000000004,2024-08-10
REC-0083-2024-Q1-SITE-D-WD01,2024-Q1,ORG-12345,SITE-D,Northern Ireland,Wood,Shipment,Supplied as goods,3468.52,2024-06-13
REC-0084-2024-Q3-SITE-D-AL01,2024-Q3,ORG-12345,SITE-D,Northern Ireland,Aluminium,Secondary,Exported,1254.36,2024-10-22
REC-0085-Q2 2024-SITE-C-PC01,2024-Q2,ORG-12345,SITE-C,Wales,Paper/card,Secondary,Exported,2296.04,2024-04-22
REC-0086-Q2 2024-SITE-B-PC01,2024-Q2,ORG-12345,SITE-B,Scotland,Paper/card,Primary,Exported,2.7025300000000003,2024-09-18
REC-0087-Q2 2024-SITE-A-ST01,2024-Q2,ORG-12345,SITE-A,England,Steel,Tertiary,Exported,4884.2,2024-05-10
REC-0088-2024-Q1-SITE-C-PC01,2024-Q1,ORG-12345,SITE-C,Wales,Paper/card,Primary,Imported,0.12003,2024-10-24
REC-0089-2024-Q1-SITE-A-ST01,2024-Q1,ORG-12345,SITE-A,England,Steel,Tertiary,Supplied as goods,3207.45,2024-06-08
REC-0090-Q4 2024-SITE-C-WD01,,ORG-12345,SITE-C,Wales,Wood,Secondary,Imported,1.73649,2024-02-17
REC-0091-Q2 2024-SITE-B-FB01,2024-Q2,ORG-12345,SITE-B,Scotland,Fibre-based composite,Secondary,Supplied as goods,2.90625,2024-06-18
REC-0092-Q2 2024-SITE-E-PL02,2024-Q2,ORG-12345,SITE-E,England,Plastic,Primary,Supplied as goods,2812.46,2024-07-27
REC-0093-2024-Q1-SITE-C-WD01,2024-Q1,ORG-12345,SITE-C,Wales,Wood,Secondary,Imported,4307.82,2024-03-05
REC-0094-Q2 2024-SITE-B-AL01,2024-Q2,ORG-12345,SITE-B,Scotland,Aluminium,Tertiary,Supplied as goods,1.36,2024-10-23
REC-0095-2024-Q1-SITE-C-PL02,2024-Q1,ORG-12345,SITE-C,Wales,Plastic,Primary,Supplied as goods,2072.16,2024-06-10
REC-0096-Q2 2024-SITE-C-ST01,2024-Q2,ORG-12345,SITE-C,Wales,Steel,Tertiary,Imported,0.40234,2024-03-13
REC-0097-2024-Q1-SITE-B-OT01,2024-Q1,ORG-12345,SITE-B,Scotland,Other,Primary,Exported,787.5,2024-04-08
REC-0098-2024-Q1-SITE-D-ST01,2024-Q1,ORG-12345,SITE-D,Northern Ireland,Steel,Shipment,Exported,4129.99,2025-01-01
REC-0099-2024-Q1-SITE-D-ST01,2024-Q1,ORG-12345,SITE-D,Northern Ireland,Steel,Tertiary,Imported,4716.25,2024-02-04
REC-0100-Q2 2024-SITE-A-FB01,2024-Q2,ORG-12345,SITE-A,England,Fibre-based composite,Tertiary,Imported,3.03838,2024-11-04
REC-0101-2024Q2-SITE-B-PL01,2024-Q2,ORG-12345,SITE-B,Scotland,Plastic,Tertiary,Exported,4.11604,2024-12-13
REC-0102-2024-Q1-SITE-D-WD01,2024-Q1,ORG-12345,SITE-D,Northern Ireland,Wood,Secondary,Supplied as goods,4984.88,2024-07-11
REC-0103-Q4 2024-SITE-C-FB01,,ORG-12345,SITE-C,Wales,Fibre-based composite,Primary,Imported,3.3671599999999997,2024-09-24
REC-0104-2024-Q1-SITE-D-ST01,2024-Q1,ORG-12345,SITE-D,Northern Ireland,Steel,Tertiary,Imported,4.0771500000000005,2024-05-23
REC-0105-Q4 2024-SITE-E-PC01,,ORG-12345,SITE-E,England,Paper/card,Primary,Imported,4.33131,2024-02-11
REC-0106-2024-Q1-SITE-D-AL01,2024-Q1,ORG-12345,SITE-D,Northern Ireland,Aluminium,Shipment,Imported,3132.04,2024-05-30
REC-0107-2024-Q1-SITE-A-OT01,2024-Q1,ORG-12345,SITE-A,England,Other,Primary,Imported,2218.67,2024-03-15
REC-0108-Q4 2024-SITE-E-AL01,,ORG-12345,SITE-E,England,Aluminium,Tertiary,Supplied as goods,1.5882100000000001,2024-05-09
REC-0109-2024-Q3-SITE-D-PL02,2024-Q3,ORG-12345,SITE-D,Northern Ireland,Plastic,Secondary,Supplied as goods,3.25616,2024-06-02
REC-0110-Q2 2024-SITE-D-FB01,2024-Q2,ORG-12345,SITE-D,Northern Ireland,Fibre-based composite,Tertiary,Imported,4.90221,2024-04-21
REC-0111-2024-Q3-SITE-D-OT01,2024-Q3,ORG-12345,SITE-D,Northern Ireland,Other,Tertiary,Supplied as goods,4326.93,2024-05-30
REC-0112-Q4 2024-SITE-B-PL01,,ORG-12345,SITE-B,Scotland,Plastic,Secondary,Exported,1527.85,2024-09-18
REC-0113-2024-Q3-SITE-D-PC01,2024-Q3,ORG-12345,SITE-D,Northern Ireland,Paper/card,Secondary,Exported,,2025-01-06
REC-0114-2024-Q3-SITE-A-AL01,2024-Q3,ORG-12345,SITE-A,England,Aluminium,Shipment,Imported,1206.13,2024-09-13
REC-0115-2024-Q1-SITE-D-UNKNOWN,2024-Q1,ORG-12345,SITE-D,Northern Ireland,,Secondary,Exported,3.97235,2024-09-28
REC-0116-Q4 2024-SITE-A-PC01,,ORG-12345,SITE-A,England,Paper/card,Tertiary,Supplied as goods,4377.24,2024-03-28
REC-0117-2024-Q3-SITE-Z-FB01,2024-Q3,ORG-12345,SITE-Z,,Fibre-based composite,Tertiary,Exported,4.85129,2024-11-29
REC-0118-Q4 2024-SITE-C-FB01,,ORG-12345,SITE-C,Wales,Fibre-based composite,Tertiary,Supplied as goods,4266.24,2024-02-02
REC-0119-2024-Q1-SITE-B-PL02,2024-Q1,ORG-12345,SITE-B,Scotland,Plastic,Primary,Exported,3437.78,2024-03-05
REC-0120-2024-Q3-SITE-A-PL02,2024-Q3,ORG-12345,SITE-A,England,Plastic,Secondary,Supplied as goods,3.48531,2024-06-13
REC-0121-Q2 2024-SITE-E-PC01,2024-Q2,ORG-12345,SITE-E,England,Paper/card,Secondary,Imported,770.57,2024-04-13
REC-0122-Q2 2024-SITE-D-PL02,2024-Q2,ORG-12345,SITE-D,Northern Ireland,Plastic,Shipment,Imported,3.11757,2024-09-07
REC-0123-Q2 2024-SITE-C-ST01,2024-Q2,ORG-12345,SITE-C,Wales,Steel,Secondary,Imported,3350.86,2024-08-28
REC-0124-Q4 2024-SITE-C-PC01,,ORG-12345,SITE-C,Wales,Paper/card,Shipment,Imported,3212.75,2024-04-25
REC-0125-2024-Q3-SITE-E-FB01,2024-Q3,ORG-12345,SITE-E,England,Fibre-based composite,Tertiary,Imported,577.93,2024-06-14
REC-0126-2024-Q1-SITE-E-ST01,2024-Q1,ORG-12345,SITE-E,England,Steel,Primary,Exported,2.00924,2024-09-25
REC-0127-Q2 2024-SITE-B-ST01,2024-Q2,ORG-12345,SITE-B,Scotland,Steel,Tertiary,Supplied as goods,3054.97,2024-05-22
REC-0128-Q4 2024-SITE-C-GL01,,ORG-12345,SITE-C,Wales,Glass,Tertiary,Supplied as goods,4.521850000000001,2024-11-06
REC-0129-Q4 2024-SITE-C-PC01,,ORG-12345,SITE-C,Wales,Paper/card,Tertiary,Supplied as goods,496.16,2024-04-26
REC-0130-2024-Q3-SITE-E-GL01,2024-Q3,ORG-12345,SITE-E,England,Glass,Tertiary,Exported,4388.48,2024-05-25
REC-0131-Q4 2024-SITE-A-WD01,,ORG-12345,SITE-A,England,Wood,Tertiary,Imported,3745.47,2024-03-27
REC-0132-2024-Q3-SITE-E-AL01,2024-Q3,ORG-12345,SITE-E,England,Aluminium,Tertiary,Exported,3634.87,2024-08-04
REC-0133-Q4 2024-SITE-C-PL01,,ORG-12345,SITE-C,Wales,Plastic,Secondary,Exported,661.76,2024-07-23
REC-0134-Q2 2024-SITE-E-PL02,2024-Q2,ORG-12345,SITE-E,England,Plastic,Tertiary,Supplied as goods,2383.81,2024-02-16
REC-0135-2024-Q1-SITE-B-WD01,2024-Q1,ORG-12345,SITE-B,Scotland,Wood,Tertiary,Imported,3.26374,2024-06-18
REC-0136-Q4 2024-SITE-D-WD01,,ORG-12345,SITE-D,Northern Ireland,Wood,Primary,Supplied as goods,1.2122600000000001,2024-12-23
REC-0137-2024-Q1-SITE-D-OT01,2024-Q1,ORG-12345,SITE-D,Northern Ireland,Other,Secondary,Exported,3.72423,2024-11-25
REC-0138-Q4 2024-SITE-D-FB01,,ORG-12345,SITE-D,Northern Ireland,Fibre-based composite,Secondary,Supplied as goods,3.46689,2024-07-18
REC-0139-Q4 2024-SITE-A-PL02,,ORG-12345,SITE-A,England,Plastic,Tertiary,Imported,2745.11,2024-04-21
REC-0140-2024-Q1-SITE-E-PL02,2024-Q1,ORG-12345,SITE-E,England,Plastic,Tertiary,Imported,0.50378,2024-07-03
REC-0141-Q2 2024-SITE-E-AL01,2024-Q2,ORG-12345,SITE-E,England,Aluminium,Primary,Exported,1.06577,2024-07-01
REC-0142-2024-Q3-SITE-B-GL01,2024-Q3,ORG-12345,SITE-B,Scotland,Glass,Tertiary,Exported,0.06404000000000001,2024-03-11
REC-0143-2024-Q3-SITE-E-PL01,2024-Q3,ORG-12345,SITE-E,England,Plastic,Primary,Supplied as goods,1.8233,2024-04-13
REC-0144-Q4 2024-SITE-A-ST01,,ORG-12345,SITE-A,England,Steel,Primary,Supplied as goods,3.7215000000000003,2024-07-18
REC-0145-2024-Q1-SITE-E-OT01,2024-Q1,ORG-12345,SITE-E,England,Other,Shipment,Supplied as goods,2.28743,2024-12-17
REC-0146-Q4 2024-SITE-A-OT01,,ORG-12345,SITE-A,England,Other,Secondary,Imported,3.23454,2024-08-20
REC-0147-2024-Q3-SITE-A-PL02,2024-Q3,ORG-12345,SITE-A,England,Plastic,Secondary,Exported,4.553020000000001,2024-03-30
REC-0148-2024-Q3-SITE-D-PL02,2024-Q3,ORG-12345,SITE-D,Northern Ireland,Plastic,Primary,Imported,3140.37,2024-09-29
REC-0149-Q4 2024-SITE-D-FB01,,ORG-12345,SITE-D,Northern Ireland,Fibre-based composite,Primary,Exported,0.6163500000000001,2024-08-13
REC-0150-Q4 2024-SITE-C-PC01,,ORG-12345,SITE-C,Wales,Paper/card,Tertiary,Imported,2.02371,2024-12-20
REC-0151-2024-Q1-SITE-A-ST01,2024-Q1,ORG-12345,SITE-A,England,Steel,Secondary,Supplied as goods,3449.76,2024-03-02
REC-0152-2024-Q1-SITE-E-FB01,2024-Q1,ORG-12345,SITE-E,England,Fibre-based composite,Primary,Exported,3.70704,2024-10-28
REC-0153-2024-Q1-SITE-D-OT01,2024-Q1,ORG-12345,SITE-D,Northern Ireland,Other,Secondary,Exported,655.04,2024-11-17
REC-0154-Q4 2024-SITE-B-ST01,,ORG-12345,SITE-B,Scotland,Steel,Secondary,Supplied as goods,2.9107,2024-03-10
REC-0155-Q2 2024-SITE-E-PC01,2024-Q2,ORG-12345,SITE-E,England,Paper/card,Tertiary,Exported,1869.43,2024-10-28
REC-0156-Q2 2024-SITE-A-OT01,2024-Q2,ORG-12345,SITE-A,England,Other,Primary,Exported,4648.97,2025-01-08
REC-0157-Q4 2024-SITE-E-ST01,,ORG-12345,SITE-E,England,Steel,Secondary,Imported,0.08022,2024-03-27
REC-0158-Q4 2024-SITE-D-PL01,,ORG-12345,SITE-D,Northern Ireland,Plastic,Primary,Exported,2675.89,2024-04-04
REC-0159-Q2 2024-SITE-A-PC01,2024-Q2,ORG-12345,SITE-A,England,Paper/card,Secondary,Exported,1.6557000000000002,2024-11-26
REC-0160-Q4 2024-SITE-D-PL01,,ORG-12345,SITE-D,Northern Ireland,Plastic,Tertiary,Supplied as goods,1396.91,2024-06-02
REC-0161-2024-Q3-SITE-A-AL01,2024-Q3,ORG-12345,SITE-A,England,Aluminium,Tertiary,Exported,613.4,2024-12-27
REC-0162-2024-Q1-SITE-D-WD01,2024-Q1,ORG-12345,SITE-D,Northern Ireland,Wood,Shipment,Exported,1.57668,2024-04-28
REC-0163-2024-Q1-SITE-C-ST01,2024-Q1,ORG-12345,SITE-C,Wales,Steel,Primary,Supplied as goods,3832.6,2024-09-25
REC-0164-2024-Q3-SITE-E-FB01,2024-Q3,ORG-12345,SITE-E,England,Fibre-based composite,Primary,Supplied as goods,1.93203,2024-08-05
REC-0165-Q4 2024-SITE-C-PL01,,ORG-12345,SITE-C,Wales,Plastic,Secondary,Supplied as goods,2.3257800000000004,2024-08-09
REC-0166-Q4 2024-SITE-B-FB01,,ORG-12345,SITE-B,Scotland,Fibre-based composite,Secondary,Supplied as goods,2054.91,2024-07-18
REC-0167-2024-Q1-SITE-E-PL02,2024-Q1,ORG-12345,SITE-E,England,Plastic,Secondary,Supplied as goods,1254.42,2024-06-21
REC-0168-2024-Q1-SITE-E-PC01,2024-Q1,ORG-12345,SITE-E,England,Paper/card,Primary,Imported,3.9066300000000003,2024-10-02
REC-0169-2024-Q1-SITE-B-AL01,2024-Q1,ORG-12345,SITE-B,Scotland,Aluminium,Tertiary,Imported,1.78794,2024-05-25
REC-0170-Q4 2024-SITE-B-AL01,,ORG-12345,SITE-B,Scotland,Aluminium,Primary,Exported,0.80671,2024-10-29
REC-0171-Q2 2024-SITE-C-WD01,2024-Q2,ORG-12345,SITE-C,Wales,Wood,Tertiary,Exported,3232.81,2024-02-18
REC-0172-2024-Q1-SITE-E-WD01,2024-Q1,ORG-12345,SITE-E,England,Wood,Secondary,Exported,1548.96,2024-09-30
REC-0173-2024-Q3-SITE-C-PL02,2024-Q3,ORG-12345,SITE-C,Wales,Plastic,Secondary,Imported,2.2869699999999997,2024-12-10
REC-0174-2024-Q1-SITE-E-PL02,2024-Q1,ORG-12345,SITE-E,England,Plastic,Shipment,Exported,2559.99,2024-11-02
REC-0175-Q4 2024-SITE-A-AL01,,ORG-12345,SITE-A,England,Aluminium,Secondary,Exported,2.40436,2024-07-08
REC-0176-Q4 2024-SITE-D-PL02,,ORG-12345,SITE-D,Northern Ireland,Plastic,Shipment,Exported,0.90417,2024-10-08
REC-0177-2024-Q3-SITE-D-GL01,2024-Q3,ORG-12345,SITE-D,Northern Ireland,Glass,Secondary,Imported,4593.79,2024-11-16
REC-0178-2024-Q1-SITE-C-PL01,2024-Q1,ORG-12345,SITE-C,Wales,Plastic,Tertiary,Exported,3.2541599999999997,2024-12-27
REC-0179-2024-Q1-SITE-C-FB01,2024-Q1,ORG-12345,SITE-C,Wales,Fibre-based composite,Secondary,Imported,3.63248,2024-12-19
REC-0180-2024-Q1-SITE-B-GL01,2024-Q1,ORG-12345,SITE-B,Scotland,Glass,Secondary,Imported,4840.1,2024-10-27
REC-0181-2024-Q3-SITE-D-FB01,2024-Q3,ORG-12345,SITE-D,Northern Ireland,Fibre-based composite,Tertiary,Imported,4.07526,2024-07-18
REC-0182-Q2 2024-SITE-B-ST01,2024-Q2,ORG-12345,SITE-B,Scotland,Steel,Primary,Supplied as goods,1741.58,2024-04-03
REC-0183-Q2 2024-SITE-C-PL02,2024-Q2,ORG-12345,SITE-C,Wales,Plastic,Secondary,Supplied as goods,2.56306,2024-07-25
REC-0184-2024-Q1-SITE-D-GL01,2024-Q1,ORG-12345,SITE-D,Northern Ireland,Glass,Primary,Supplied as goods,4.16516,2024-07-19
REC-0185-Q2 2024-SITE-B-AL01,2024-Q2,ORG-12345,SITE-B,Scotland,Aluminium,Secondary,Exported,1460.39,2024-09-11
REC-0186-2024-Q3-SITE-D-AL01,2024-Q3,ORG-12345,SITE-D,Northern Ireland,Aluminium,Secondary,Exported,4738.29,2024-09-28
REC-0187-2024-Q1-SITE-C-OT01,2024-Q1,ORG-12345,SITE-C,Wales,Other,Secondary,Supplied as goods,4.09361,2024-09-17
REC-0188-2024-Q1-SITE-C-PC01,2024-Q1,ORG-12345,SITE-C,Wales,Paper/card,Shipment,Supplied as goods,3.57143,2024-06-02
REC-0189-Q4 2024-SITE-B-WD01,,ORG-12345,SITE-B,Scotland,Wood,Shipment,Supplied as goods,4.16368,2024-01-28
REC-0190-2024-Q1-SITE-D-FB01,2024-Q1,ORG-12345,SITE-D,Northern Ireland,Fibre-based composite,Primary,Imported,2.53494,2024-05-08
REC-0191-Q2 2024-SITE-B-PL01,2024-Q2,ORG-12345,SITE-B,Scotland,Plastic,Secondary,Supplied as goods,4203.92,2024-06-09
REC-0192-2024-Q1-SITE-D-WD01,2024-Q1,ORG-12345,SITE-D,Northern Ireland,Wood,Tertiary,Supplied as goods,3806.26,2024-01-24
REC-0193-2024-Q3-SITE-A-ST01,2024-Q3,ORG-12345,SITE-A,England,Steel,Primary,Supplied as goods,2766.58,2024-06-17
REC-0194-2024-Q1-SITE-A-PL02,2024-Q1,ORG-12345,SITE-A,England,Plastic,Primary,Supplied as goods,2128.14,2024-11-15
REC-0195-2024-Q3-SITE-B-OT01,2024-Q3,ORG-12345,SITE-B,Scotland,Other,Primary,Exported,2.6011100000000003,2024-01-15
REC-0196-2024-Q3-SITE-E-PC01,2024-Q3,ORG-12345,SITE-E,England,Paper/card,Primary,Exported,2.11201,2024-10-10
REC-0197-2024-Q1-SITE-D-OT01,2024-Q1,ORG-12345,SITE-D,Northern Ireland,Other,Shipment,Exported,2793.05,2024-07-31
REC-0198-Q2 2024-SITE-C-PC01,2024-Q2,ORG-12345,SITE-C,Wales,Paper/card,Secondary,Exported,0.13040000000000002,2024-12-16
REC-0199-2024-Q1-SITE-B-PL02,2024-Q1,ORG-12345,SITE-B,Scotland,Plastic,Tertiary,Exported,3689.18,2024-10-20
REC-0200-Q2 2024-SITE-D-PC01,2024-Q2,ORG-12345,SITE-D,Northern Ireland,Paper/card,Tertiary,Exported,916.69,2024-02-16
REC-0201-2024Q2-SITE-A-WD01,2024-Q2,ORG-12345,SITE-A,England,Wood,Primary,Imported,1.0478800000000001,2024-10-04
REC-0202-2024-Q3-SITE-B-FB01,2024-Q3,ORG-12345,SITE-B,Scotland,Fibre-based composite,Tertiary,Exported,2.39333,2024-02-08
REC-0203-Q4 2024-SITE-D-PC01,,ORG-12345,SITE-D,Northern Ireland,Paper/card,Primary,Supplied as goods,4006.74,2024-07-06
REC-0204-Q4 2024-SITE-A-GL01,,ORG-12345,SITE-A,England,Glass,Secondary,Exported,2512.74,2024-08-22
REC-0205-2024-Q3-SITE-C-GL01,2024-Q3,ORG-12345,SITE-C,Wales,Glass,Shipment,Imported,1.6400000000000001,2024-08-30
REC-0206-2024-Q3-SITE-A-FB01,2024-Q3,ORG-12345,SITE-A,England,Fibre-based composite,Primary,Exported,2247.35,2024-08-24
REC-0207-Q2 2024-SITE-C-ST01,2024-Q2,ORG-12345,SITE-C,Wales,Steel,Tertiary,Supplied as goods,421.45,2024-03-15
REC-0208-Q4 2024-SITE-C-WD01,,ORG-12345,SITE-C,Wales,Wood,Primary,Supplied as goods,382.81,2024-01-31
REC-0209-2024-Q1-SITE-D-GL01,2024-Q1,ORG-12345,SITE-D,Northern Ireland,Glass,Tertiary,Imported,4746.68,2024-03-25
REC-0210-2024-Q1-SITE-B-OT01,2024-Q1,ORG-12345,SITE-B,Scotland,Other,Secondary,Imported,1606.21,2024-04-19
REC-0211-2024-Q3-SITE-C-WD01,2024-Q3,ORG-12345,SITE-C,Wales,Wood,Shipment,Imported,4.57204,2024-08-30
REC-0212-2024-Q1-SITE-B-AL01,2024-Q1,ORG-12345,SITE-B,Scotland,Aluminium,Shipment,Imported,3485.2,2024-02-21
REC-0213-2024-Q3-SITE-C-WD01,2024-Q3,ORG-12345,SITE-C,Wales,Wood,Primary,Exported,,2024-02-17
REC-0214-2024-Q3-SITE-B-OT01,2024-Q3,ORG-12345,SITE-B,Scotland,Other,Shipment,Imported,4.46209,2024-05-08
REC-0215-2024-Q3-SITE-A-UNKNOWN,2024-Q3,ORG-12345,SITE-A,England,,Primary,Supplied as goods,1221.84,2024-11-03
REC-0216-2024-Q3-SITE-A-PC01,2024-Q3,ORG-12345,SITE-A,England,Paper/card,Secondary,Exported,0.69237,2024-09-16
REC-0217-2024-Q3-SITE-Z-OT01,2024-Q3,ORG-12345,SITE-Z,,Other,Secondary,Imported,4.1255299999999995,2024-02-21
REC-0218-Q2 2024-SITE-E-WD01,2024-Q2,ORG-12345,SITE-E,England,Wood,Secondary,Exported,2.6109299999999998,2024-08-23
REC-0219-Q2 2024-SITE-C-OT01,2024-Q2,ORG-12345,SITE-C,Wales,Other,Tertiary,Supplied as goods,4.16538,2024-06-28
REC-0220-Q2 2024-SITE-C-AL01,2024-Q2,ORG-12345,SITE-C,Wales,Aluminium,Secondary,Exported,4.4798800000000005,2024-10-23
REC-0221-Q2 2024-SITE-E-ST01,2024-Q2,ORG-12345,SITE-E,England,Steel,Primary,Exported,1.54898,2024-11-07
REC-0222-2024-Q1-SITE-E-GL01,2024-Q1,ORG-12345,SITE-E,England,Glass,Primary,Exported,3141.17,2024-02-25
REC-0223-Q4 2024-SITE-E-PL01,,ORG-12345,SITE-E,England,Plastic,Tertiary,Exported,1.36005,2024-12-07
REC-0224-Q2 2024-SITE-D-PL01,2024-Q2,ORG-12345,SITE-D,Northern Ireland,Plastic,Secondary,Exported,2750.61,2024-08-09
REC-0225-Q4 2024-SITE-D-ST01,,ORG-12345,SITE-D,Northern Ireland,Steel,Secondary,Supplied as goods,3.45864,2024-09-08
REC-0226-Q4 2024-SITE-C-AL01,,ORG-12345,SITE-C,Wales,Aluminium,Secondary,Exported,761.16,2024-07-22
REC-0227-2024-Q3-SITE-A-OT01,2024-Q3,ORG-12345,SITE-A,England,Other,Shipment,Supplied as goods,1629.62,2024-05-20
REC-0228-Q4 2024-SITE-E-GL01,,ORG-12345,SITE-E,England,Glass,Primary,Supplied as goods,1486.55,2024-04-05
REC-0229-Q4 2024-SITE-D-PC01,,ORG-12345,SITE-D,Northern Ireland,Paper/card,Shipment,Exported,1.5979400000000001,2024-06-20
REC-0230-Q2 2024-SITE-B-WD01,2024-Q2,ORG-12345,SITE-B,Scotland,Wood,Primary,Supplied as goods,4728.9,2024-07-13
REC-0231-2024-Q1-SITE-C-PL01,2024-Q1,ORG-12345,SITE-C,Wales,Plastic,Primary,Imported,2499.73,2024-08-22
REC-0232-2024-Q1-SITE-C-GL01,2024-Q1,ORG-12345,SITE-C,Wales,Glass,Secondary,Exported,1860.6,2024-02-10
REC-0233-Q4 2024-SITE-D-OT01,,ORG-12345,SITE-D,Northern Ireland,Other,Primary,Imported,2.78845,2024-06-06
REC-0234-2024-Q3-SITE-E-PL02,2024-Q3,ORG-12345,SITE-E,England,Plastic,Primary,Supplied as goods,1999.82,2024-04-25
REC-0235-2024-Q3-SITE-B-OT01,2024-Q3,ORG-12345,SITE-B,Scotland,Other,Secondary,Exported,0.24926,2024-10-06
REC-0236-2024-Q3-SITE-C-WD01,2024-Q3,ORG-12345,SITE-C,Wales,Wood,Primary,Exported,4.471,2024-08-03
REC-0237-2024-Q3-SITE-E-ST01,2024-Q3,ORG-12345,SITE-E,England,Steel,Shipment,Imported,2561.21,2024-01-23
REC-0238-2024-Q3-SITE-E-PC01,2024-Q3,ORG-12345,SITE-E,England,Paper/card,Secondary,Exported,592.54,2025-01-01
REC-0239-Q4 2024-SITE-A-PL01,,ORG-12345,SITE-A,England,Plastic,Shipment,Imported,1.3643800000000001,2024-10-09
REC-0240-2024-Q1-SITE-B-FB01,2024-Q1,ORG-12345,SITE-B,Scotland,Fibre-based composite,Primary,Exported,1.24887,2024-06-23
REC-0241-Q4 2024-SITE-E-FB01,,ORG-12345,SITE-E,England,Fibre-based composite,Primary,Imported,3467.98,2024-02-15
REC-0242-Q4 2024-SITE-E-GL01,,ORG-12345,SITE-E,England,Glass,Shipment,Supplied as goods,2826.39,2024-04-12
REC-0243-Q4 2024-SITE-E-WD01,,ORG-12345,SITE-E,England,Wood,Shipment,Imported,2754.05,2024-05-20
REC-0244-Q2 2024-SITE-C-ST01,2024-Q2,ORG-12345,SITE-C,Wales,Steel,Shipment,Imported,1163.09,2025-01-09
REC-0245-2024-Q1-SITE-C-WD01,2024-Q1,ORG-12345,SITE-C,Wales,Wood,Secondary,Imported,1776.58,2024-12-26
REC-0246-2024-Q1-SITE-C-OT01,2024-Q1,ORG-12345,SITE-C,Wales,Other,Secondary,Imported,4.10097,2024-02-24
REC-0247-Q2 2024-SITE-B-PC01,2024-Q2,ORG-12345,SITE-B,Scotland,Paper/card,Secondary,Exported,1319.4,2024-06-01
REC-0248-2024-Q1-SITE-B-OT01,2024-Q1,ORG-12345,SITE-B,Scotland,Other,Tertiary,Imported,0.7295,2024-10-12
REC-0249-Q4 2024-SITE-C-AL01,,ORG-12345,SITE-C,Wales,Aluminium,Tertiary,Supplied as goods,309.83,2024-12-28
REC-0250-Q4 2024-SITE-D-GL01,,ORG-12345,SITE-D,Northern Ireland,Glass,Primary,Exported,4.89066,2024-12-13
REC-0251-Q2 2024-SITE-A-AL01,2024-Q2,ORG-12345,SITE-A,England,Aluminium,Tertiary,Imported,1.63978,2024-02-03
REC-0252-Q4 2024-SITE-D-GL01,,ORG-12345,SITE-D,Northern Ireland,Glass,Secondary,Supplied as goods,4.67292,2024-06-11
REC-0253-2024-Q3-SITE-C-PL01,2024-Q3,ORG-12345,SITE-C,Wales,Plastic,Primary,Imported,2.86141,2024-12-08
REC-0254-Q4 2024-SITE-E-OT01,,ORG-12345,SITE-E,England,Other,Shipment,Imported,4.45184,2024-04-22
REC-0255-2024-Q1-SITE-B-PL02,2024-Q1,ORG-12345,SITE-B,Scotland,Plastic,Secondary,Supplied as goods,3669.04,2024-07-05
REC-0256-Q4 2024-SITE-E-ST01,,ORG-12345,SITE-E,England,Steel,Shipment,Exported,3.79855,2024-10-04
REC-0257-Q4 2024-SITE-B-PC01,,ORG-12345,SITE-B,Scotland,Paper/card,Primary,Imported,3.36282,2024-05-21
REC-0258-2024-Q3-SITE-C-PL01,2024-Q3,ORG-12345,SITE-C,Wales,Plastic,Secondary,Imported,1215.83,2024-11-03
REC-0259-2024-Q1-SITE-A-PL01,2024-Q1,ORG-12345,SITE-A,England,Plastic,Secondary,Exported,1.82978,2024-06-20
REC-0260-2024-Q3-SITE-A-GL01,2024-Q3,ORG-12345,SITE-A,England,Glass,Secondary,Exported,2537.48,2024-11-24
REC-0261-2024-Q3-SITE-E-AL01,2024-Q3,ORG-12345,SITE-E,England,Aluminium,Primary,Supplied as goods,2417.0,2025-01-08
REC-0262-2024-Q1-SITE-B-OT01,2024-Q1,ORG-12345,SITE-B,Scotland,Other,Secondary,Exported,4.019880000000001,2024-08-30
REC-0263-Q2 2024-SITE-A-OT01,2024-Q2,ORG-12345,SITE-A,England,Other,Tertiary,Imported,0.43661,2024-10-15
REC-0264-Q2 2024-SITE-A-GL01,2024-Q2,ORG-12345,SITE-A,England,Glass,Primary,Imported,4279.71,2024-11-08
REC-0265-Q2 2024-SITE-D-WD01,2024-Q2,ORG-12345,SITE-D,Northern Ireland,Wood,Primary,Exported,2.25514,2024-08-14
REC-0266-Q4 2024-SITE-A-WD01,,ORG-12345,SITE-A,England,Wood,Shipment,Supplied as goods,2816.05,2024-01-16
REC-0267-2024-Q1-SITE-A-AL01,2024-Q1,ORG-12345,SITE-A,England,Aluminium,Shipment,Supplied as goods,274.18,2024-09-12
REC-0268-2024-Q3-SITE-D-PL01,2024-Q3,ORG-12345,SITE-D,Northern Ireland,Plastic,Secondary,Imported,0.94091,2024-08-31
REC-0269-2024-Q1-SITE-C-FB01,2024-Q1,ORG-12345,SITE-C,Wales,Fibre-based composite,Secondary,Supplied as goods,3.42952,2024-10-16
REC-0270-2024-Q1-SITE-A-FB01,2024-Q1,ORG-12345,SITE-A,England,Fibre-based composite,Shipment,Supplied as goods,3.6529000000000003,2024-09-08
REC-0271-Q4 2024-SITE-B-OT01,,ORG-12345,SITE-B,Scotland,Other,Secondary,Exported,1.9274200000000001,2024-04-03
REC-0272-2024-Q1-SITE-D-ST01,2024-Q1,ORG-12345,SITE-D,Northern Ireland,Steel,Primary,Exported,3.83918,2024-04-29
REC-0273-2024-Q1-SITE-B-PL02,2024-Q1,ORG-12345,SITE-B,Scotland,Plastic,Primary,Exported,0.2162,2024-08-26
REC-0274-2024-Q3-SITE-B-AL01,2024-Q3,ORG-12345,SITE-B,Scotland,Aluminium,Shipment,Supplied as goods,3.7842100000000003,2024-11-04
REC-0275-2024-Q3-SITE-B-PC01,2024-Q3,ORG-12345,SITE-B,Scotland,Paper/card,Shipment,Exported,3874.06,2024-12-18
REC-0276-Q2 2024-SITE-E-OT01,2024-Q2,ORG-12345,SITE-E,England,Other,Primary,Imported,1.53748,2024-12-27
REC-0277-2024-Q3-SITE-D-FB01,2024-Q3,ORG-12345,SITE-D,Northern Ireland,Fibre-based composite,Shipment,Imported,282.08,2024-08-15
REC-0278-Q2 2024-SITE-B-FB01,2024-Q2,ORG-12345,SITE-B,Scotland,Fibre-based composite,Primary,Imported,1913.48,2024-03-28
REC-0279-Q2 2024-SITE-E-WD01,2024-Q2,ORG-12345,SITE-E,England,Wood,Primary,Exported,2092.75,2024-05-18
REC-0280-2024-Q1-SITE-C-ST01,2024-Q1,ORG-12345,SITE-C,Wales,Steel,Primary,Imported,3251.19,2024-04-21
REC-0281-Q2 2024-SITE-A-PL01,2024-Q2,ORG-12345,SITE-A,England,Plastic,Secondary,Imported,3.38468,2024-12-23
REC-0282-2024-Q1-SITE-C-OT01,2024-Q1,ORG-12345,SITE-C,Wales,Other,Primary,Imported,1084.0,2024-04-21
REC-0283-Q2 2024-SITE-D-PL02,2024-Q2,ORG-12345,SITE-D,Northern Ireland,Plastic,Tertiary,Imported,4.576479999999999,2024-06-27
REC-0284-2024-Q3-SITE-C-ST01,2024-Q3,ORG-12345,SITE-C,Wales,Steel,Secondary,Imported,2691.57,2024-10-03
REC-0285-Q2 2024-SITE-C-WD01,2024-Q2,ORG-12345,SITE-C,Wales,Wood,Secondary,Supplied as goods,4023.94,2024-06-23
REC-0286-2024-Q3-SITE-A-FB01,2024-Q3,ORG-12345,SITE-A,England,Fibre-based composite,Primary,Exported,4.3272200000000005,2024-11-09
REC-0287-Q2 2024-SITE-D-FB01,2024-Q2,ORG-12345,SITE-D,Northern Ireland,Fibre-based composite,Secondary,Supplied as goods,1.02115,2024-10-22
REC-0288-Q2 2024-SITE-D-PC01,2024-Q2,ORG-12345,SITE-D,Northern Ireland,Paper/card,Secondary,Imported,4834.22,2024-07-13
REC-0289-2024-Q1-SITE-E-GL01,2024-Q1,ORG-12345,SITE-E,England,Glass,Primary,Exported,2.7554000000000003,2024-02-01
REC-0290-Q2 2024-SITE-D-PL02,2024-Q2,ORG-12345,SITE-D,Northern Ireland,Plastic,Tertiary,Exported,0.29014999999999996,2024-05-12
REC-0291-2024-Q1-SITE-C-PL02,2024-Q1,ORG-12345,SITE-C,Wales,Plastic,Tertiary,Supplied as goods,95.25,2024-12-06
REC-0292-2024-Q1-SITE-A-WD01,2024-Q1,ORG-12345,SITE-A,England,Wood,Tertiary,Imported,127.87,2024-06-03
REC-0293-2024-Q1-SITE-B-OT01,2024-Q1,ORG-12345,SITE-B,Scotland,Other,Secondary,Supplied as goods,2535.97,2024-10-09
REC-0294-2024-Q3-SITE-C-GL01,2024-Q3,ORG-12345,SITE-C,Wales,Glass,Primary,Supplied as goods,3117.92,2024-02-24
REC-0295-2024-Q1-SITE-C-PC01,2024-Q1,ORG-12345,SITE-C,Wales,Paper/card,Secondary,Imported,2.84676,2024-12-12
REC-0296-2024-Q1-SITE-A-PL01,2024-Q1,ORG-12345,SITE-A,England,Plastic,Primary,Imported,1927.36,2024-04-11
REC-0297-2024-Q1-SITE-E-PL02,2024-Q1,ORG-12345,SITE-E,England,Plastic,Secondary,Imported,3242.29,2024-02-05
REC-0298-2024-Q1-SITE-C-AL01,2024-Q1,ORG-12345,SITE-C,Wales,Aluminium,Primary,Exported,4443.39,2024-12-30
REC-0299-2024-Q1-SITE-C-ST01,2024-Q1,ORG-12345,SITE-C,Wales,Steel,Shipment,Exported,3.30764,2024-11-10
REC-0300-Q2 2024-SITE-C-GL01,2024-Q2,ORG-12345,SITE-C,Wales,Glass,Tertiary,Exported,4.11347,2024-05-17
REC-0301-2024Q2-SITE-A-FB01,2024-Q2,ORG-12345,SITE-A,England,Fibre-based composite,Tertiary,Exported,1.69206,2024-03-05
REC-0302-2024-Q1-SITE-C-FB01,2024-Q1,ORG-12345,SITE-C,Wales,Fibre-based composite,Primary,Supplied as goods,1735.93,2024-06-02
REC-0303-Q2 2024-SITE-D-WD01,2024-Q2,ORG-12345,SITE-D,Northern Ireland,Wood,Primary,Supplied as goods,1811.27,2024-11-09
REC-0304-2024-Q1-SITE-A-FB01,2024-Q1,ORG-12345,SITE-A,England,Fibre-based composite,Primary,Exported,1.5121300000000002,2024-04-02
REC-0305-2024-Q3-SITE-C-FB01,2024-Q3,ORG-12345,SITE-C,Wales,Fibre-based composite,Tertiary,Exported,0.81367,2024-03-01
REC-0306-Q2 2024-SITE-A-PL01,2024-Q2,ORG-12345,SITE-A,England,Plastic,Secondary,Imported,1831.59,2024-04-19
REC-0307-2024-Q1-SITE-A-FB01,2024-Q1,ORG-12345,SITE-A,England,Fibre-based composite,Secondary,Exported,2795.96,2024-03-15
REC-0308-2024-Q1-SITE-D-OT01,2024-Q1,ORG-12345,SITE-D,Northern Ireland,Other,Primary,Exported,3010.32,2024-08-13
REC-0309-Q2 2024-SITE-E-FB01,2024-Q2,ORG-12345,SITE-E,England,Fibre-based composite,Tertiary,Supplied as goods,3.63798,2024-07-27
REC-0310-2024-Q1-SITE-B-GL01,2024-Q1,ORG-12345,SITE-B,Scotland,Glass,Primary,Imported,1540.6,2024-08-24
REC-0311-2024-Q3-SITE-C-ST01,2024-Q3,ORG-12345,SITE-C,Wales,Steel,Secondary,Imported,2.4469499999999997,2024-11-30
REC-0312-2024-Q3-SITE-B-WD01,2024-Q3,ORG-12345,SITE-B,Scotland,Wood,Shipment,Exported,1.01796,2024-08-04
REC-0313-2024-Q3-SITE-D-PC01,2024-Q3,ORG-12345,SITE-D,Northern Ireland,Paper/card,Tertiary,Exported,,2024-12-13
REC-0314-2024-Q3-SITE-D-GL01,2024-Q3,ORG-12345,SITE-D,Northern Ireland,Glass,Secondary,Imported,3.0359000000000003,2024-08-05
REC-0315-Q2 2024-SITE-E-UNKNOWN,2024-Q2,ORG-12345,SITE-E,England,,Secondary,Exported,3490.04,2024-07-25
REC-0316-Q2 2024-SITE-E-ST01,2024-Q2,ORG-12345,SITE-E,England,Steel,Tertiary,Imported,1.85683,2024-10-22
REC-0317-2024-Q3-SITE-Z-PL01,2024-Q3,ORG-12345,SITE-Z,,Plastic,Tertiary,Imported,4.7177299999999995,2024-02-19
REC-0318-2024-Q3-SITE-B-FB01,2024-Q3,ORG-12345,SITE-B,Scotland,Fibre-based composite,Tertiary,Imported,738.94,2024-04-02
REC-0319-Q4 2024-SITE-E-FB01,,ORG-12345,SITE-E,England,Fibre-based composite,Tertiary,Imported,416.13,2024-09-30
REC-0320-2024-Q1-SITE-E-FB01,2024-Q1,ORG-12345,SITE-E,England,Fibre-based composite,Shipment,Supplied as goods,3964.07,2024-05-21
REC-0321-Q4 2024-SITE-C-PC01,,ORG-12345,SITE-C,Wales,Paper/card,Primary,Exported,3082.76,2024-01-20
REC-0322-2024-Q3-SITE-D-PL02,2024-Q3,ORG-12345,SITE-D,Northern Ireland,Plastic,Secondary,Supplied as goods,2.5778499999999998,2024-09-08
REC-0323-2024-Q3-SITE-A-OT01,2024-Q3,ORG-12345,SITE-A,England,Other,Primary,Imported,4988.63,2024-02-27
REC-0324-Q4 2024-SITE-C-PL02,,ORG-12345,SITE-C,Wales,Plastic,Tertiary,Exported,751.29,2024-10-07
REC-0325-2024-Q1-SITE-C-WD01,2024-Q1,ORG-12345,SITE-C,Wales,Wood,Secondary,Imported,533.23,2024-02-06
REC-0326-Q2 2024-SITE-B-PL02,2024-Q2,ORG-12345,SITE-B,Scotland,Plastic,Primary,Imported,3.25745,2024-04-05
REC-0327-Q2 2024-SITE-D-PC01,2024-Q2,ORG-12345,SITE-D,Northern Ireland,Paper/card,Shipment,Imported,4.794390000000001,2024-12-07
REC-0328-Q4 2024-SITE-D-FB01,,ORG-12345,SITE-D,Northern Ireland,Fibre-based composite,Secondary,Supplied as goods,3.70007,2024-01-17
REC-0329-2024-Q1-SITE-E-AL01,2024-Q1,ORG-12345,SITE-E,England,Aluminium,Primary,Imported,3.77401,2024-04-19
REC-0330-2024-Q3-SITE-D-PC01,2024-Q3,ORG-12345,SITE-D,Northern Ireland,Paper/card,Secondary,Supplied as goods,2314.87,2024-07-31
REC-0331-Q2 2024-SITE-E-FB01,2024-Q2,ORG-12345,SITE-E,England,Fibre-based composite,Shipment,Supplied as goods,1772.23,2024-06-15
REC-0332-2024-Q1-SITE-C-PL02,2024-Q1,ORG-12345,SITE-C,Wales,Plastic,Tertiary,Supplied as goods,1.60027,2024-07-24
REC-0333-Q4 2024-SITE-E-GL01,,ORG-12345,SITE-E,England,Glass,Shipment,Imported,2.12028,2024-04-19
REC-0334-Q2 2024-SITE-E-WD01,2024-Q2,ORG-12345,SITE-E,England,Wood,Tertiary,Exported,3.48249,2024-06-10
REC-0335-2024-Q1-SITE-C-GL01,2024-Q1,ORG-12345,SITE-C,Wales,Glass,Primary,Imported,4.21783,2024-03-24
REC-0336-Q4 2024-SITE-D-AL01,,ORG-12345,SITE-D,Northern Ireland,Aluminium,Tertiary,Imported,4820.95,2024-08-29
REC-0337-2024-Q1-SITE-C-WD01,2024-Q1,ORG-12345,SITE-C,Wales,Wood,Primary,Supplied as goods,2.8487199999999997,2024-05-09
REC-0338-2024-Q1-SITE-E-OT01,2024-Q1,ORG-12345,SITE-E,England,Other,Secondary,Supplied as goods,3914.66,2024-03-13
REC-0339-2024-Q1-SITE-E-ST01,2024-Q1,ORG-12345,SITE-E,England,Steel,Tertiary,Exported,4125.25,2024-08-27
REC-0340-2024-Q1-SITE-C-OT01,2024-Q1,ORG-12345,SITE-C,Wales,Other,Primary,Imported,0.55696,2024-05-28
REC-0341-Q2 2024-SITE-B-PC01,2024-Q2,ORG-12345,SITE-B,Scotland,Paper/card,Tertiary,Supplied as goods,2.2234000000000003,2024-11-11
REC-0342-Q2 2024-SITE-B-PC01,2024-Q2,ORG-12345,SITE-B,Scotland,Paper/card,Tertiary,Exported,3070.8,2024-04-29
REC-0343-2024-Q3-SITE-C-PL01,2024-Q3,ORG-12345,SITE-C,Wales,Plastic,Shipment,Imported,2.68479,2024-11-03
REC-0344-Q4 2024-SITE-B-ST01,,ORG-12345,SITE-B,Scotland,Steel,Tertiary,Exported,4.928170000000001,2024-06-04
REC-0345-Q4 2024-SITE-B-GL01,,ORG-12345,SITE-B,Scotland,Glass,Tertiary,Supplied as goods,1285.9,2024-03-27
REC-0346-Q4 2024-SITE-A-ST01,,ORG-12345,SITE-A,England,Steel,Tertiary,Imported,1.9071,2024-06-05
REC-0347-Q4 2024-SITE-A-PC01,,ORG-12345,SITE-A,England,Paper/card,Secondary,Imported,1.67008,2024-12-20
REC-0348-Q4 2024-SITE-B-PC01,,ORG-12345,SITE-B,Scotland,Paper/card,Tertiary,Supplied as goods,3988.61,2024-09-24
REC-0349-Q4 2024-SITE-E-ST01,,ORG-12345,SITE-E,England,Steel,Secondary,Imported,1.7218900000000001,2024-12-29
REC-0350-2024-Q1-SITE-A-PL01,2024-Q1,ORG-12345,SITE-A,England,Plastic,Primary,Supplied as goods,3149.59,2024-08-27
REC-0351-Q2 2024-SITE-C-WD01,2024-Q2,ORG-12345,SITE-C,Wales,Wood,Primary,Imported,1.05148,2024-03-02
REC-0352-Q4 2024-SITE-A-PC01,,ORG-12345,SITE-A,England,Paper/card,Secondary,Supplied as goods,1.8906300000000003,2024-06-19
REC-0353-Q2 2024-SITE-A-AL01,2024-Q2,ORG-12345,SITE-A,England,Aluminium,Secondary,Exported,0.50144,2024-02-23
REC-0354-2024-Q1-SITE-A-GL01,2024-Q1,ORG-12345,SITE-A,England,Glass,Shipment,Supplied as goods,2621.25,2024-07-08
REC-0355-Q2 2024-SITE-A-PL02,2024-Q2,ORG-12345,SITE-A,England,Plastic,Tertiary,Imported,3485.45,2024-02-29
REC-0356-Q4 2024-SITE-B-PL02,,ORG-12345,SITE-B,Scotland,Plastic,Primary,Imported,1869.43,2024-12-08
REC-0357-2024-Q3-SITE-D-GL01,2024-Q3,ORG-12345,SITE-D,Northern Ireland,Glass,Primary,Exported,2.83829,2024-05-03
REC-0358-2024-Q1-SITE-A-GL01,2024-Q1,ORG-12345,SITE-A,England,Glass,Secondary,Exported,3.4485,2024-03-18
REC-0359-2024-Q3-SITE-B-FB01,2024-Q3,ORG-12345,SITE-B,Scotland,Fibre-based composite,Secondary,Imported,1.60679,2024-02-27
REC-0360-2024-Q3-SITE-A-AL01,2024-Q3,ORG-12345,SITE-A,England,Aluminium,Shipment,Exported,3020.04,2024-10-06
REC-0361-Q4 2024-SITE-B-OT01,,ORG-12345,SITE-B,Scotland,Other,Primary,Exported,1.98917,2024-03-12
REC-0362-2024-Q3-SITE-C-AL01,2024-Q3,ORG-12345,SITE-C,Wales,Aluminium,Secondary,Exported,2.98995,2024-07-31
REC-0363-2024-Q1-SITE-A-FB01,2024-Q1,ORG-12345,SITE-A,England,Fibre-based composite,Secondary,Exported,3430.56,2024-02-18
REC-0364-2024-Q3-SITE-D-PL01,2024-Q3,ORG-12345,SITE-D,Northern Ireland,Plastic,Secondary,Supplied as goods,0.24714,2024-09-27
REC-0365-2024-Q1-SITE-C-FB01,2024-Q1,ORG-12345,SITE-C,Wales,Fibre-based composite,Secondary,Exported,2.04127,2024-02-24
REC-0366-2024-Q1-SITE-E-OT01,2024-Q1,ORG-12345,SITE-E,England,Other,Primary,Supplied as goods,2705.13,2025-01-06
REC-0367-2024-Q1-SITE-D-FB01,2024-Q1,ORG-12345,SITE-D,Northern Ireland,Fibre-based composite,Tertiary,Supplied as goods,0.33663,2024-11-23
REC-0368-2024-Q1-SITE-A-PL01,2024-Q1,ORG-12345,SITE-A,England,Plastic,Secondary,Exported,3.7213800000000004,2024-03-25
REC-0369-2024-Q3-SITE-B-PL01,2024-Q3,ORG-12345,SITE-B,Scotland,Plastic,Primary,Imported,4767.43,2024-05-31
REC-0370-2024-Q1-SITE-C-PL02,2024-Q1,ORG-12345,SITE-C,Wales,Plastic,Tertiary,Supplied as goods,1708.3,2024-11-05
REC-0371-Q2 2024-SITE-D-PL02,2024-Q2,ORG-12345,SITE-D,Northern Ireland,Plastic,Secondary,Imported,2.57837,2024-04-04
REC-0372-2024-Q1-SITE-B-ST01,2024-Q1,ORG-12345,SITE-B,Scotland,Steel,Tertiary,Supplied as goods,4.47663,2024-01-21
REC-0373-2024-Q1-SITE-B-AL01,2024-Q1,ORG-12345,SITE-B,Scotland,Aluminium,Primary,Imported,1.85168,2024-12-15
REC-0374-2024-Q1-SITE-C-FB01,2024-Q1,ORG-12345,SITE-C,Wales,Fibre-based composite,Primary,Imported,1278.9,2024-07-23
REC-0375-2024-Q1-SITE-B-PL02,2024-Q1,ORG-12345,SITE-B,Scotland,Plastic,Shipment,Exported,4.514609999999999,2024-02-19
REC-0376-2024-Q1-SITE-C-WD01,2024-Q1,ORG-12345,SITE-C,Wales,Wood,Tertiary,Imported,3878.96,2024-09-04
REC-0377-Q2 2024-SITE-E-PL01,2024-Q2,ORG-12345,SITE-E,England,Plastic,Secondary,Supplied as goods,1493.4,2024-07-21
REC-0378-2024-Q1-SITE-B-WD01,2024-Q1,ORG-12345,SITE-B,Scotland,Wood,Tertiary,Supplied as goods,3.6756900000000003,2024-01-27
REC-0379-2024-Q1-SITE-C-AL01,2024-Q1,ORG-12345,SITE-C,Wales,Aluminium,Shipment,Imported,3.19791,2024-07-25
REC-0380-Q4 2024-SITE-D-ST01,,ORG-12345,SITE-D,Northern Ireland,Steel,Primary,Supplied as goods,2.67258,2024-03-27
REC-0381-Q4 2024-SITE-C-ST01,,ORG-12345,SITE-C,Wales,Steel,Primary,Supplied as goods,4610.31,2024-02-27
REC-0382-2024-Q1-SITE-A-PL02,2024-Q1,ORG-12345,SITE-A,England,Plastic,Shipment,Supplied as goods,3204.22,2024-12-19
REC-0383-2024-Q3-SITE-D-GL01,2024-Q3,ORG-12345,SITE-D,Northern Ireland,Glass,Primary,Imported,1341.91,2024-09-02
REC-0384-2024-Q1-SITE-E-ST01,2024-Q1,ORG-12345,SITE-E,England,Steel,Primary,Supplied as goods,4.7206,2024-03-09
REC-0385-2024-Q3-SITE-E-GL01,2024-Q3,ORG-12345,SITE-E,England,Glass,Secondary,Imported,1.60446,2024-09-02
REC-0386-2024-Q3-SITE-B-ST01,2024-Q3,ORG-12345,SITE-B,Scotland,Steel,Secondary,Imported,4.26979,2025-01-05
REC-0387-Q4 2024-SITE-C-PL01,,ORG-12345,SITE-C,Wales,Plastic,Primary,Imported,0.7842,2024-02-09
REC-0388-Q2 2024-SITE-D-ST01,2024-Q2,ORG-12345,SITE-D,Northern Ireland,Steel,Secondary,Supplied as goods,203.86,2024-09-07
REC-0389-Q2 2024-SITE-B-PL02,2024-Q2,ORG-12345,SITE-B,Scotland,Plastic,Tertiary,Supplied as goods,0.65119,2024-08-07
REC-0390-2024-Q3-SITE-E-PC01,2024-Q3,ORG-12345,SITE-E,England,Paper/card,Tertiary,Exported,4.691,2024-01-26
REC-0391-2024-Q3-SITE-A-PL02,2024-Q3,ORG-12345,SITE-A,England,Plastic,Primary,Exported,2.24499,2024-02-05
REC-0392-Q4 2024-SITE-D-WD01,,ORG-12345,SITE-D,Northern Ireland,Wood,Primary,Supplied as goods,4624.45,2024-07-28
REC-0393-2024-Q3-SITE-C-FB01,2024-Q3,ORG-12345,SITE-C,Wales,Fibre-based composite,Primary,Imported,1.11284,2024-03-31
REC-0394-Q4 2024-SITE-D-PL01,,ORG-12345,SITE-D,Northern Ireland,Plastic,Shipment,Exported,3104.04,2024-09-16
REC-0395-Q2 2024-SITE-B-PL01,2024-Q2,ORG-12345,SITE-B,Scotland,Plastic,Primary,Imported,1945.93,2024-10-19
REC-0396-2024-Q3-SITE-C-PL01,2024-Q3,ORG-12345,SITE-C,Wales,Plastic,Secondary,Exported,1827.6,2024-06-01
REC-0397-2024-Q1-SITE-C-GL01,2024-Q1,ORG-12345,SITE-C,Wales,Glass,Primary,Imported,3.0057300000000002,2024-10-12
REC-0398-Q2 2024-SITE-A-PC01,2024-Q2,ORG-12345,SITE-A,England,Paper/card,Tertiary,Exported,4.99805,2024-05-17
REC-0399-Q4 2024-SITE-E-ST01,,ORG-12345,SITE-E,England,Steel,Shipment,Exported,0.32675,2024-04-12
REC-0400-2024-Q1-SITE-E-GL01,2024-Q1,ORG-12345,SITE-E,England,Glass,Primary,Exported,1624.12,2025-01-07
REC-0401-2024Q2-SITE-D-PC01,2024-Q2,ORG-12345,SITE-D,Northern Ireland,Paper/card,Shipment,Exported,0.75341,2024-09-22
REC-0402-Q4 2024-SITE-A-PL01,,ORG-12345,SITE-A,England,Plastic,Primary,Supplied as goods,1.20149,2024-07-02
REC-0403-2024-Q1-SITE-C-AL01,2024-Q1,ORG-12345,SITE-C,Wales,Aluminium,Primary,Supplied as goods,1.73676,2024-03-30
REC-0404-2024-Q3-SITE-A-GL01,2024-Q3,ORG-12345,SITE-A,England,Glass,Tertiary,Supplied as goods,4240.08,2024-12-19
REC-0405-Q2 2024-SITE-B-FB01,2024-Q2,ORG-12345,SITE-B,Scotland,Fibre-based composite,Shipment,Supplied as goods,1.71598,2024-08-25
REC-0406-Q2 2024-SITE-B-WD01,2024-Q2,ORG-12345,SITE-B,Scotland,Wood,Tertiary,Imported,912.3,2024-06-20
REC-0407-2024-Q1-SITE-E-ST01,2024-Q1,ORG-12345,SITE-E,England,Steel,Primary,Supplied as goods,3657.71,2024-03-15
REC-0408-Q2 2024-SITE-D-PC01,2024-Q2,ORG-12345,SITE-D,Northern Ireland,Paper/card,Tertiary,Exported,1.1434300000000002,2024-02-23
REC-0409-Q4 2024-SITE-C-AL01,,ORG-12345,SITE-C,Wales,Aluminium,Secondary,Imported,0.8810399999999999,2024-05-29
REC-0410-2024-Q1-SITE-A-AL01,2024-Q1,ORG-12345,SITE-A,England,Aluminium,Primary,Exported,385.58,2024-07-30
REC-0411-Q4 2024-SITE-D-WD01,,ORG-12345,SITE-D,Northern Ireland,Wood,Tertiary,Imported,4847.05,2024-10-20
REC-0412-Q4 2024-SITE-B-FB01,,ORG-12345,SITE-B,Scotland,Fibre-based composite,Primary,Imported,3.9542100000000002,2024-02-01
REC-0413-2024-Q3-SITE-A-ST01,2024-Q3,ORG-12345,SITE-A,England,Steel,Primary,Imported,,2024-07-25
REC-0414-Q4 2024-SITE-C-GL01,,ORG-12345,SITE-C,Wales,Glass,Tertiary,Supplied as goods,2.75788,2024-01-30
REC-0415-2024-Q1-SITE-B-UNKNOWN,2024-Q1,ORG-12345,SITE-B,Scotland,,Tertiary,Supplied as goods,3056.22,2024-07-02
REC-0416-2024-Q3-SITE-C-AL01,2024-Q3,ORG-12345,SITE-C,Wales,Aluminium,Primary,Imported,3501.12,2024-03-04
REC-0417-2024-Q1-SITE-Z-PL01,2024-Q1,ORG-12345,SITE-Z,,Plastic,Secondary,Exported,2770.83,2024-01-16
REC-0418-2024-Q1-SITE-B-FB01,2024-Q1,ORG-12345,SITE-B,Scotland,Fibre-based composite,Primary,Imported,4128.29,2024-04-29
REC-0419-2024-Q3-SITE-A-GL01,2024-Q3,ORG-12345,SITE-A,England,Glass,Tertiary,Imported,4886.44,2024-09-12
REC-0420-2024-Q3-SITE-B-WD01,2024-Q3,ORG-12345,SITE-B,Scotland,Wood,Tertiary,Imported,501.13,2024-07-22
REC-0421-Q2 2024-SITE-C-GL01,2024-Q2,ORG-12345,SITE-C,Wales,Glass,Secondary,Supplied as goods,1353.32,2024-10-29
REC-0422-Q4 2024-SITE-C-PL01,,ORG-12345,SITE-C,Wales,Plastic,Primary,Exported,3.35397,2024-05-10
REC-0423-Q4 2024-SITE-E-OT01,,ORG-12345,SITE-E,England,Other,Primary,Imported,4101.11,2024-05-14
REC-0424-Q2 2024-SITE-E-WD01,2024-Q2,ORG-12345,SITE-E,England,Wood,Secondary,Supplied as goods,2.00428,2024-08-31
REC-0425-Q4 2024-SITE-A-GL01,,ORG-12345,SITE-A,England,Glass,Primary,Supplied as goods,4.051880000000001,2024-12-29
REC-0426-2024-Q1-SITE-C-FB01,2024-Q1,ORG-12345,SITE-C,Wales,Fibre-based composite,Primary,Exported,782.0,2024-07-31
REC-0427-Q4 2024-SITE-E-OT01,,ORG-12345,SITE-E,England,Other,Secondary,Exported,1664.33,2025-01-07
REC-0428-2024-Q1-SITE-B-OT01,2024-Q1,ORG-12345,SITE-B,Scotland,Other,Tertiary,Imported,0.60697,2024-10-29
REC-0429-2024-Q3-SITE-D-PL02,2024-Q3,ORG-12345,SITE-D,Northern Ireland,Plastic,Tertiary,Imported,4344.0,2024-12-15
REC-0430-Q4 2024-SITE-C-WD01,,ORG-12345,SITE-C,Wales,Wood,Shipment,Exported,2.39158,2024-11-26
REC-0431-2024-Q1-SITE-B-FB01,2024-Q1,ORG-12345,SITE-B,Scotland,Fibre-based composite,Primary,Imported,4453.39,2024-09-14
REC-0432-2024-Q3-SITE-C-ST01,2024-Q3,ORG-12345,SITE-C,Wales,Steel,Secondary,Supplied as goods,1722.44,2025-01-05
REC-0433-2024-Q3-SITE-C-PL02,2024-Q3,ORG-12345,SITE-C,Wales,Plastic,Tertiary,Supplied as goods,715.21,2024-08-15
REC-0434-2024-Q3-SITE-D-PL02,2024-Q3,ORG-12345,SITE-D,Northern Ireland,Plastic,Primary,Imported,1096.38,2024-10-04
REC-0435-2024-Q1-SITE-B-GL01,2024-Q1,ORG-12345,SITE-B,Scotland,Glass,Primary,Imported,3562.37,2024-04-22
REC-0436-2024-Q3-SITE-A-AL01,2024-Q3,ORG-12345,SITE-A,England,Aluminium,Tertiary,Supplied as goods,1284.98,2024-04-25
REC-0437-Q2 2024-SITE-A-ST01,2024-Q2,ORG-12345,SITE-A,England,Steel,Secondary,Imported,2.55038,2024-09-21
REC-0438-Q2 2024-SITE-C-WD01,2024-Q2,ORG-12345,SITE-C,Wales,Wood,Primary,Imported,2955.06,2025-01-01
REC-0439-Q2 2024-SITE-E-PL02,2024-Q2,ORG-12345,SITE-E,England,Plastic,Secondary,Supplied as goods,1.9635,2024-12-11
REC-0440-2024-Q1-SITE-E-AL01,2024-Q1,ORG-12345,SITE-E,England,Aluminium,Tertiary,Supplied as goods,1381.96,2024-01-19
REC-0441-2024-Q3-SITE-B-WD01,2024-Q3,ORG-12345,SITE-B,Scotland,Wood,Primary,Exported,0.90734,2024-06-19
REC-0442-Q2 2024-SITE-C-ST01,2024-Q2,ORG-12345,SITE-C,Wales,Steel,Secondary,Imported,4265.35,2024-06-17
REC-0443-2024-Q3-SITE-A-OT01,2024-Q3,ORG-12345,SITE-A,England,Other,Tertiary,Exported,2.0159100000000003,2024-12-11
REC-0444-2024-Q3-SITE-C-ST01,2024-Q3,ORG-12345,SITE-C,Wales,Steel,Secondary,Exported,0.58512,2024-06-29
REC-0445-Q2 2024-SITE-B-ST01,2024-Q2,ORG-12345,SITE-B,Scotland,Steel,Secondary,Exported,3569.91,2024-05-17
REC-0446-2024-Q1-SITE-B-PL01,2024-Q1,ORG-12345,SITE-B,Scotland,Plastic,Tertiary,Exported,2050.29,2024-09-25
REC-0447-Q2 2024-SITE-E-ST01,2024-Q2,ORG-12345,SITE-E,England,Steel,Secondary,Imported,2.05276,2024-05-07
REC-0448-2024-Q3-SITE-E-OT01,2024-Q3,ORG-12345,SITE-E,England,Other,Tertiary,Imported,4537.31,2024-12-16
REC-0449-Q2 2024-SITE-C-OT01,2024-Q2,ORG-12345,SITE-C,Wales,Other,Primary,Imported,0.53314,2024-07-04
REC-0450-2024-Q3-SITE-D-PL02,2024-Q3,ORG-12345,SITE-D,Northern Ireland,Plastic,Primary,Imported,1155.47,2024-05-27
REC-0451-Q2 2024-SITE-D-ST01,2024-Q2,ORG-12345,SITE-D,Northern Ireland,Steel,Secondary,Supplied as goods,2.3791599999999997,2024-03-16
REC-0452-Q2 2024-SITE-B-FB01,2024-Q2,ORG-12345,SITE-B,Scotland,Fibre-based composite,Shipment,Imported,2.0948800000000003,2024-08-11
REC-0453-Q4 2024-SITE-A-WD01,,ORG-12345,SITE-A,England,Wood,Primary,Imported,4.31885,2024-12-03
REC-0454-Q2 2024-SITE-C-GL01,2024-Q2,ORG-12345,SITE-C,Wales,Glass,Secondary,Exported,337.17,2024-11-05
REC-0455-Q4 2024-SITE-D-GL01,,ORG-12345,SITE-D,Northern Ireland,Glass,Secondary,Supplied as goods,690.56,2024-09-15
REC-0456-2024-Q3-SITE-A-FB01,2024-Q3,ORG-12345,SITE-A,England,Fibre-based composite,Primary,Supplied as goods,2692.22,2024-04-21
REC-0457-2024-Q3-SITE-B-PL01,2024-Q3,ORG-12345,SITE-B,Scotland,Plastic,Tertiary,Supplied as goods,3.1521,2024-03-21
REC-0458-2024-Q1-SITE-A-PL02,2024-Q1,ORG-12345,SITE-A,England,Plastic,Secondary,Exported,2.9639200000000003,2024-06-11
REC-0459-Q2 2024-SITE-D-WD01,2024-Q2,ORG-12345,SITE-D,Northern Ireland,Wood,Tertiary,Exported,3002.03,2024-09-21
REC-0460-Q2 2024-SITE-A-PC01,2024-Q2,ORG-12345,SITE-A,England,Paper/card,Tertiary,Supplied as goods,866.17,2024-03-22
REC-0461-2024-Q3-SITE-A-AL01,2024-Q3,ORG-12345,SITE-A,England,Aluminium,Tertiary,Supplied as goods,2.96898,2024-12-13
REC-0462-2024-Q1-SITE-E-PL01,2024-Q1,ORG-12345,SITE-E,England,Plastic,Secondary,Exported,1.3161600000000002,2024-03-10
REC-0463-2024-Q1-SITE-D-PL01,2024-Q1,ORG-12345,SITE-D,Northern Ireland,Plastic,Primary,Exported,623.16,2024-05-23
REC-0464-Q4 2024-SITE-C-WD01,,ORG-12345,SITE-C,Wales,Wood,Tertiary,Supplied as goods,1.0672000000000001,2024-03-06
REC-0465-2024-Q1-SITE-D-OT01,2024-Q1,ORG-12345,SITE-D,Northern Ireland,Other,Secondary,Exported,3.0478899999999998,2024-11-26
REC-0466-Q2 2024-SITE-B-PL02,2024-Q2,ORG-12345,SITE-B,Scotland,Plastic,Secondary,Supplied as goods,3934.56,2024-10-08
REC-0467-Q4 2024-SITE-A-AL01,,ORG-12345,SITE-A,England,Aluminium,Secondary,Exported,2.07829,2025-01-01
REC-0468-Q4 2024-SITE-A-WD01,,ORG-12345,SITE-A,England,Wood,Secondary,Supplied as goods,0.06355,2024-03-01
REC-0469-Q4 2024-SITE-B-OT01,,ORG-12345,SITE-B,Scotland,Other,Primary,Exported,3631.7,2024-05-29
REC-0470-2024-Q3-SITE-C-WD01,2024-Q3,ORG-12345,SITE-C,Wales,Wood,Primary,Supplied as goods,4.07523,2024-06-23
REC-0471-Q2 2024-SITE-A-FB01,2024-Q2,ORG-12345,SITE-A,England,Fibre-based composite,Tertiary,Supplied as goods,0.52024,2024-12-11
REC-0472-2024-Q3-SITE-A-GL01,2024-Q3,ORG-12345,SITE-A,England,Glass,Secondary,Imported,4477.91,2024-04-17
REC-0473-Q4 2024-SITE-D-PL02,,ORG-12345,SITE-D,Northern Ireland,Plastic,Secondary,Imported,4813.43,2024-12-12
REC-0474-2024-Q1-SITE-B-GL01,2024-Q1,ORG-12345,SITE-B,Scotland,Glass,Primary,Supplied as goods,3.49604,2024-11-12
REC-0475-Q4 2024-SITE-E-WD01,,ORG-12345,SITE-E,England,Wood,Tertiary,Exported,3.4080500000000002,2024-11-23
REC-0476-Q4 2024-SITE-D-PL01,,ORG-12345,SITE-D,Northern Ireland,Plastic,Tertiary,Exported,4.40575,2024-08-12
REC-0477-Q2 2024-SITE-A-WD01,2024-Q2,ORG-12345,SITE-A,England,Wood,Primary,Supplied as goods,1344.98,2024-07-06
REC-0478-Q2 2024-SITE-D-OT01,2024-Q2,ORG-12345,SITE-D,Northern Ireland,Other,Shipment,Exported,3.51787,2024-07-10
REC-0479-Q2 2024-SITE-A-FB01,2024-Q2,ORG-12345,SITE-A,England,Fibre-based composite,Primary,Exported,4.4657100000000005,2024-09-11
REC-0480-Q2 2024-SITE-C-WD01,2024-Q2,ORG-12345,SITE-C,Wales,Wood,Tertiary,Supplied as goods,420.58,2024-06-05
REC-0481-Q2 2024-SITE-D-PL01,2024-Q2,ORG-12345,SITE-D,Northern Ireland,Plastic,Shipment,Supplied as goods,2774.95,2024-09-06
REC-0482-2024-Q3-SITE-D-WD01,2024-Q3,ORG-12345,SITE-D,Northern Ireland,Wood,Tertiary,Exported,2268.09,2024-09-25
REC-0483-2024-Q3-SITE-A-PL01,2024-Q3,ORG-12345,SITE-A,England,Plastic,Primary,Imported,2.09108,2024-10-28
REC-0484-2024-Q1-SITE-C-AL01,2024-Q1,ORG-12345,SITE-C,Wales,Aluminium,Tertiary,Exported,2308.23,2024-09-03
REC-0485-2024-Q1-SITE-D-PC01,2024-Q1,ORG-12345,SITE-D,Northern Ireland,Paper/card,Shipment,Exported,3019.76,2024-12-17
REC-0486-2024-Q3-SITE-E-AL01,2024-Q3,ORG-12345,SITE-E,England,Aluminium,Primary,Imported,1807.94,2024-03-09
REC-0487-2024-Q3-SITE-A-PL01,2024-Q3,ORG-12345,SITE-A,England,Plastic,Primary,Imported,745.22,2024-04-24
REC-0488-2024-Q1-SITE-C-AL01,2024-Q1,ORG-12345,SITE-C,Wales,Aluminium,Primary,Imported,1.11717,2024-02-07
REC-0489-2024-Q1-SITE-D-PL02,2024-Q1,ORG-12345,SITE-D,Northern Ireland,Plastic,Tertiary,Imported,2.31407,2024-02-08
REC-0490-Q2 2024-SITE-E-OT01,2024-Q2,ORG-12345,SITE-E,England,Other,Secondary,Exported,2.44051,2024-03-20
REC-0491-Q4 2024-SITE-E-PL02,,ORG-12345,SITE-E,England,Plastic,Secondary,Exported,3022.7,2024-11-21
REC-0492-Q2 2024-SITE-D-AL01,2024-Q2,ORG-12345,SITE-D,Northern Ireland,Aluminium,Secondary,Imported,4819.79,2024-08-13
REC-0493-Q2 2024-SITE-E-OT01,2024-Q2,ORG-12345,SITE-E,England,Other,Secondary,Exported,2761.64,2024-05-01
REC-0494-2024-Q3-SITE-B-ST01,2024-Q3,ORG-12345,SITE-B,Scotland,Steel,Tertiary,Imported,4.6099,2024-03-14
REC-0495-2024-Q3-SITE-E-PC01,2024-Q3,ORG-12345,SITE-E,England,Paper/card,Shipment,Imported,2934.89,2024-01-21
REC-0496-Q2 2024-SITE-A-OT01,2024-Q2,ORG-12345,SITE-A,England,Other,Primary,Supplied as goods,1.93531,2024-04-06
REC-0497-Q2 2024-SITE-C-ST01,2024-Q2,ORG-12345,SITE-C,Wales,Steel,Tertiary,Imported,0.7748200000000001,2024-01-31
REC-0498-Q4 2024-SITE-E-PC01,,ORG-12345,SITE-E,England,Paper/card,Tertiary,Imported,0.55728,2024-10-02
REC-0499-Q4 2024-SITE-D-ST01,,ORG-12345,SITE-D,Northern Ireland,Steel,Tertiary,Exported,282.55,2024-06-23
REC-0500-Q4 2024-SITE-E-OT01,,ORG-12345,SITE-E,England,Other,Primary,Supplied as goods,3.73117,2024-12-04
REC-0501-2024Q2-SITE-B-PC01,2024-Q2,ORG-12345,SITE-B,Scotland,Paper/card,Tertiary,Exported,2.75574,2024-04-14
REC-0502-2024-Q1-SITE-D-PL02,2024-Q1,ORG-12345,SITE-D,Northern Ireland,Plastic,Primary,Supplied as goods,3.68864,2024-06-05
REC-0503-2024-Q3-SITE-A-OT01,2024-Q3,ORG-12345,SITE-A,England,Other,Primary,Supplied as goods,846.6,2024-04-03
REC-0504-2024-Q3-SITE-D-PL01,2024-Q3,ORG-12345,SITE-D,Northern Ireland,Plastic,Primary,Imported,3004.56,2024-06-25
REC-0505-Q4 2024-SITE-D-OT01,,ORG-12345,SITE-D,Northern Ireland,Other,Primary,Supplied as goods,2.6270000000000002,2024-07-11
REC-0506-Q2 2024-SITE-C-AL01,2024-Q2,ORG-12345,SITE-C,Wales,Aluminium,Primary,Exported,1692.82,2024-10-12
REC-0507-Q2 2024-SITE-D-WD01,2024-Q2,ORG-12345,SITE-D,Northern Ireland,Wood,Shipment,Exported,93.58,2024-03-15
REC-0508-Q4 2024-SITE-A-AL01,,ORG-12345,SITE-A,England,Aluminium,Primary,Exported,4434.02,2024-10-17
REC-0509-Q4 2024-SITE-E-ST01,,ORG-12345,SITE-E,England,Steel,Primary,Exported,4119.44,2024-02-06
REC-0510-Q2 2024-SITE-A-ST01,2024-Q2,ORG-12345,SITE-A,England,Steel,Tertiary,Supplied as goods,1.63555,2024-10-14
REC-0511-2024-Q1-SITE-D-PL01,2024-Q1,ORG-12345,SITE-D,Northern Ireland,Plastic,Tertiary,Supplied as goods,1.09337,2024-10-16
REC-0512-Q4 2024-SITE-A-FB01,,ORG-12345,SITE-A,England,Fibre-based composite,Tertiary,Supplied as goods,3.74711,2024-07-02
REC-0513-2024-Q1-SITE-E-PL01,2024-Q1,ORG-12345,SITE-E,England,Plastic,Primary,Supplied as goods,,2024-05-10
REC-0514-2024-Q3-SITE-D-ST01,2024-Q3,ORG-12345,SITE-D,Northern Ireland,Steel,Secondary,Imported,2283.07,2024-08-01
REC-0515-2024-Q1-SITE-E-UNKNOWN,2024-Q1,ORG-12345,SITE-E,England,,Shipment,Supplied as goods,3.22504,2024-02-21
REC-0516-2024-Q1-SITE-E-PC01,2024-Q1,ORG-12345,SITE-E,England,Paper/card,Shipment,Supplied as goods,1484.69,2024-08-26
REC-0517-Q2 2024-SITE-Z-FB01,2024-Q2,ORG-12345,SITE-Z,,Fibre-based composite,Secondary,Exported,0.20255,2024-08-02
REC-0518-Q2 2024-SITE-A-OT01,2024-Q2,ORG-12345,SITE-A,England,Other,Secondary,Exported,763.17,2024-02-05
REC-0519-Q2 2024-SITE-C-PL01,2024-Q2,ORG-12345,SITE-C,Wales,Plastic,Shipment,Exported,2.0007,2024-07-09
REC-0520-Q2 2024-SITE-B-AL01,2024-Q2,ORG-12345,SITE-B,Scotland,Aluminium,Secondary,Exported,4.2647200000000005,2024-11-25
REC-0521-Q4 2024-SITE-E-ST01,,ORG-12345,SITE-E,England,Steel,Primary,Supplied as goods,0.94772,2024-10-22
REC-0522-Q4 2024-SITE-B-PL02,,ORG-12345,SITE-B,Scotland,Plastic,Secondary,Exported,0.38345,2024-07-15
REC-0523-2024-Q1-SITE-E-GL01,2024-Q1,ORG-12345,SITE-E,England,Glass,Tertiary,Exported,1210.94,2024-06-25
REC-0524-Q2 2024-SITE-E-WD01,2024-Q2,ORG-12345,SITE-E,England,Wood,Secondary,Imported,3100.9,2024-10-31
REC-0525-2024-Q3-SITE-A-PC01,2024-Q3,ORG-12345,SITE-A,England,Paper/card,Tertiary,Imported,4.79536,2024-05-07
REC-0526-Q4 2024-SITE-D-FB01,,ORG-12345,SITE-D,Northern Ireland,Fibre-based composite,Secondary,Imported,714.81,2024-07-16
REC-0527-Q2 2024-SITE-C-ST01,2024-Q2,ORG-12345,SITE-C,Wales,Steel,Secondary,Exported,0.58872,2024-04-24
REC-0528-2024-Q1-SITE-A-ST01,2024-Q1,ORG-12345,SITE-A,England,Steel,Tertiary,Exported,0.42849000000000004,2024-11-06
REC-0529-2024-Q3-SITE-E-FB01,2024-Q3,ORG-12345,SITE-E,England,Fibre-based composite,Tertiary,Exported,1.1031700000000002,2024-10-17
REC-0530-2024-Q3-SITE-E-WD01,2024-Q3,ORG-12345,SITE-E,England,Wood,Tertiary,Supplied as goods,1.8608,2024-09-08
REC-0531-Q2 2024-SITE-B-OT01,2024-Q2,ORG-12345,SITE-B,Scotland,Other,Shipment,Supplied as goods,2.01409,2024-03-26
REC-0532-2024-Q3-SITE-D-WD01,2024-Q3,ORG-12345,SITE-D,Northern Ireland,Wood,Primary,Supplied as goods,2.8534699999999997,2024-05-06
REC-0533-Q2 2024-SITE-A-WD01,2024-Q2,ORG-12345,SITE-A,England,Wood,Primary,Supplied as goods,1.35857,2024-07-17
REC-0534-2024-Q1-SITE-C-FB01,2024-Q1,ORG-12345,SITE-C,Wales,Fibre-based composite,Secondary,Imported,4.41368,2024-10-07
REC-0535-Q4 2024-SITE-D-ST01,,ORG-12345,SITE-D,Northern Ireland,Steel,Tertiary,Exported,1.35341,2024-11-10
REC-0536-Q4 2024-SITE-E-PL02,,ORG-12345,SITE-E,England,Plastic,Shipment,Imported,1.91283,2024-07-09
REC-0537-Q2 2024-SITE-E-WD01,2024-Q2,ORG-12345,SITE-E,England,Wood,Tertiary,Imported,4.4415000000000004,2024-04-08
REC-0538-Q2 2024-SITE-B-AL01,2024-Q2,ORG-12345,SITE-B,Scotland,Aluminium,Primary,Exported,3.23521,2024-07-18
REC-0539-Q4 2024-SITE-A-PL02,,ORG-12345,SITE-A,England,Plastic,Tertiary,Supplied as goods,2102.34,2024-09-16
REC-0540-Q2 2024-SITE-A-WD01,2024-Q2,ORG-12345,SITE-A,England,Wood,Primary,Exported,848.17,2024-03-20
REC-0541-Q2 2024-SITE-A-GL01,2024-Q2,ORG-12345,SITE-A,England,Glass,Primary,Exported,2.58758,2024-04-16
REC-0542-2024-Q1-SITE-C-OT01,2024-Q1,ORG-12345,SITE-C,Wales,Other,Secondary,Exported,4.84776,2024-08-31
REC-0543-Q2 2024-SITE-E-WD01,2024-Q2,ORG-12345,SITE-E,England,Wood,Tertiary,Imported,894.31,2024-04-17
REC-0544-2024-Q1-SITE-D-OT01,2024-Q1,ORG-12345,SITE-D,Northern Ireland,Other,Secondary,Supplied as goods,3634.72,2024-07-26
REC-0545-2024-Q1-SITE-B-FB01,2024-Q1,ORG-12345,SITE-B,Scotland,Fibre-based composite,Primary,Supplied as goods,131.99,2024-09-14
REC-0546-Q4 2024-SITE-A-PL01,,ORG-12345,SITE-A,England,Plastic,Tertiary,Exported,2.54148,2024-03-21
REC-0547-Q4 2024-SITE-E-OT01,,ORG-12345,SITE-E,England,Other,Tertiary,Supplied as goods,4490.0,2024-02-06
REC-0548-2024-Q3-SITE-D-OT01,2024-Q3,ORG-12345,SITE-D,Northern Ireland,Other,Secondary,Supplied as goods,4695.19,2025-01-05
REC-0549-2024-Q3-SITE-A-PL02,2024-Q3,ORG-12345,SITE-A,England,Plastic,Secondary,Supplied as goods,1.30986,2024-10-19
REC-0550-2024-Q1-SITE-E-FB01,2024-Q1,ORG-12345,SITE-E,England,Fibre-based composite,Secondary,Supplied as goods,0.07707,2024-01-18
REC-0551-2024-Q3-SITE-D-FB01,2024-Q3,ORG-12345,SITE-D,Northern Ireland,Fibre-based composite,Tertiary,Supplied as goods,3454.45,2024-04-03
REC-0552-2024-Q3-SITE-E-FB01,2024-Q3,ORG-12345,SITE-E,England,Fibre-based composite,Tertiary,Exported,1305.48,2024-06-04
REC-0553-2024-Q3-SITE-B-FB01,2024-Q3,ORG-12345,SITE-B,Scotland,Fibre-based composite,Tertiary,Supplied as goods,2095.48,2024-10-25
REC-0554-2024-Q1-SITE-B-WD01,2024-Q1,ORG-12345,SITE-B,Scotland,Wood,Secondary,Imported,2909.37,2024-05-11
REC-0555-Q4 2024-SITE-B-WD01,,ORG-12345,SITE-B,Scotland,Wood,Tertiary,Exported,4.748760000000001,2024-10-22
REC-0556-Q2 2024-SITE-A-PL01,2024-Q2,ORG-12345,SITE-A,England,Plastic,Primary,Imported,4.82462,2024-11-17
REC-0557-2024-Q1-SITE-A-FB01,2024-Q1,ORG-12345,SITE-A,England,Fibre-based composite,Primary,Supplied as goods,1352.31,2024-07-29
REC-0558-Q4 2024-SITE-B-FB01,,ORG-12345,SITE-B,Scotland,Fibre-based composite,Shipment,Exported,2.62898,2024-01-20
REC-0559-2024-Q1-SITE-B-AL01,2024-Q1,ORG-12345,SITE-B,Scotland,Aluminium,Tertiary,Exported,4657.25,2024-10-02
REC-0560-Q2 2024-SITE-C-OT01,2024-Q2,ORG-12345,SITE-C,Wales,Other,Tertiary,Supplied as goods,3.09519,2024-01-15
REC-0561-Q4 2024-SITE-D-GL01,,ORG-12345,SITE-D,Northern Ireland,Glass,Primary,Imported,3909.38,2024-04-26
REC-0562-2024-Q3-SITE-E-OT01,2024-Q3,ORG-12345,SITE-E,England,Other,Primary,Exported,3.53293,2024-10-27
REC-0563-Q4 2024-SITE-D-PC01,,ORG-12345,SITE-D,Northern Ireland,Paper/card,Secondary,Imported,1.17016,2024-01-17
REC-0564-2024-Q3-SITE-E-ST01,2024-Q3,ORG-12345,SITE-E,England,Steel,Primary,Imported,2.55588,2024-03-14
REC-0565-Q4 2024-SITE-D-OT01,,ORG-12345,SITE-D,Northern Ireland,Other,Secondary,Exported,4075.08,2024-09-18
REC-0566-2024-Q1-SITE-D-AL01,2024-Q1,ORG-12345,SITE-D,Northern Ireland,Aluminium,Tertiary,Imported,4808.13,2024-03-14
REC-0567-2024-Q3-SITE-B-ST01,2024-Q3,ORG-12345,SITE-B,Scotland,Steel,Primary,Imported,3.18663,2024-07-13
REC-0568-2024-Q3-SITE-B-OT01,2024-Q3,ORG-12345,SITE-B,Scotland,Other,Shipment,Supplied as goods,3519.05,2024-08-06
REC-0569-2024-Q3-SITE-C-PC01,2024-Q3,ORG-12345,SITE-C,Wales,Paper/card,Primary,Exported,4660.41,2024-11-03
REC-0570-Q2 2024-SITE-D-ST01,2024-Q2,ORG-12345,SITE-D,Northern Ireland,Steel,Primary,Exported,3.4313800000000003,2024-05-17
REC-0571-2024-Q3-SITE-E-ST01,2024-Q3,ORG-12345,SITE-E,England,Steel,Primary,Supplied as goods,1.05369,2024-03-09
REC-0572-2024-Q1-SITE-E-PL02,2024-Q1,ORG-12345,SITE-E,England,Plastic,Primary,Exported,4781.11,2024-02-05
REC-0573-Q2 2024-SITE-D-WD01,2024-Q2,ORG-12345,SITE-D,Northern Ireland,Wood,Secondary,Exported,1611.31,2024-06-06
REC-0574-2024-Q1-SITE-D-FB01,2024-Q1,ORG-12345,SITE-D,Northern Ireland,Fibre-based composite,Primary,Exported,684.82,2024-07-10
REC-0575-Q4 2024-SITE-A-FB01,,ORG-12345,SITE-A,England,Fibre-based composite,Tertiary,Exported,3890.72,2025-01-01
REC-0576-2024-Q3-SITE-C-PL01,2024-Q3,ORG-12345,SITE-C,Wales,Plastic,Primary,Exported,1.09322,2024-05-26
REC-0577-2024-Q3-SITE-E-GL01,2024-Q3,ORG-12345,SITE-E,England,Glass,Shipment,Imported,1223.84,2024-04-18
REC-0578-Q4 2024-SITE-C-WD01,,ORG-12345,SITE-C,Wales,Wood,Secondary,Supplied as goods,2124.51,2024-09-01
REC-0579-2024-Q3-SITE-A-GL01,2024-Q3,ORG-12345,SITE-A,England,Glass,Shipment,Supplied as goods,4.897399999999999,2024-10-25
REC-0580-2024-Q1-SITE-D-FB01,2024-Q1,ORG-12345,SITE-D,Northern Ireland,Fibre-based composite,Tertiary,Imported,1.02051,2024-08-17
REC-0581-2024-Q3-SITE-D-WD01,2024-Q3,ORG-12345,SITE-D,Northern Ireland,Wood,Primary,Exported,2609.18,2024-10-28
REC-0582-2024-Q3-SITE-B-PL01,2024-Q3,ORG-12345,SITE-B,Scotland,Plastic,Secondary,Supplied as goods,3.4681900000000003,2024-12-02
REC-0583-2024-Q3-SITE-C-PL02,2024-Q3,ORG-12345,SITE-C,Wales,Plastic,Secondary,Exported,1706.55,2024-01-25
REC-0584-Q2 2024-SITE-E-FB01,2024-Q2,ORG-12345,SITE-E,England,Fibre-based composite,Primary,Imported,4.34347,2024-07-14
REC-0585-Q4 2024-SITE-A-PC01,,ORG-12345,SITE-A,England,Paper/card,Tertiary,Exported,2463.09,2024-06-09
REC-0586-Q4 2024-SITE-D-WD01,,ORG-12345,SITE-D,Northern Ireland,Wood,Tertiary,Supplied as goods,4347.88,2024-02-24
REC-0587-Q4 2024-SITE-C-GL01,,ORG-12345,SITE-C,Wales,Glass,Secondary,Supplied as goods,1601.74,2024-08-29
REC-0588-Q2 2024-SITE-D-PC01,2024-Q2,ORG-12345,SITE-D,Northern Ireland,Paper/card,Tertiary,Exported,2628.63,2024-01-26
REC-0589-Q2 2024-SITE-B-GL01,2024-Q2,ORG-12345,SITE-B,Scotland,Glass,Tertiary,Supplied as goods,3.3270100000000005,2024-03-07
REC-0590-2024-Q1-SITE-D-PL02,2024-Q1,ORG-12345,SITE-D,Northern Ireland,Plastic,Primary,Imported,2.7647500000000003,2024-05-28
REC-0591-Q2 2024-SITE-C-GL01,2024-Q2,ORG-12345,SITE-C,Wales,Glass,Primary,Exported,4661.37,2024-06-08
REC-0592-2024-Q1-SITE-A-WD01,2024-Q1,ORG-12345,SITE-A,England,Wood,Tertiary,Supplied as goods,0.6998200000000001,2024-07-15
REC-0593-Q4 2024-SITE-E-PC01,,ORG-12345,SITE-E,England,Paper/card,Tertiary,Imported,2362.61,2025-01-06
REC-0594-2024-Q3-SITE-E-OT01,2024-Q3,ORG-12345,SITE-E,England,Other,Primary,Exported,3008.04,2024-09-17
REC-0595-2024-Q3-SITE-D-OT01,2024-Q3,ORG-12345,SITE-D,Northern Ireland,Other,Primary,Supplied as goods,2237.21,2024-06-18
REC-0596-2024-Q3-SITE-C-PL01,2024-Q3,ORG-12345,SITE-C,Wales,Plastic,Primary,Exported,4.08613,2024-10-14
REC-0597-2024-Q1-SITE-C-PL01,2024-Q1,ORG-12345,SITE-C,Wales,Plastic,Tertiary,Imported,4737.44,2024-06-12
REC-0598-Q4 2024-SITE-D-AL01,,ORG-12345,SITE-D,Northern Ireland,Aluminium,Tertiary,Supplied as goods,2.76365,2024-05-21
REC-0599-2024-Q3-SITE-B-GL01,2024-Q3,ORG-12345,SITE-B,Scotland,Glass,Tertiary,Exported,3247.65,2024-08-18
REC-0600-2024-Q3-SITE-C-AL01,2024-Q3,ORG-12345,SITE-C,Wales,Aluminium,Shipment,Exported,4047.5,2024-04-20
REC-0601-2024Q2-SITE-E-PL02,2024-Q2,ORG-12345,SITE-E,England,Plastic,Primary,Supplied as goods,1483.5,2025-01-07
REC-0602-2024-Q1-SITE-E-WD01,2024-Q1,ORG-12345,SITE-E,England,Wood,Primary,Imported,0.14601,2024-03-07
REC-0603-2024-Q1-SITE-B-ST01,2024-Q1,ORG-12345,SITE-B,Scotland,Steel,Primary,Supplied as goods,3.59022,2024-01-22
REC-0604-Q4 2024-SITE-C-WD01,,ORG-12345,SITE-C,Wales,Wood,Primary,Imported,2130.2,2024-01-31
REC-0605-Q4 2024-SITE-A-PC01,,ORG-12345,SITE-A,England,Paper/card,Primary,Supplied as goods,0.32739,2024-04-22
REC-0606-Q4 2024-SITE-B-ST01,,ORG-12345,SITE-B,Scotland,Steel,Tertiary,Imported,4.149850000000001,2024-05-20
REC-0607-Q2 2024-SITE-E-PL01,2024-Q2,ORG-12345,SITE-E,England,Plastic,Primary,Imported,3.68985,2024-03-15
REC-0608-2024-Q1-SITE-E-ST01,2024-Q1,ORG-12345,SITE-E,England,Steel,Secondary,Supplied as goods,3.1643600000000003,2024-09-17
REC-0609-Q2 2024-SITE-A-ST01,2024-Q2,ORG-12345,SITE-A,England,Steel,Primary,Imported,4.44322,2024-08-24
REC-0610-Q2 2024-SITE-D-PC01,2024-Q2,ORG-12345,SITE-D,Northern Ireland,Paper/card,Primary,Supplied as goods,3.98223,2024-02-05
REC-0611-Q2 2024-SITE-B-WD01,2024-Q2,ORG-12345,SITE-B,Scotland,Wood,Tertiary,Exported,0.8172100000000001,2024-03-01
REC-0612-2024-Q1-SITE-B-PC01,2024-Q1,ORG-12345,SITE-B,Scotland,Paper/card,Tertiary,Exported,347.26,2024-09-20
REC-0613-Q2 2024-SITE-D-AL01,2024-Q2,ORG-12345,SITE-D,Northern Ireland,Aluminium,Secondary,Exported,,2025-01-01
REC-0614-Q4 2024-SITE-D-FB01,,ORG-12345,SITE-D,Northern Ireland,Fibre-based composite,Secondary,Exported,0.71692,2024-06-13
REC-0615-2024-Q3-SITE-E-UNKNOWN,2024-Q3,ORG-12345,SITE-E,England,,Tertiary,Imported,0.98939,2024-09-10
REC-0616-Q2 2024-SITE-A-ST01,2024-Q2,ORG-12345,SITE-A,England,Steel,Tertiary,Exported,4.57665,2024-06-14
REC-0617-2024-Q1-SITE-Z-ST01,2024-Q1,ORG-12345,SITE-Z,,Steel,Shipment,Imported,2297.69,2024-07-19
REC-0618-Q4 2024-SITE-B-AL01,,ORG-12345,SITE-B,Scotland,Aluminium,Secondary,Exported,363.54,2024-04-02
REC-0619-2024-Q1-SITE-A-ST01,2024-Q1,ORG-12345,SITE-A,England,Steel,Secondary,Imported,3.22247,2024-03-21
REC-0620-2024-Q1-SITE-B-GL01,2024-Q1,ORG-12345,SITE-B,Scotland,Glass,Tertiary,Supplied as goods,1050.29,2024-11-02
REC-0621-2024-Q3-SITE-A-FB01,2024-Q3,ORG-12345,SITE-A,England,Fibre-based composite,Tertiary,Imported,2652.82,2024-11-20
REC-0622-2024-Q1-SITE-D-PL02,2024-Q1,ORG-12345,SITE-D,Northern Ireland,Plastic,Primary,Supplied as goods,3.29596,2024-10-26
REC-0623-2024-Q3-SITE-E-FB01,2024-Q3,ORG-12345,SITE-E,England,Fibre-based composite,Tertiary,Imported,3.98154,2024-02-04
REC-0624-2024-Q1-SITE-E-PL02,2024-Q1,ORG-12345,SITE-E,England,Plastic,Tertiary,Imported,0.43578,2024-05-12
REC-0625-Q2 2024-SITE-E-OT01,2024-Q2,ORG-12345,SITE-E,England,Other,Secondary,Supplied as goods,1.00594,2024-10-26
REC-0626-Q4 2024-SITE-D-FB01,,ORG-12345,SITE-D,Northern Ireland,Fibre-based composite,Tertiary,Supplied as goods,3843.1,2024-04-09
REC-0627-Q4 2024-SITE-E-GL01,,ORG-12345,SITE-E,England,Glass,Shipment,Imported,2.54823,2024-06-24
REC-0628-Q2 2024-SITE-C-OT01,2024-Q2,ORG-12345,SITE-C,Wales,Other,Secondary,Imported,2091.1,2024-10-20
REC-0629-Q4 2024-SITE-C-AL01,,ORG-12345,SITE-C,Wales,Aluminium,Secondary,Exported,4634.43,2024-08-05
REC-0630-Q2 2024-SITE-E-PL01,2024-Q2,ORG-12345,SITE-E,England,Plastic,Tertiary,Supplied as goods,4.91563,2024-01-18
REC-0631-Q2 2024-SITE-C-ST01,2024-Q2,ORG-12345,SITE-C,Wales,Steel,Primary,Supplied as goods,4.28582,2024-02-03
REC-0632-Q2 2024-SITE-E-WD01,2024-Q2,ORG-12345,SITE-E,England,Wood,Secondary,Supplied as goods,735.12,2024-05-25
REC-0633-2024-Q3-SITE-A-ST01,2024-Q3,ORG-12345,SITE-A,England,Steel,Primary,Exported,2.029,2024-04-12
REC-0634-2024-Q3-SITE-E-WD01,2024-Q3,ORG-12345,SITE-E,England,Wood,Tertiary,Exported,3.5291,2024-11-05
REC-0635-Q4 2024-SITE-C-FB01,,ORG-12345,SITE-C,Wales,Fibre-based composite,Primary,Supplied as goods,4613.26,2024-03-16
REC-0636-2024-Q1-SITE-D-AL01,2024-Q1,ORG-12345,SITE-D,Northern Ireland,Aluminium,Tertiary,Exported,4.25492,2024-10-09
REC-0637-Q2 2024-SITE-E-PL01,2024-Q2,ORG-12345,SITE-E,England,Plastic,Secondary,Exported,2846.32,2024-02-09
REC-0638-Q4 2024-SITE-B-FB01,,ORG-12345,SITE-B,Scotland,Fibre-based composite,Secondary,Exported,2.8975100000000005,2024-08-03
REC-0639-Q4 2024-SITE-E-GL01,,ORG-12345,SITE-E,England,Glass,Primary,Imported,0.4586,2024-02-27
REC-0640-Q4 2024-SITE-B-FB01,,ORG-12345,SITE-B,Scotland,Fibre-based composite,Shipment,Imported,3.88043,2024-04-25
REC-0641-2024-Q1-SITE-B-WD01,2024-Q1,ORG-12345,SITE-B,Scotland,Wood,Secondary,Exported,2.8780900000000003,2024-08-22
REC-0642-2024-Q3-SITE-D-PC01,2024-Q3,ORG-12345,SITE-D,Northern Ireland,Paper/card,Tertiary,Exported,493.49,2024-04-21
REC-0643-2024-Q3-SITE-B-PC01,2024-Q3,ORG-12345,SITE-B,Scotland,Paper/card,Secondary,Exported,3294.28,2024-08-28
REC-0644-2024-Q3-SITE-B-GL01,2024-Q3,ORG-12345,SITE-B,Scotland,Glass,Secondary,Supplied as goods,4.62486,2024-02-27
REC-0645-2024-Q1-SITE-C-PL02,2024-Q1,ORG-12345,SITE-C,Wales,Plastic,Tertiary,Supplied as goods,1.25309,2025-01-04
REC-0646-Q2 2024-SITE-B-PL02,2024-Q2,ORG-12345,SITE-B,Scotland,Plastic,Secondary,Imported,2382.39,2024-10-20
REC-0647-Q4 2024-SITE-A-OT01,,ORG-12345,SITE-A,England,Other,Tertiary,Imported,2.76656,2024-12-19
REC-0648-2024-Q3-SITE-B-OT01,2024-Q3,ORG-12345,SITE-B,Scotland,Other,Primary,Imported,893.08,2024-09-09
REC-0649-2024-Q1-SITE-A-PL01,2024-Q1,ORG-12345,SITE-A,England,Plastic,Primary,Imported,3318.85,2024-12-12
REC-0650-Q4 2024-SITE-C-FB01,,ORG-12345,SITE-C,Wales,Fibre-based composite,Primary,Imported,2.56727,2024-10-13
REC-0651-2024-Q1-SITE-E-PL02,2024-Q1,ORG-12345,SITE-E,England,Plastic,Primary,Supplied as goods,2528.22,2024-05-20
REC-0652-2024-Q3-SITE-A-OT01,2024-Q3,ORG-12345,SITE-A,England,Other,Secondary,Imported,2.4751700000000003,2024-07-13
REC-0653-2024-Q3-SITE-A-PC01,2024-Q3,ORG-12345,SITE-A,England,Paper/card,Tertiary,Imported,1219.21,2024-01-30
REC-0654-2024-Q1-SITE-B-OT01,2024-Q1,ORG-12345,SITE-B,Scotland,Other,Secondary,Supplied as goods,800.96,2024-07-28
REC-0655-Q2 2024-SITE-D-OT01,2024-Q2,ORG-12345,SITE-D,Northern Ireland,Other,Tertiary,Exported,4.36987,2024-04-02
REC-0656-Q2 2024-SITE-B-FB01,2024-Q2,ORG-12345,SITE-B,Scotland,Fibre-based composite,Secondary,Exported,1.6799600000000001,2024-10-18
REC-0657-Q2 2024-SITE-D-AL01,2024-Q2,ORG-12345,SITE-D,Northern Ireland,Aluminium,Tertiary,Supplied as goods,1.57954,2024-10-30
REC-0658-2024-Q3-SITE-B-GL01,2024-Q3,ORG-12345,SITE-B,Scotland,Glass,Secondary,Supplied as goods,2.80883,2024-01-30
REC-0659-Q2 2024-SITE-B-PC01,2024-Q2,ORG-12345,SITE-B,Scotland,Paper/card,Secondary,Imported,1551.57,2024-03-22
REC-0660-Q2 2024-SITE-E-GL01,2024-Q2,ORG-12345,SITE-E,England,Glass,Primary,Exported,3.10389,2024-12-31
REC-0661-Q4 2024-SITE-B-PL01,,ORG-12345,SITE-B,Scotland,Plastic,Secondary,Supplied as goods,3456.3,2024-12-12
REC-0662-Q2 2024-SITE-B-PC01,2024-Q2,ORG-12345,SITE-B,Scotland,Paper/card,Primary,Imported,2.48266,2024-01-31
REC-0663-Q2 2024-SITE-B-FB01,2024-Q2,ORG-12345,SITE-B,Scotland,Fibre-based composite,Tertiary,Supplied as goods,4630.9,2024-02-17
REC-0664-Q2 2024-SITE-D-GL01,2024-Q2,ORG-12345,SITE-D,Northern Ireland,Glass,Secondary,Exported,2475.22,2024-08-09
REC-0665-2024-Q1-SITE-D-PL01,2024-Q1,ORG-12345,SITE-D,Northern Ireland,Plastic,Shipment,Exported,4130.43,2024-03-10
REC-0666-Q4 2024-SITE-E-WD01,,ORG-12345,SITE-E,England,Wood,Secondary,Supplied as goods,4.39501,2024-02-04
REC-0667-2024-Q3-SITE-B-OT01,2024-Q3,ORG-12345,SITE-B,Scotland,Other,Secondary,Exported,3.83754,2024-08-05
REC-0668-2024-Q1-SITE-C-ST01,2024-Q1,ORG-12345,SITE-C,Wales,Steel,Tertiary,Imported,2333.67,2024-10-05
REC-0669-Q2 2024-SITE-B-GL01,2024-Q2,ORG-12345,SITE-B,Scotland,Glass,Secondary,Exported,2.28591,2024-08-13
REC-0670-2024-Q1-SITE-D-PC01,2024-Q1,ORG-12345,SITE-D,Northern Ireland,Paper/card,Secondary,Supplied as goods,0.9354500000000001,2024-06-28
REC-0671-2024-Q3-SITE-D-GL01,2024-Q3,ORG-12345,SITE-D,Northern Ireland,Glass,Tertiary,Exported,0.66154,2024-10-09
REC-0672-Q4 2024-SITE-D-FB01,,ORG-12345,SITE-D,Northern Ireland,Fibre-based composite,Tertiary,Exported,3.0797600000000003,2024-04-11
REC-0673-Q2 2024-SITE-B-PC01,2024-Q2,ORG-12345,SITE-B,Scotland,Paper/card,Shipment,Exported,4.32023,2024-02-10
REC-0674-Q2 2024-SITE-C-FB01,2024-Q2,ORG-12345,SITE-C,Wales,Fibre-based composite,Secondary,Imported,3664.3,2024-03-22
REC-0675-Q4 2024-SITE-D-AL01,,ORG-12345,SITE-D,Northern Ireland,Aluminium,Primary,Exported,3.8387100000000003,2024-10-19
REC-0676-Q4 2024-SITE-D-PL01,,ORG-12345,SITE-D,Northern Ireland,Plastic,Shipment,Imported,1227.5,2024-02-24
REC-0677-Q2 2024-SITE-A-PL01,2024-Q2,ORG-12345,SITE-A,England,Plastic,Primary,Exported,1.42666,2024-02-12
REC-0678-2024-Q1-SITE-C-PC01,2024-Q1,ORG-12345,SITE-C,Wales,Paper/card,Primary,Supplied as goods,4276.45,2024-03-10
REC-0679-2024-Q3-SITE-D-FB01,2024-Q3,ORG-12345,SITE-D,Northern Ireland,Fibre-based composite,Primary,Supplied as goods,3.37685,2024-03-02
REC-0680-2024-Q1-SITE-D-ST01,2024-Q1,ORG-12345,SITE-D,Northern Ireland,Steel,Secondary,Imported,4.49277,2024-09-12
REC-0681-Q4 2024-SITE-E-GL01,,ORG-12345,SITE-E,England,Glass,Primary,Exported,4304.07,2024-05-01
REC-0682-2024-Q3-SITE-D-AL01,2024-Q3,ORG-12345,SITE-D,Northern Ireland,Aluminium,Shipment,Supplied as goods,0.59105,2024-11-21
REC-0683-Q4 2024-SITE-B-PC01,,ORG-12345,SITE-B,Scotland,Paper/card,Secondary,Exported,2896.96,2024-12-03
REC-0684-Q2 2024-SITE-C-WD01,2024-Q2,ORG-12345,SITE-C,Wales,Wood,Secondary,Supplied as goods,4.42414,2024-03-15
REC-0685-Q4 2024-SITE-E-PL01,,ORG-12345,SITE-E,England,Plastic,Secondary,Exported,3.99383,2024-02-07
REC-0686-Q2 2024-SITE-A-PC01,2024-Q2,ORG-12345,SITE-A,England,Paper/card,Secondary,Exported,4.03992,2024-06-07
REC-0687-2024-Q1-SITE-A-ST01,2024-Q1,ORG-12345,SITE-A,England,Steel,Tertiary,Supplied as goods,1573.47,2024-07-03
REC-0688-Q2 2024-SITE-B-PC01,2024-Q2,ORG-12345,SITE-B,Scotland,Paper/card,Secondary,Exported,2.86616,2024-07-06
REC-0689-Q4 2024-SITE-B-WD01,,ORG-12345,SITE-B,Scotland,Wood,Secondary,Supplied as goods,3245.98,2024-07-04
REC-0690-2024-Q3-SITE-E-WD01,2024-Q3,ORG-12345,SITE-E,England,Wood,Tertiary,Imported,4.6425600000000005,2024-12-27
REC-0691-2024-Q1-SITE-C-PC01,2024-Q1,ORG-12345,SITE-C,Wales,Paper/card,Shipment,Exported,142.66,2024-06-06
REC-0692-Q4 2024-SITE-E-PL01,,ORG-12345,SITE-E,England,Plastic,Secondary,Imported,3.15123,2024-11-14
REC-0693-2024-Q3-SITE-A-PL02,2024-Q3,ORG-12345,SITE-A,England,Plastic,Tertiary,Imported,3541.07,2024-02-28
REC-0694-2024-Q3-SITE-B-WD01,2024-Q3,ORG-12345,SITE-B,Scotland,Wood,Primary,Imported,2286.94,2024-03-12
REC-0695-2024-Q1-SITE-D-PC01,2024-Q1,ORG-12345,SITE-D,Northern Ireland,Paper/card,Tertiary,Supplied as goods,3.90006,2024-09-27
REC-0696-Q2 2024-SITE-C-GL01,2024-Q2,ORG-12345,SITE-C,Wales,Glass,Primary,Imported,4622.0,2024-10-05
REC-0697-2024-Q1-SITE-E-GL01,2024-Q1,ORG-12345,SITE-E,England,Glass,Primary,Exported,230.94,2024-06-22
REC-0698-2024-Q1-SITE-D-PL01,2024-Q1,ORG-12345,SITE-D,Northern Ireland,Plastic,Tertiary,Exported,4365.78,2024-10-07
REC-0699-Q2 2024-SITE-C-ST01,2024-Q2,ORG-12345,SITE-C,Wales,Steel,Primary,Exported,3.8045400000000003,2024-06-09
REC-0700-Q2 2024-SITE-C-ST01,2024-Q2,ORG-12345,SITE-C,Wales,Steel,Shipment,Imported,3.8753,2024-06-03
REC-0701-2024Q2-SITE-B-PL02,2024-Q2,ORG-12345,SITE-B,Scotland,Plastic,Primary,Exported,2.82015,2024-06-26
REC-0702-2024-Q1-SITE-B-ST01,2024-Q1,ORG-12345,SITE-B,Scotland,Steel,Primary,Exported,4.02981,2024-11-23
REC-0703-2024-Q1-SITE-D-PC01,2024-Q1,ORG-12345,SITE-D,Northern Ireland,Paper/card,Primary,Imported,0.30108999999999997,2024-07-29
REC-0704-2024-Q3-SITE-E-PL01,2024-Q3,ORG-12345,SITE-E,England,Plastic,Primary,Imported,1989.99,2024-07-03
REC-0705-Q2 2024-SITE-D-AL01,2024-Q2,ORG-12345,SITE-D,Northern Ireland,Aluminium,Tertiary,Exported,4.056030000000001,2025-01-06
REC-0706-Q2 2024-SITE-D-WD01,2024-Q2,ORG-12345,SITE-D,Northern Ireland,Wood,Primary,Imported,1586.44,2024-03-28
REC-0707-Q4 2024-SITE-C-ST01,,ORG-12345,SITE-C,Wales,Steel,Secondary,Imported,957.6,2024-03-15
REC-0708-2024-Q3-SITE-B-PL02,2024-Q3,ORG-12345,SITE-B,Scotland,Plastic,Secondary,Supplied as goods,1789.63,2024-11-19
REC-0709-2024-Q1-SITE-C-GL01,2024-Q1,ORG-12345,SITE-C,Wales,Glass,Shipment,Supplied as goods,2.05815,2024-10-13
REC-0710-Q2 2024-SITE-E-WD01,2024-Q2,ORG-12345,SITE-E,England,Wood,Secondary,Exported,2.09654,2024-07-29
REC-0711-2024-Q3-SITE-D-PL02,2024-Q3,ORG-12345,SITE-D,Northern Ireland,Plastic,Secondary,Supplied as goods,4078.88,2025-01-04
REC-0712-Q4 2024-SITE-A-AL01,,ORG-12345,SITE-A,England,Aluminium,Primary,Exported,3364.55,2024-10-25
REC-0713-2024-Q1-SITE-A-PL02,2024-Q1,ORG-12345,SITE-A,England,Plastic,Tertiary,Imported,,2024-11-15
REC-0714-Q2 2024-SITE-A-FB01,2024-Q2,ORG-12345,SITE-A,England,Fibre-based composite,Secondary,Imported,3.2426999999999997,2024-11-07
REC-0715-2024-Q3-SITE-E-UNKNOWN,2024-Q3,ORG-12345,SITE-E,England,,Tertiary,Supplied as goods,3321.36,2024-11-25
REC-0716-2024-Q3-SITE-C-WD01,2024-Q3,ORG-12345,SITE-C,Wales,Wood,Primary,Supplied as goods,3423.51,2024-07-09
REC-0717-2024-Q3-SITE-Z-PL02,2024-Q3,ORG-12345,SITE-Z,,Plastic,Shipment,Supplied as goods,3076.88,2024-07-22
REC-0718-2024-Q3-SITE-A-OT01,2024-Q3,ORG-12345,SITE-A,England,Other,Primary,Supplied as goods,3531.6,2024-05-14
REC-0719-Q4 2024-SITE-D-FB01,,ORG-12345,SITE-D,Northern Ireland,Fibre-based composite,Tertiary,Exported,2001.63,2024-08-24
REC-0720-Q4 2024-SITE-B-OT01,,ORG-12345,SITE-B,Scotland,Other,Primary,Exported,0.90838,2024-08-15
REC-0721-2024-Q1-SITE-A-GL01,2024-Q1,ORG-12345,SITE-A,England,Glass,Secondary,Exported,0.67147,2024-09-20
REC-0722-Q4 2024-SITE-D-FB01,,ORG-12345,SITE-D,Northern Ireland,Fibre-based composite,Primary,Supplied as goods,729.24,2024-04-16
REC-0723-2024-Q3-SITE-D-WD01,2024-Q3,ORG-12345,SITE-D,Northern Ireland,Wood,Shipment,Imported,2782.65,2024-04-19
REC-0724-2024-Q3-SITE-E-FB01,2024-Q3,ORG-12345,SITE-E,England,Fibre-based composite,Shipment,Supplied as goods,2.9108,2024-10-20
REC-0725-Q4 2024-SITE-A-PC01,,ORG-12345,SITE-A,England,Paper/card,Primary,Supplied as goods,2862.34,2024-02-24
REC-0726-2024-Q1-SITE-D-GL01,2024-Q1,ORG-12345,SITE-D,Northern Ireland,Glass,Tertiary,Exported,2655.72,2024-11-22
REC-0727-2024-Q3-SITE-E-PL02,2024-Q3,ORG-12345,SITE-E,England,Plastic,Primary,Imported,3.1717800000000005,2024-02-11
REC-0728-2024-Q3-SITE-E-PC01,2024-Q3,ORG-12345,SITE-E,England,Paper/card,Shipment,Supplied as goods,2370.9,2024-07-13
REC-0729-2024-Q3-SITE-E-ST01,2024-Q3,ORG-12345,SITE-E,England,Steel,Secondary,Supplied as goods,224.86,2024-12-02
REC-0730-2024-Q1-SITE-E-WD01,2024-Q1,ORG-12345,SITE-E,England,Wood,Shipment,Supplied as goods,2885.66,2024-09-19
REC-0731-Q2 2024-SITE-C-PL02,2024-Q2,ORG-12345,SITE-C,Wales,Plastic,Primary,Exported,430.47,2024-06-06
REC-0732-Q2 2024-SITE-E-ST01,2024-Q2,ORG-12345,SITE-E,England,Steel,Tertiary,Imported,0.1203,2024-04-01
REC-0733-Q2 2024-SITE-D-WD01,2024-Q2,ORG-12345,SITE-D,Northern Ireland,Wood,Secondary,Supplied as goods,1.3432000000000002,2024-01-31
REC-0734-Q4 2024-SITE-D-PC01,,ORG-12345,SITE-D,Northern Ireland,Paper/card,Primary,Supplied as goods,2.9979400000000003,2024-05-15
REC-0735-2024-Q3-SITE-A-WD01,2024-Q3,ORG-12345,SITE-A,England,Wood,Tertiary,Exported,878.05,2024-02-10
REC-0736-Q2 2024-SITE-E-GL01,2024-Q2,ORG-12345,SITE-E,England,Glass,Secondary,Imported,2407.35,2024-12-29
REC-0737-2024-Q3-SITE-A-FB01,2024-Q3,ORG-12345,SITE-A,England,Fibre-based composite,Secondary,Imported,768.49,2024-07-28
REC-0738-2024-Q3-SITE-E-PC01,2024-Q3,ORG-12345,SITE-E,England,Paper/card,Shipment,Exported,4.781560000000001,2024-11-22
REC-0739-Q4 2024-SITE-C-ST01,,ORG-12345,SITE-C,Wales,Steel,Secondary,Imported,1.37208,2024-12-25
REC-0740-2024-Q3-SITE-E-AL01,2024-Q3,ORG-12345,SITE-E,England,Aluminium,Tertiary,Exported,2.9641900000000003,2025-01-02
REC-0741-2024-Q1-SITE-A-GL01,2024-Q1,ORG-12345,SITE-A,England,Glass,Secondary,Exported,0.10236,2024-03-05
REC-0742-2024-Q3-SITE-C-OT01,2024-Q3,ORG-12345,SITE-C,Wales,Other,Primary,Exported,2.2574099999999997,2024-02-01
REC-0743-2024-Q1-SITE-E-PL01,2024-Q1,ORG-12345,SITE-E,England,Plastic,Shipment,Supplied as goods,0.33157,2024-03-16
REC-0744-Q2 2024-SITE-A-PL02,2024-Q2,ORG-12345,SITE-A,England,Plastic,Tertiary,Exported,0.69304,2024-06-13
REC-0745-2024-Q3-SITE-D-WD01,2024-Q3,ORG-12345,SITE-D,Northern Ireland,Wood,Tertiary,Supplied as goods,3211.96,2024-04-06
REC-0746-2024-Q3-SITE-A-PL02,2024-Q3,ORG-12345,SITE-A,England,Plastic,Secondary,Supplied as goods,1944.86,2024-04-15
REC-0747-Q4 2024-SITE-E-WD01,,ORG-12345,SITE-E,England,Wood,Primary,Imported,4.898140000000001,2024-12-10
REC-0748-2024-Q1-SITE-B-WD01,2024-Q1,ORG-12345,SITE-B,Scotland,Wood,Primary,Supplied as goods,2726.13,2024-05-26
REC-0749-2024-Q1-SITE-D-PL02,2024-Q1,ORG-12345,SITE-D,Northern Ireland,Plastic,Primary,Supplied as goods,398.54,2024-03-31
REC-0750-Q4 2024-SITE-C-PL01,,ORG-12345,SITE-C,Wales,Plastic,Primary,Exported,1.98289,2024-01-16
REC-0751-Q2 2024-SITE-A-OT01,2024-Q2,ORG-12345,SITE-A,England,Other,Tertiary,Imported,2416.79,2024-07-29
REC-0752-2024-Q3-SITE-C-WD01,2024-Q3,ORG-12345,SITE-C,Wales,Wood,Primary,Exported,2699.76,2024-02-12
REC-0753-Q4 2024-SITE-A-PL02,,ORG-12345,SITE-A,England,Plastic,Secondary,Exported,4274.04,2024-12-11
REC-0754-2024-Q3-SITE-B-AL01,2024-Q3,ORG-12345,SITE-B,Scotland,Aluminium,Primary,Exported,244.69,2024-08-01
REC-0755-Q2 2024-SITE-D-PL02,2024-Q2,ORG-12345,SITE-D,Northern Ireland,Plastic,Tertiary,Exported,1.8283399999999999,2024-02-02
REC-0756-Q4 2024-SITE-D-AL01,,ORG-12345,SITE-D,Northern Ireland,Aluminium,Primary,Exported,4.982100000000001,2024-10-17
REC-0757-2024-Q1-SITE-A-ST01,2024-Q1,ORG-12345,SITE-A,England,Steel,Secondary,Exported,4826.52,2024-02-12
REC-0758-Q4 2024-SITE-B-PC01,,ORG-12345,SITE-B,Scotland,Paper/card,Tertiary,Exported,0.26193,2024-10-15
REC-0759-Q2 2024-SITE-A-GL01,2024-Q2,ORG-12345,SITE-A,England,Glass,Tertiary,Exported,1.20328,2024-12-14
REC-0760-Q2 2024-SITE-A-PL01,2024-Q2,ORG-12345,SITE-A,England,Plastic,Secondary,Exported,0.27672,2024-02-09
REC-0761-2024-Q1-SITE-E-ST01,2024-Q1,ORG-12345,SITE-E,England,Steel,Tertiary,Supplied as goods,2.30811,2024-03-13
REC-0762-2024-Q3-SITE-D-WD01,2024-Q3,ORG-12345,SITE-D,Northern Ireland,Wood,Shipment,Exported,1.14183,2024-12-27
REC-0763-Q2 2024-SITE-C-FB01,2024-Q2,ORG-12345,SITE-C,Wales,Fibre-based composite,Secondary,Supplied as goods,4.880470000000001,2024-11-13
REC-0764-Q2 2024-SITE-D-GL01,2024-Q2,ORG-12345,SITE-D,Northern Ireland,Glass,Secondary,Supplied as goods,0.6476900000000001,2024-07-22
REC-0765-2024-Q1-SITE-B-OT01,2024-Q1,ORG-12345,SITE-B,Scotland,Other,Primary,Imported,1.25604,2024-11-23
REC-0766-2024-Q1-SITE-A-FB01,2024-Q1,ORG-12345,SITE-A,England,Fibre-based composite,Tertiary,Supplied as goods,127.37,2024-04-15
REC-0767-Q4 2024-SITE-D-PL02,,ORG-12345,SITE-D,Northern Ireland,Plastic,Tertiary,Exported,2988.97,2024-03-19
REC-0768-Q2 2024-SITE-D-AL01,2024-Q2,ORG-12345,SITE-D,Northern Ireland,Aluminium,Primary,Exported,1391.2,2024-11-22
REC-0769-2024-Q3-SITE-C-PL01,2024-Q3,ORG-12345,SITE-C,Wales,Plastic,Shipment,Supplied as goods,3.60013,2024-01-17
REC-0770-2024-Q3-SITE-E-OT01,2024-Q3,ORG-12345,SITE-E,England,Other,Primary,Supplied as goods,0.63166,2024-09-30
REC-0771-Q2 2024-SITE-A-AL01,2024-Q2,ORG-12345,SITE-A,England,Aluminium,Secondary,Exported,3313.67,2024-03-31
REC-0772-2024-Q3-SITE-A-WD01,2024-Q3,ORG-12345,SITE-A,England,Wood,Secondary,Supplied as goods,0.84081,2024-05-01
REC-0773-2024-Q1-SITE-A-FB01,2024-Q1,ORG-12345,SITE-A,England,Fibre-based composite,Secondary,Imported,3103.26,2024-02-10
REC-0774-2024-Q1-SITE-E-OT01,2024-Q1,ORG-12345,SITE-E,England,Other,Primary,Supplied as goods,3938.19,2024-05-14
REC-0775-Q2 2024-SITE-C-WD01,2024-Q2,ORG-12345,SITE-C,Wales,Wood,Shipment,Exported,1.66356,2024-06-29
REC-0776-Q2 2024-SITE-D-AL01,2024-Q2,ORG-12345,SITE-D,Northern Ireland,Aluminium,Primary,Supplied as goods,3.70185,2024-09-12
REC-0777-Q4 2024-SITE-B-WD01,,ORG-12345,SITE-B,Scotland,Wood,Primary,Imported,767.46,2024-03-24
REC-0778-2024-Q3-SITE-B-WD01,2024-Q3,ORG-12345,SITE-B,Scotland,Wood,Tertiary,Supplied as goods,3178.5,2024-01-31
REC-0779-Q4 2024-SITE-D-PL01,,ORG-12345,SITE-D,Northern Ireland,Plastic,Secondary,Supplied as goods,599.99,2024-07-08
REC-0780-Q2 2024-SITE-E-AL01,2024-Q2,ORG-12345,SITE-E,England,Aluminium,Secondary,Exported,0.8261000000000001,2024-08-12
REC-0781-2024-Q1-SITE-C-OT01,2024-Q1,ORG-12345,SITE-C,Wales,Other,Secondary,Supplied as goods,2978.33,2024-08-21
REC-0782-Q2 2024-SITE-E-AL01,2024-Q2,ORG-12345,SITE-E,England,Aluminium,Primary,Imported,2.19953,2024-01-17
REC-0783-Q4 2024-SITE-D-FB01,,ORG-12345,SITE-D,Northern Ireland,Fibre-based composite,Primary,Supplied as goods,4.9568,2025-01-05
REC-0784-Q2 2024-SITE-D-PL02,2024-Q2,ORG-12345,SITE-D,Northern Ireland,Plastic,Secondary,Imported,1.24053,2024-07-16
REC-0785-2024-Q3-SITE-D-ST01,2024-Q3,ORG-12345,SITE-D,Northern Ireland,Steel,Primary,Exported,4.99481,2025-01-09
REC-0786-Q4 2024-SITE-D-WD01,,ORG-12345,SITE-D,Northern Ireland,Wood,Tertiary,Exported,3.74907,2025-01-09
REC-0787-Q4 2024-SITE-A-FB01,,ORG-12345,SITE-A,England,Fibre-based composite,Primary,Imported,3.15271,2024-07-03
REC-0788-Q2 2024-SITE-E-OT01,2024-Q2,ORG-12345,SITE-E,England,Other,Primary,Imported,2158.22,2024-02-25
REC-0789-2024-Q1-SITE-A-PC01,2024-Q1,ORG-12345,SITE-A,England,Paper/card,Tertiary,Supplied as goods,2597.95,2024-07-20
REC-0790-2024-Q1-SITE-E-WD01,2024-Q1,ORG-12345,SITE-E,England,Wood,Shipment,Supplied as goods,1.85958,2024-04-28
REC-0791-Q2 2024-SITE-E-GL01,2024-Q2,ORG-12345,SITE-E,England,Glass,Secondary,Supplied as goods,2721.19,2024-05-09
REC-0792-2024-Q1-SITE-C-PC01,2024-Q1,ORG-12345,SITE-C,Wales,Paper/card,Secondary,Imported,2542.65,2024-07-23
REC-0793-2024-Q3-SITE-D-PC01,2024-Q3,ORG-12345,SITE-D,Northern Ireland,Paper/card,Secondary,Imported,2.53218,2024-11-27
REC-0794-Q4 2024-SITE-B-PC01,,ORG-12345,SITE-B,Scotland,Paper/card,Tertiary,Exported,4.72956,2024-02-25
REC-0795-Q2 2024-SITE-A-FB01,2024-Q2,ORG-12345,SITE-A,England,Fibre-based composite,Primary,Imported,4.79337,2024-03-12
REC-0796-Q4 2024-SITE-C-GL01,,ORG-12345,SITE-C,Wales,Glass,Secondary,Supplied as goods,4.381220000000001,2024-10-18
REC-0797-Q2 2024-SITE-C-GL01,2024-Q2,ORG-12345,SITE-C,Wales,Glass,Secondary,Imported,2.1296399999999998,2024-01-26
REC-0798-2024-Q3-SITE-E-AL01,2024-Q3,ORG-12345,SITE-E,England,Aluminium,Tertiary,Exported,3241.13,2024-12-10
REC-0799-2024-Q3-SITE-D-PC01,2024-Q3,ORG-12345,SITE-D,Northern Ireland,Paper/card,Secondary,Exported,3345.98,2024-03-22
REC-0800-2024-Q1-SITE-C-ST01,2024-Q1,ORG-12345,SITE-C,Wales,Steel,Primary,Imported,1172.57,2024-07-13
REC-0801-2024Q2-SITE-E-ST01,2024-Q2,ORG-12345,SITE-E,England,Steel,Secondary,Supplied as goods,3.1122199999999998,2024-04-13
REC-0802-Q2 2024-SITE-E-GL01,2024-Q2,ORG-12345,SITE-E,England,Glass,Primary,Supplied as goods,628.74,2024-05-27
REC-0803-2024-Q3-SITE-C-PC01,2024-Q3,ORG-12345,SITE-C,Wales,Paper/card,Primary,Supplied as goods,2.83431,2024-07-23
REC-0804-Q4 2024-SITE-A-WD01,,ORG-12345,SITE-A,England,Wood,Shipment,Supplied as goods,2.69153,2024-03-29
REC-0805-Q4 2024-SITE-C-WD01,,ORG-12345,SITE-C,Wales,Wood,Secondary,Supplied as goods,0.07126,2024-11-03
REC-0806-2024-Q1-SITE-C-GL01,2024-Q1,ORG-12345,SITE-C,Wales,Glass,Tertiary,Exported,3656.29,2024-09-16
REC-0807-Q4 2024-SITE-A-PL01,,ORG-12345,SITE-A,England,Plastic,Primary,Exported,2777.25,2024-03-15
REC-0808-Q2 2024-SITE-E-WD01,2024-Q2,ORG-12345,SITE-E,England,Wood,Secondary,Supplied as goods,1.66551,2024-04-24
REC-0809-Q4 2024-SITE-E-PL01,,ORG-12345,SITE-E,England,Plastic,Primary,Exported,4.25478,2024-09-22
REC-0810-Q4 2024-SITE-C-PC01,,ORG-12345,SITE-C,Wales,Paper/card,Shipment,Exported,2.5822,2024-08-20
REC-0811-2024-Q3-SITE-C-PC01,2024-Q3,ORG-12345,SITE-C,Wales,Paper/card,Secondary,Imported,110.34,2024-10-28
REC-0812-2024-Q3-SITE-D-PL02,2024-Q3,ORG-12345,SITE-D,Northern Ireland,Plastic,Primary,Exported,4444.63,2024-08-19
REC-0813-2024-Q3-SITE-B-FB01,2024-Q3,ORG-12345,SITE-B,Scotland,Fibre-based composite,Primary,Exported,,2024-10-09
REC-0814-Q4 2024-SITE-A-PC01,,ORG-12345,SITE-A,England,Paper/card,Primary,Exported,3.7927600000000004,2024-06-02
REC-0815-Q2 2024-SITE-B-UNKNOWN,2024-Q2,ORG-12345,SITE-B,Scotland,,Primary,Exported,2.33749,2024-06-11
REC-0816-2024-Q3-SITE-E-OT01,2024-Q3,ORG-12345,SITE-E,England,Other,Secondary,Supplied as goods,4122.86,2024-10-27
REC-0817-2024-Q3-SITE-Z-WD01,2024-Q3,ORG-12345,SITE-Z,,Wood,Primary,Supplied as goods,3.96654,2024-12-05
REC-0818-Q2 2024-SITE-D-WD01,2024-Q2,ORG-12345,SITE-D,Northern Ireland,Wood,Primary,Exported,3346.27,2025-01-01
REC-0819-2024-Q3-SITE-A-AL01,2024-Q3,ORG-12345,SITE-A,England,Aluminium,Primary,Supplied as goods,3835.36,2024-09-17
REC-0820-2024-Q3-SITE-A-FB01,2024-Q3,ORG-12345,SITE-A,England,Fibre-based composite,Tertiary,Imported,3158.58,2024-11-04
REC-0821-2024-Q3-SITE-B-PL01,2024-Q3,ORG-12345,SITE-B,Scotland,Plastic,Tertiary,Imported,0.85609,2025-01-03
REC-0822-2024-Q3-SITE-D-GL01,2024-Q3,ORG-12345,SITE-D,Northern Ireland,Glass,Secondary,Supplied as goods,311.8,2024-06-11
REC-0823-2024-Q1-SITE-B-ST01,2024-Q1,ORG-12345,SITE-B,Scotland,Steel,Shipment,Exported,4.68477,2024-04-09
REC-0824-2024-Q3-SITE-C-OT01,2024-Q3,ORG-12345,SITE-C,Wales,Other,Secondary,Imported,4142.77,2024-10-14
REC-0825-Q4 2024-SITE-C-PC01,,ORG-12345,SITE-C,Wales,Paper/card,Tertiary,Supplied as goods,113.84,2024-07-07
REC-0826-2024-Q1-SITE-B-GL01,2024-Q1,ORG-12345,SITE-B,Scotland,Glass,Primary,Supplied as goods,0.8150499999999999,2024-09-06
REC-0827-2024-Q3-SITE-C-PL02,2024-Q3,ORG-12345,SITE-C,Wales,Plastic,Primary,Supplied as goods,4620.88,2024-07-18
REC-0828-2024-Q3-SITE-B-GL01,2024-Q3,ORG-12345,SITE-B,Scotland,Glass,Tertiary,Imported,4454.15,2024-03-15
REC-0829-Q2 2024-SITE-C-AL01,2024-Q2,ORG-12345,SITE-C,Wales,Aluminium,Primary,Exported,0.75468,2024-03-21
REC-0830-2024-Q1-SITE-A-PL02,2024-Q1,ORG-12345,SITE-A,England,Plastic,Secondary,Exported,3.8269699999999998,2024-08-22
REC-0831-2024-Q1-SITE-D-PL01,2024-Q1,ORG-12345,SITE-D,Northern Ireland,Plastic,Primary,Supplied as goods,0.21232,2024-02-06
REC-0832-Q2 2024-SITE-A-PL02,2024-Q2,ORG-12345,SITE-A,England,Plastic,Secondary,Exported,0.10085,2024-04-26
REC-0833-2024-Q3-SITE-C-GL01,2024-Q3,ORG-12345,SITE-C,Wales,Glass,Tertiary,Imported,0.19483,2024-04-06
REC-0834-2024-Q1-SITE-A-OT01,2024-Q1,ORG-12345,SITE-A,England,Other,Tertiary,Exported,3.08413,2024-05-05
REC-0835-Q2 2024-SITE-A-AL01,2024-Q2,ORG-12345,SITE-A,England,Aluminium,Secondary,Supplied as goods,4.5132200000000005,2024-09-14
REC-0836-2024-Q3-SITE-B-PC01,2024-Q3,ORG-12345,SITE-B,Scotland,Paper/card,Tertiary,Exported,0.9663700000000001,2024-08-19
REC-0837-Q4 2024-SITE-A-AL01,,ORG-12345,SITE-A,England,Aluminium,Shipment,Supplied as goods,2067.51,2024-10-07
REC-0838-2024-Q3-SITE-A-GL01,2024-Q3,ORG-12345,SITE-A,England,Glass,Secondary,Imported,3.5384200000000003,2024-03-14
REC-0839-Q2 2024-SITE-D-FB01,2024-Q2,ORG-12345,SITE-D,Northern Ireland,Fibre-based composite,Secondary,Imported,3021.93,2024-08-10
REC-0840-2024-Q3-SITE-D-ST01,2024-Q3,ORG-12345,SITE-D,Northern Ireland,Steel,Tertiary,Imported,0.98449,2024-01-21
REC-0841-Q2 2024-SITE-A-WD01,2024-Q2,ORG-12345,SITE-A,England,Wood,Tertiary,Supplied as goods,2.01203,2024-08-07
REC-0842-Q2 2024-SITE-C-PL02,2024-Q2,ORG-12345,SITE-C,Wales,Plastic,Tertiary,Supplied as goods,0.37032,2024-08-08
REC-0843-2024-Q3-SITE-E-PL02,2024-Q3,ORG-12345,SITE-E,England,Plastic,Primary,Imported,3639.74,2024-08-06
REC-0844-2024-Q3-SITE-D-PC01,2024-Q3,ORG-12345,SITE-D,Northern Ireland,Paper/card,Secondary,Exported,3035.67,2024-09-03
REC-0845-2024-Q1-SITE-B-PL02,2024-Q1,ORG-12345,SITE-B,Scotland,Plastic,Primary,Imported,2.4722399999999998,2024-02-11
REC-0846-2024-Q3-SITE-D-PL02,2024-Q3,ORG-12345,SITE-D,Northern Ireland,Plastic,Secondary,Exported,0.18241,2024-06-18
REC-0847-Q2 2024-SITE-D-PL02,2024-Q2,ORG-12345,SITE-D,Northern Ireland,Plastic,Tertiary,Supplied as goods,3322.35,2024-12-18
REC-0848-2024-Q1-SITE-E-WD01,2024-Q1,ORG-12345,SITE-E,England,Wood,Secondary,Exported,1345.24,2024-08-22
REC-0849-Q4 2024-SITE-D-PL02,,ORG-12345,SITE-D,Northern Ireland,Plastic,Secondary,Imported,1607.07,2024-01-31
REC-0850-Q4 2024-SITE-B-GL01,,ORG-12345,SITE-B,Scotland,Glass,Shipment,Exported,4308.79,2024-03-23
REC-0851-Q4 2024-SITE-E-ST01,,ORG-12345,SITE-E,England,Steel,Tertiary,Imported,2.4629000000000003,2024-10-24
REC-0852-2024-Q1-SITE-E-OT01,2024-Q1,ORG-12345,SITE-E,England,Other,Shipment,Imported,2.4057600000000003,2024-05-28
REC-0853-2024-Q3-SITE-C-WD01,2024-Q3,ORG-12345,SITE-C,Wales,Wood,Shipment,Imported,3103.85,2024-01-29
REC-0854-Q4 2024-SITE-C-PL01,,ORG-12345,SITE-C,Wales,Plastic,Primary,Imported,1.7769400000000002,2024-08-21
REC-0855-Q2 2024-SITE-B-PC01,2024-Q2,ORG-12345,SITE-B,Scotland,Paper/card,Secondary,Imported,1.78878,2024-06-22
REC-0856-Q2 2024-SITE-C-PL02,2024-Q2,ORG-12345,SITE-C,Wales,Plastic,Tertiary,Supplied as goods,4.35125,2024-10-16
REC-0857-Q4 2024-SITE-E-PC01,,ORG-12345,SITE-E,England,Paper/card,Primary,Imported,3305.95,2024-01-25
REC-0858-Q4 2024-SITE-E-WD01,,ORG-12345,SITE-E,England,Wood,Shipment,Supplied as goods,4929.54,2024-11-03
REC-0859-Q4 2024-SITE-C-PL02,,ORG-12345,SITE-C,Wales,Plastic,Tertiary,Imported,0.54528,2024-12-21
REC-0860-Q4 2024-SITE-B-PC01,,ORG-12345,SITE-B,Scotland,Paper/card,Primary,Exported,1532.63,2024-02-22
REC-0861-Q4 2024-SITE-E-OT01,,ORG-12345,SITE-E,England,Other,Primary,Imported,1362.52,2024-11-29
REC-0862-2024-Q1-SITE-C-PL02,2024-Q1,ORG-12345,SITE-C,Wales,Plastic,Tertiary,Exported,518.93,2024-10-12
REC-0863-2024-Q3-SITE-C-WD01,2024-Q3,ORG-12345,SITE-C,Wales,Wood,Secondary,Supplied as goods,1.76922,2024-12-19
REC-0864-Q4 2024-SITE-E-OT01,,ORG-12345,SITE-E,England,Other,Secondary,Supplied as goods,2100.86,2024-10-21
REC-0865-Q4 2024-SITE-E-GL01,,ORG-12345,SITE-E,England,Glass,Primary,Exported,3.53149,2024-12-18
REC-0866-2024-Q1-SITE-E-WD01,2024-Q1,ORG-12345,SITE-E,England,Wood,Secondary,Exported,2686.96,2024-04-26
REC-0867-Q4 2024-SITE-D-PC01,,ORG-12345,SITE-D,Northern Ireland,Paper/card,Secondary,Supplied as goods,1239.85,2024-02-16
REC-0868-2024-Q3-SITE-B-AL01,2024-Q3,ORG-12345,SITE-B,Scotland,Aluminium,Tertiary,Imported,1371.33,2024-11-17
REC-0869-Q2 2024-SITE-A-AL01,2024-Q2,ORG-12345,SITE-A,England,Aluminium,Secondary,Supplied as goods,0.61211,2024-09-08
REC-0870-Q2 2024-SITE-B-WD01,2024-Q2,ORG-12345,SITE-B,Scotland,Wood,Shipment,Imported,2.1389899999999997,2024-03-24
REC-0871-Q4 2024-SITE-A-PL01,,ORG-12345,SITE-A,England,Plastic,Secondary,Imported,3.31042,2024-02-12
REC-0872-2024-Q3-SITE-D-PL02,2024-Q3,ORG-12345,SITE-D,Northern Ireland,Plastic,Secondary,Exported,1.5250000000000001,2024-12-16
REC-0873-2024-Q1-SITE-A-PL02,2024-Q1,ORG-12345,SITE-A,England,Plastic,Secondary,Exported,4.22161,2024-12-20
REC-0874-2024-Q1-SITE-E-OT01,2024-Q1,ORG-12345,SITE-E,England,Other,Secondary,Imported,4.4286,2024-07-01
REC-0875-Q2 2024-SITE-B-FB01,2024-Q2,ORG-12345,SITE-B,Scotland,Fibre-based composite,Tertiary,Exported,3732.6,2024-04-13
REC-0876-2024-Q3-SITE-D-AL01,2024-Q3,ORG-12345,SITE-D,Northern Ireland,Aluminium,Secondary,Imported,2.07146,2024-03-12
REC-0877-Q2 2024-SITE-C-PC01,2024-Q2,ORG-12345,SITE-C,Wales,Paper/card,Shipment,Imported,2.4005300000000003,2024-09-14
REC-0878-Q2 2024-SITE-A-PC01,2024-Q2,ORG-12345,SITE-A,England,Paper/card,Tertiary,Imported,0.15431999999999998,2024-10-23
REC-0879-Q2 2024-SITE-A-FB01,2024-Q2,ORG-12345,SITE-A,England,Fibre-based composite,Secondary,Exported,4794.49,2024-07-31
REC-0880-Q2 2024-SITE-C-PL01,2024-Q2,ORG-12345,SITE-C,Wales,Plastic,Secondary,Imported,1.5394,2024-08-26
REC-0881-2024-Q1-SITE-C-PC01,2024-Q1,ORG-12345,SITE-C,Wales,Paper/card,Tertiary,Exported,2.0611300000000004,2024-09-12
REC-0882-2024-Q3-SITE-B-FB01,2024-Q3,ORG-12345,SITE-B,Scotland,Fibre-based composite,Tertiary,Imported,3.60106,2024-02-17
REC-0883-2024-Q1-SITE-D-PC01,2024-Q1,ORG-12345,SITE-D,Northern Ireland,Paper/card,Secondary,Exported,3659.7,2024-12-08
REC-0884-Q4 2024-SITE-A-GL01,,ORG-12345,SITE-A,England,Glass,Tertiary,Imported,3.9655500000000004,2024-12-01
REC-0885-Q2 2024-SITE-B-ST01,2024-Q2,ORG-12345,SITE-B,Scotland,Steel,Secondary,Exported,0.45705,2024-12-31
REC-0886-Q2 2024-SITE-C-FB01,2024-Q2,ORG-12345,SITE-C,Wales,Fibre-based composite,Tertiary,Imported,2.2848800000000002,2024-11-13
REC-0887-Q2 2024-SITE-C-PC01,2024-Q2,ORG-12345,SITE-C,Wales,Paper/card,Tertiary,Imported,1033.39,2024-07-26
REC-0888-Q4 2024-SITE-A-AL01,,ORG-12345,SITE-A,England,Aluminium,Primary,Supplied as goods,4.61941,2024-05-28
REC-0889-2024-Q1-SITE-B-GL01,2024-Q1,ORG-12345,SITE-B,Scotland,Glass,Primary,Imported,3109.12,2024-04-11
REC-0890-2024-Q1-SITE-D-PL02,2024-Q1,ORG-12345,SITE-D,Northern Ireland,Plastic,Primary,Exported,2652.9,2024-04-28
REC-0891-Q2 2024-SITE-D-AL01,2024-Q2,ORG-12345,SITE-D,Northern Ireland,Aluminium,Tertiary,Imported,1475.41,2024-04-29
REC-0892-Q2 2024-SITE-D-AL01,2024-Q2,ORG-12345,SITE-D,Northern Ireland,Aluminium,Tertiary,Imported,3.6471999999999998,2024-03-29
REC-0893-2024-Q3-SITE-B-PL01,2024-Q3,ORG-12345,SITE-B,Scotland,Plastic,Secondary,Imported,1215.65,2024-12-30
REC-0894-Q2 2024-SITE-D-WD01,2024-Q2,ORG-12345,SITE-D,Northern Ireland,Wood,Primary,Supplied as goods,2370.96,2024-07-29
REC-0895-2024-Q1-SITE-E-FB01,2024-Q1,ORG-12345,SITE-E,England,Fibre-based composite,Tertiary,Exported,1.31832,2024-07-03
REC-0896-2024-Q3-SITE-A-AL01,2024-Q3,ORG-12345,SITE-A,England,Aluminium,Secondary,Imported,4.98386,2024-11-27
REC-0897-2024-Q1-SITE-E-FB01,2024-Q1,ORG-12345,SITE-E,England,Fibre-based composite,Secondary,Imported,3.37275,2024-04-15
REC-0898-Q2 2024-SITE-D-ST01,2024-Q2,ORG-12345,SITE-D,Northern Ireland,Steel,Primary,Exported,2489.56,2024-06-25
REC-0899-Q2 2024-SITE-A-OT01,2024-Q2,ORG-12345,SITE-A,England,Other,Secondary,Supplied as goods,1339.01,2024-06-06
REC-0900-2024-Q3-SITE-E-PC01,2024-Q3,ORG-12345,SITE-E,England,Paper/card,Secondary,Imported,4518.82,2024-06-23
REC-0901-2024Q2-SITE-B-FB01,2024-Q2,ORG-12345,SITE-B,Scotland,Fibre-based composite,Primary,Imported,3697.5,2024-04-20
REC-0902-Q2 2024-SITE-C-GL01,2024-Q2,ORG-12345,SITE-C,Wales,Glass,Primary,Supplied as goods,956.55,2024-09-10
REC-0903-Q4 2024-SITE-E-FB01,,ORG-12345,SITE-E,England,Fibre-based composite,Primary,Imported,251.92,2024-09-23
REC-0904-2024-Q1-SITE-C-PL02,2024-Q1,ORG-12345,SITE-C,Wales,Plastic,Tertiary,Exported,4.34105,2024-06-08
REC-0905-Q2 2024-SITE-E-GL01,2024-Q2,ORG-12345,SITE-E,England,Glass,Tertiary,Supplied as goods,3.76219,2024-01-17
REC-0906-Q4 2024-SITE-B-OT01,,ORG-12345,SITE-B,Scotland,Other,Tertiary,Exported,0.9438200000000001,2024-03-03
REC-0907-2024-Q3-SITE-D-PC01,2024-Q3,ORG-12345,SITE-D,Northern Ireland,Paper/card,Primary,Imported,3.4225,2024-03-15
REC-0908-2024-Q3-SITE-D-PC01,2024-Q3,ORG-12345,SITE-D,Northern Ireland,Paper/card,Primary,Supplied as goods,451.26,2024-12-16
REC-0909-Q2 2024-SITE-C-PL01,2024-Q2,ORG-12345,SITE-C,Wales,Plastic,Secondary,Supplied as goods,3298.06,2024-02-08
REC-0910-Q4 2024-SITE-A-ST01,,ORG-12345,SITE-A,England,Steel,Secondary,Supplied as goods,3731.81,2024-04-15
REC-0911-Q4 2024-SITE-B-AL01,,ORG-12345,SITE-B,Scotland,Aluminium,Tertiary,Imported,0.49148000000000003,2024-06-08
REC-0912-Q2 2024-SITE-C-GL01,2024-Q2,ORG-12345,SITE-C,Wales,Glass,Primary,Imported,2479.68,2024-12-20
REC-0913-Q4 2024-SITE-D-PL02,,ORG-12345,SITE-D,Northern Ireland,Plastic,Tertiary,Imported,,2024-05-31
REC-0914-Q4 2024-SITE-D-FB01,,ORG-12345,SITE-D,Northern Ireland,Fibre-based composite,Primary,Imported,4.06442,2024-02-04
REC-0915-2024-Q1-SITE-D-UNKNOWN,2024-Q1,ORG-12345,SITE-D,Northern Ireland,,Secondary,Imported,3.3983800000000004,2024-09-10
REC-0916-Q2 2024-SITE-C-FB01,2024-Q2,ORG-12345,SITE-C,Wales,Fibre-based composite,Primary,Imported,1.53695,2024-08-20
REC-0917-2024-Q1-SITE-Z-ST01,2024-Q1,ORG-12345,SITE-Z,,Steel,Shipment,Supplied as goods,2.77742,2024-08-19
REC-0918-2024-Q3-SITE-C-FB01,2024-Q3,ORG-12345,SITE-C,Wales,Fibre-based composite,Primary,Imported,3321.23,2024-02-25
REC-0919-Q2 2024-SITE-B-OT01,2024-Q2,ORG-12345,SITE-B,Scotland,Other,Primary,Supplied as goods,3715.56,2024-02-07
REC-0920-2024-Q3-SITE-D-PL02,2024-Q3,ORG-12345,SITE-D,Northern Ireland,Plastic,Secondary,Exported,1523.36,2024-04-19
REC-0921-Q4 2024-SITE-A-AL01,,ORG-12345,SITE-A,England,Aluminium,Primary,Supplied as goods,3747.8,2024-01-24
REC-0922-Q4 2024-SITE-D-PL01,,ORG-12345,SITE-D,Northern Ireland,Plastic,Secondary,Supplied as goods,115.86,2024-11-18
REC-0923-2024-Q3-SITE-D-WD01,2024-Q3,ORG-12345,SITE-D,Northern Ireland,Wood,Secondary,Exported,4075.01,2024-03-19
REC-0924-2024-Q1-SITE-B-GL01,2024-Q1,ORG-12345,SITE-B,Scotland,Glass,Primary,Supplied as goods,0.60397,2024-09-17
REC-0925-2024-Q3-SITE-A-GL01,2024-Q3,ORG-12345,SITE-A,England,Glass,Tertiary,Supplied as goods,2.20715,2024-03-30
REC-0926-Q4 2024-SITE-D-WD01,,ORG-12345,SITE-D,Northern Ireland,Wood,Secondary,Supplied as goods,0.6264700000000001,2024-01-25
REC-0927-2024-Q3-SITE-A-WD01,2024-Q3,ORG-12345,SITE-A,England,Wood,Shipment,Supplied as goods,1046.63,2024-03-07
REC-0928-Q4 2024-SITE-A-FB01,,ORG-12345,SITE-A,England,Fibre-based composite,Secondary,Imported,3698.54,2024-09-19
REC-0929-2024-Q1-SITE-B-OT01,2024-Q1,ORG-12345,SITE-B,Scotland,Other,Shipment,Exported,3076.9,2024-01-24
REC-0930-Q4 2024-SITE-D-FB01,,ORG-12345,SITE-D,Northern Ireland,Fibre-based composite,Shipment,Imported,2788.62,2024-09-24
REC-0931-Q2 2024-SITE-C-PC01,2024-Q2,ORG-12345,SITE-C,Wales,Paper/card,Secondary,Exported,2.20934,2024-07-09
REC-0932-Q4 2024-SITE-E-WD01,,ORG-12345,SITE-E,England,Wood,Primary,Exported,1137.53,2024-06-13
REC-0933-Q2 2024-SITE-D-FB01,2024-Q2,ORG-12345,SITE-D,Northern Ireland,Fibre-based composite,Secondary,Exported,3279.88,2024-04-30
REC-0934-Q2 2024-SITE-B-ST01,2024-Q2,ORG-12345,SITE-B,Scotland,Steel,Tertiary,Exported,476.65,2024-04-04
REC-0935-Q2 2024-SITE-C-WD01,2024-Q2,ORG-12345,SITE-C,Wales,Wood,Primary,Imported,4718.12,2024-10-26
REC-0936-Q2 2024-SITE-B-PL01,2024-Q2,ORG-12345,SITE-B,Scotland,Plastic,Primary,Imported,4410.49,2024-01-31
REC-0937-Q2 2024-SITE-A-PL02,2024-Q2,ORG-12345,SITE-A,England,Plastic,Secondary,Imported,0.61415,2024-05-26
REC-0938-2024-Q1-SITE-B-PC01,2024-Q1,ORG-12345,SITE-B,Scotland,Paper/card,Tertiary,Imported,3858.4,2024-02-09
REC-0939-2024-Q1-SITE-A-WD01,2024-Q1,ORG-12345,SITE-A,England,Wood,Tertiary,Imported,4.8151,2024-02-05
REC-0940-Q2 2024-SITE-C-OT01,2024-Q2,ORG-12345,SITE-C,Wales,Other,Primary,Supplied as goods,3.16813,2024-06-12
REC-0941-2024-Q3-SITE-B-WD01,2024-Q3,ORG-12345,SITE-B,Scotland,Wood,Tertiary,Exported,2.51704,2024-03-25
REC-0942-Q2 2024-SITE-A-PL02,2024-Q2,ORG-12345,SITE-A,England,Plastic,Tertiary,Supplied as goods,2223.59,2024-07-07
REC-0943-2024-Q3-SITE-D-ST01,2024-Q3,ORG-12345,SITE-D,Northern Ireland,Steel,Shipment,Supplied as goods,471.91,2024-12-20
REC-0944-Q4 2024-SITE-B-AL01,,ORG-12345,SITE-B,Scotland,Aluminium,Primary,Exported,2.13752,2024-08-11
REC-0945-Q4 2024-SITE-A-WD01,,ORG-12345,SITE-A,England,Wood,Tertiary,Exported,3983.31,2024-01-20
REC-0946-Q4 2024-SITE-B-OT01,,ORG-12345,SITE-B,Scotland,Other,Primary,Supplied as goods,1724.6,2024-08-03
REC-0947-2024-Q3-SITE-E-PL01,2024-Q3,ORG-12345,SITE-E,England,Plastic,Tertiary,Exported,0.7972100000000001,2024-08-07
REC-0948-2024-Q1-SITE-C-OT01,2024-Q1,ORG-12345,SITE-C,Wales,Other,Tertiary,Imported,3621.68,2024-10-11
REC-0949-Q4 2024-SITE-E-GL01,,ORG-12345,SITE-E,England,Glass,Tertiary,Imported,2.2586399999999998,2024-07-09
REC-0950-2024-Q3-SITE-A-FB01,2024-Q3,ORG-12345,SITE-A,England,Fibre-based composite,Tertiary,Supplied as goods,4.41082,2024-03-19
REC-0951-2024-Q3-SITE-E-OT01,2024-Q3,ORG-12345,SITE-E,England,Other,Shipment,Imported,1107.99,2024-04-05
REC-0952-Q4 2024-SITE-C-PL01,,ORG-12345,SITE-C,Wales,Plastic,Primary,Exported,2.98289,2024-03-11
REC-0953-2024-Q1-SITE-A-PL01,2024-Q1,ORG-12345,SITE-A,England,Plastic,Tertiary,Imported,1335.79,2024-03-18
REC-0954-Q2 2024-SITE-C-WD01,2024-Q2,ORG-12345,SITE-C,Wales,Wood,Secondary,Exported,3697.45,2024-11-07
REC-0955-Q2 2024-SITE-C-OT01,2024-Q2,ORG-12345,SITE-C,Wales,Other,Tertiary,Exported,1207.5,2024-07-26
REC-0956-Q4 2024-SITE-C-OT01,,ORG-12345,SITE-C,Wales,Other,Tertiary,Supplied as goods,0.57087,2024-03-30
REC-0957-Q2 2024-SITE-D-FB01,2024-Q2,ORG-12345,SITE-D,Northern Ireland,Fibre-based composite,Tertiary,Imported,0.45564,2024-05-03
REC-0958-Q4 2024-SITE-E-WD01,,ORG-12345,SITE-E,England,Wood,Primary,Imported,3400.27,2024-11-09
REC-0959-Q2 2024-SITE-D-WD01,2024-Q2,ORG-12345,SITE-D,Northern Ireland,Wood,Tertiary,Imported,4982.73,2024-09-29
REC-0960-Q4 2024-SITE-B-GL01,,ORG-12345,SITE-B,Scotland,Glass,Secondary,Exported,2.31568,2024-01-31
REC-0961-Q4 2024-SITE-E-GL01,,ORG-12345,SITE-E,England,Glass,Shipment,Imported,4.6124,2024-03-16
REC-0962-2024-Q3-SITE-A-PC01,2024-Q3,ORG-12345,SITE-A,England,Paper/card,Shipment,Imported,0.2494,2024-07-24
REC-0963-Q4 2024-SITE-B-ST01,,ORG-12345,SITE-B,Scotland,Steel,Secondary,Imported,0.18849000000000002,2024-06-19
REC-0964-2024-Q1-SITE-A-ST01,2024-Q1,ORG-12345,SITE-A,England,Steel,Primary,Supplied as goods,4104.67,2024-07-11
REC-0965-Q4 2024-SITE-E-PL02,,ORG-12345,SITE-E,England,Plastic,Tertiary,Supplied as goods,2117.0,2024-07-26
REC-0966-Q4 2024-SITE-B-WD01,,ORG-12345,SITE-B,Scotland,Wood,Tertiary,Exported,4.17673,2024-12-21
REC-0967-Q2 2024-SITE-D-WD01,2024-Q2,ORG-12345,SITE-D,Northern Ireland,Wood,Primary,Exported,1659.82,2024-07-06
REC-0968-Q2 2024-SITE-A-OT01,2024-Q2,ORG-12345,SITE-A,England,Other,Primary,Exported,4455.71,2024-01-27
REC-0969-2024-Q1-SITE-B-ST01,2024-Q1,ORG-12345,SITE-B,Scotland,Steel,Shipment,Exported,0.6627200000000001,2024-10-08
REC-0970-Q2 2024-SITE-A-AL01,2024-Q2,ORG-12345,SITE-A,England,Aluminium,Tertiary,Imported,2.53806,2024-06-03
REC-0971-2024-Q3-SITE-A-AL01,2024-Q3,ORG-12345,SITE-A,England,Aluminium,Primary,Exported,4202.64,2024-11-11
REC-0972-2024-Q1-SITE-D-PL01,2024-Q1,ORG-12345,SITE-D,Northern Ireland,Plastic,Secondary,Supplied as goods,1.73278,2024-06-25
REC-0973-Q2 2024-SITE-E-FB01,2024-Q2,ORG-12345,SITE-E,England,Fibre-based composite,Secondary,Supplied as goods,0.61749,2024-03-28
REC-0974-2024-Q1-SITE-B-GL01,2024-Q1,ORG-12345,SITE-B,Scotland,Glass,Secondary,Supplied as goods,813.43,2024-06-29
REC-0975-2024-Q3-SITE-A-GL01,2024-Q3,ORG-12345,SITE-A,England,Glass,Primary,Exported,339.58,2024-08-13
REC-0976-Q2 2024-SITE-A-PC01,2024-Q2,ORG-12345,SITE-A,England,Paper/card,Secondary,Imported,4.71081,2024-11-15
REC-0977-2024-Q3-SITE-A-AL01,2024-Q3,ORG-12345,SITE-A,England,Aluminium,Secondary,Exported,3774.33,2024-06-25
REC-0978-Q2 2024-SITE-D-WD01,2024-Q2,ORG-12345,SITE-D,Northern Ireland,Wood,Shipment,Imported,0.37401999999999996,2024-05-31
REC-0979-Q4 2024-SITE-C-OT01,,ORG-12345,SITE-C,Wales,Other,Shipment,Exported,0.55247,2024-02-26
REC-0980-Q4 2024-SITE-B-OT01,,ORG-12345,SITE-B,Scotland,Other,Primary,Supplied as goods,1.8978599999999999,2024-09-02
REC-0981-2024-Q1-SITE-B-PL01,2024-Q1,ORG-12345,SITE-B,Scotland,Plastic,Primary,Imported,4807.52,2024-09-17
REC-0982-Q2 2024-SITE-C-ST01,2024-Q2,ORG-12345,SITE-C,Wales,Steel,Shipment,Imported,4205.46,2024-10-02
REC-0983-2024-Q1-SITE-C-ST01,2024-Q1,ORG-12345,SITE-C,Wales,Steel,Primary,Supplied as goods,3.7089600000000003,2025-01-06
REC-0984-Q2 2024-SITE-D-PL02,2024-Q2,ORG-12345,SITE-D,Northern Ireland,Plastic,Tertiary,Supplied as goods,3639.12,2024-09-29
REC-0985-Q2 2024-SITE-C-PC01,2024-Q2,ORG-12345,SITE-C,Wales,Paper/card,Tertiary,Imported,3194.09,2024-06-27
REC-0986-Q2 2024-SITE-A-PC01,2024-Q2,ORG-12345,SITE-A,England,Paper/card,Primary,Imported,4797.01,2024-01-16
REC-0987-Q4 2024-SITE-E-WD01,,ORG-12345,SITE-E,England,Wood,Primary,Supplied as goods,3379.9,2024-10-16
REC-0988-2024-Q1-SITE-D-PL02,2024-Q1,ORG-12345,SITE-D,Northern Ireland,Plastic,Tertiary,Exported,3.27377,2024-07-25
REC-0989-Q4 2024-SITE-A-PC01,,ORG-12345,SITE-A,England,Paper/card,Secondary,Supplied as goods,4.2037700000000005,2024-04-22
REC-0990-Q2 2024-SITE-C-WD01,2024-Q2,ORG-12345,SITE-C,Wales,Wood,Primary,Supplied as goods,3728.57,2024-11-24
REC-0991-2024-Q1-SITE-C-ST01,2024-Q1,ORG-12345,SITE-C,Wales,Steel,Tertiary,Exported,1144.68,2024-09-23
REC-0992-2024-Q3-SITE-A-AL01,2024-Q3,ORG-12345,SITE-A,England,Aluminium,Primary,Supplied as goods,4922.1,2024-09-27
REC-0993-Q2 2024-SITE-A-WD01,2024-Q2,ORG-12345,SITE-A,England,Wood,Primary,Exported,1.00916,2024-02-17
REC-0994-2024-Q1-SITE-B-GL01,2024-Q1,ORG-12345,SITE-B,Scotland,Glass,Secondary,Exported,4284.62,2024-12-27
REC-0995-Q4 2024-SITE-A-OT01,,ORG-12345,SITE-A,England,Other,Shipment,Imported,3419.37,2024-12-24
REC-0996-2024-Q1-SITE-C-PL01,2024-Q1,ORG-12345,SITE-C,Wales,Plastic,Tertiary,Imported,2191.11,2024-10-06
REC-0997-2024-Q1-SITE-B-WD01,2024-Q1,ORG-12345,SITE-B,Scotland,Wood,Secondary,Imported,2.61042,2024-08-17
REC-0998-2024-Q1-SITE-C-OT01,2024-Q1,ORG-12345,SITE-C,Wales,Other,Secondary,Imported,0.07554000000000001,2024-01-27
REC-0999-Q2 2024-SITE-B-AL01,2024-Q2,ORG-12345,SITE-B,Scotland,Aluminium,Tertiary,Imported,4.79099,2024-06-22
REC-1000-2024-Q1-SITE-D-PL02,2024-Q1,ORG-12345,SITE-D,Northern Ireland,Plastic,Tertiary,Exported,528.79,2024-11-30
REC-1001-2024Q2-SITE-B-PC01,2024-Q2,ORG-12345,SITE-B,Scotland,Paper/card,Tertiary,Imported,1273.41,2024-07-03
REC-1002-Q4 2024-SITE-A-OT01,,ORG-12345,SITE-A,England,Other,Tertiary,Supplied as goods,4720.56,2024-03-18
REC-1003-2024-Q1-SITE-B-PL02,2024-Q1,ORG-12345,SITE-B,Scotland,Plastic,Primary,Supplied as goods,1.91811,2024-02-12
REC-1004-2024-Q1-SITE-A-ST01,2024-Q1,ORG-12345,SITE-A,England,Steel,Shipment,Exported,2.1875999999999998,2024-07-28
REC-1005-2024-Q1-SITE-E-FB01,2024-Q1,ORG-12345,SITE-E,England,Fibre-based composite,Primary,Exported,3.77222,2024-07-29
REC-1006-2024-Q1-SITE-C-WD01,2024-Q1,ORG-12345,SITE-C,Wales,Wood,Tertiary,Imported,4.40569,2024-10-05
REC-1007-2024-Q1-SITE-E-PC01,2024-Q1,ORG-12345,SITE-E,England,Paper/card,Shipment,Supplied as goods,0.58463,2024-03-15
REC-1008-Q4 2024-SITE-D-GL01,,ORG-12345,SITE-D,Northern Ireland,Glass,Tertiary,Exported,1318.62,2024-05-18
REC-1009-Q4 2024-SITE-E-GL01,,ORG-12345,SITE-E,England,Glass,Tertiary,Supplied as goods,349.43,2024-12-13
REC-1010-Q4 2024-SITE-B-PC01,,ORG-12345,SITE-B,Scotland,Paper/card,Secondary,Exported,4.431850000000001,2024-11-18
REC-1011-Q2 2024-SITE-A-PC01,2024-Q2,ORG-12345,SITE-A,England,Paper/card,Secondary,Imported,4.8528400000000005,2024-10-27
REC-1012-2024-Q1-SITE-B-PL01,2024-Q1,ORG-12345,SITE-B,Scotland,Plastic,Secondary,Imported,1.01727,2024-04-20
REC-1013-2024-Q3-SITE-E-WD01,2024-Q3,ORG-12345,SITE-E,England,Wood,Tertiary,Exported,,2024-06-16
REC-1014-Q2 2024-SITE-D-FB01,2024-Q2,ORG-12345,SITE-D,Northern Ireland,Fibre-based composite,Secondary,Supplied as goods,0.5690000000000001,2024-12-07
REC-1015-Q4 2024-SITE-B-UNKNOWN,,ORG-12345,SITE-B,Scotland,,Tertiary,Supplied as goods,2.35936,2024-07-02
REC-1016-2024-Q1-SITE-C-FB01,2024-Q1,ORG-12345,SITE-C,Wales,Fibre-based composite,Primary,Imported,0.96201,2024-07-16
REC-1017-2024-Q3-SITE-Z-PL01,2024-Q3,ORG-12345,SITE-Z,,Plastic,Shipment,Supplied as goods,754.89,2024-01-30
REC-1018-2024-Q3-SITE-B-AL01,2024-Q3,ORG-12345,SITE-B,Scotland,Aluminium,Primary,Imported,912.03,2024-05-19
REC-1019-2024-Q1-SITE-A-GL01,2024-Q1,ORG-12345,SITE-A,England,Glass,Primary,Supplied as goods,921.58,2024-03-25
REC-1020-Q4 2024-SITE-C-FB01,,ORG-12345,SITE-C,Wales,Fibre-based composite,Tertiary,Supplied as goods,1.725,2024-07-22
REC-1021-2024-Q1-SITE-A-PC01,2024-Q1,ORG-12345,SITE-A,England,Paper/card,Tertiary,Supplied as goods,4708.75,2024-03-21
REC-1022-Q4 2024-SITE-C-AL01,,ORG-12345,SITE-C,Wales,Aluminium,Primary,Exported,1922.07,2024-05-19
REC-1023-2024-Q3-SITE-B-PL01,2024-Q3,ORG-12345,SITE-B,Scotland,Plastic,Tertiary,Exported,2957.26,2024-02-11
REC-1024-2024-Q1-SITE-B-ST01,2024-Q1,ORG-12345,SITE-B,Scotland,Steel,Tertiary,Supplied as goods,4264.94,2024-12-19
REC-1025-Q4 2024-SITE-D-PL02,,ORG-12345,SITE-D,Northern Ireland,Plastic,Primary,Exported,1971.17,2024-06-27
REC-1026-2024-Q3-SITE-D-PC01,2024-Q3,ORG-12345,SITE-D,Northern Ireland,Paper/card,Shipment,Exported,2442.32,2024-08-07
REC-1027-Q4 2024-SITE-B-PL01,,ORG-12345,SITE-B,Scotland,Plastic,Primary,Supplied as goods,4479.68,2024-06-19
REC-1028-2024-Q1-SITE-C-FB01,2024-Q1,ORG-12345,SITE-C,Wales,Fibre-based composite,Secondary,Exported,828.19,2024-02-27
REC-1029-2024-Q3-SITE-D-ST01,2024-Q3,ORG-12345,SITE-D,Northern Ireland,Steel,Secondary,Exported,1.7903,2024-09-01
REC-1030-2024-Q3-SITE-C-WD01,2024-Q3,ORG-12345,SITE-C,Wales,Wood,Secondary,Imported,1869.18,2024-01-27
REC-1031-2024-Q1-SITE-C-GL01,2024-Q1,ORG-12345,SITE-C,Wales,Glass,Secondary,Supplied as goods,1.36484,2024-09-27
REC-1032-2024-Q1-SITE-B-OT01,2024-Q1,ORG-12345,SITE-B,Scotland,Other,Shipment,Exported,436.89,2024-02-20
REC-1033-2024-Q3-SITE-C-PC01,2024-Q3,ORG-12345,SITE-C,Wales,Paper/card,Primary,Exported,1.04152,2024-12-29
REC-1034-2024-Q3-SITE-E-ST01,2024-Q3,ORG-12345,SITE-E,England,Steel,Primary,Exported,3.03997,2024-06-16
REC-1035-2024-Q1-SITE-D-ST01,2024-Q1,ORG-12345,SITE-D,Northern Ireland,Steel,Tertiary,Imported,3926.48,2024-12-14
REC-1036-Q2 2024-SITE-B-OT01,2024-Q2,ORG-12345,SITE-B,Scotland,Other,Tertiary,Supplied as goods,4.334060000000001,2024-05-13
REC-1037-2024-Q1-SITE-C-OT01,2024-Q1,ORG-12345,SITE-C,Wales,Other,Shipment,Exported,3800.23,2024-04-20
REC-1038-2024-Q1-SITE-D-FB01,2024-Q1,ORG-12345,SITE-D,Northern Ireland,Fibre-based composite,Tertiary,Exported,2117.55,2024-03-26
REC-1039-Q2 2024-SITE-C-GL01,2024-Q2,ORG-12345,SITE-C,Wales,Glass,Secondary,Exported,97.92,2024-08-19
REC-1040-2024-Q1-SITE-E-FB01,2024-Q1,ORG-12345,SITE-E,England,Fibre-based composite,Tertiary,Exported,2711.14,2024-01-31
REC-1041-Q2 2024-SITE-D-GL01,2024-Q2,ORG-12345,SITE-D,Northern Ireland,Glass,Primary,Imported,2862.54,2024-02-16
REC-1042-Q4 2024-SITE-E-OT01,,ORG-12345,SITE-E,England,Other,Secondary,Supplied as goods,2400.15,2024-06-18
REC-1043-Q4 2024-SITE-A-PL02,,ORG-12345,SITE-A,England,Plastic,Primary,Supplied as goods,3.3906799999999997,2024-04-19
REC-1044-2024-Q1-SITE-C-AL01,2024-Q1,ORG-12345,SITE-C,Wales,Aluminium,Primary,Imported,1.4549,2024-02-13
REC-1045-Q2 2024-SITE-D-PC01,2024-Q2,ORG-12345,SITE-D,Northern Ireland,Paper/card,Shipment,Supplied as goods,900.54,2024-03-21
REC-1046-Q2 2024-SITE-B-OT01,2024-Q2,ORG-12345,SITE-B,Scotland,Other,Secondary,Imported,3728.56,2024-06-21
REC-1047-2024-Q3-SITE-E-FB01,2024-Q3,ORG-12345,SITE-E,England,Fibre-based composite,Tertiary,Exported,3.3407199999999997,2024-04-27
REC-1048-Q2 2024-SITE-A-OT01,2024-Q2,ORG-12345,SITE-A,England,Other,Tertiary,Exported,2.32183,2024-02-16
REC-1049-Q4 2024-SITE-D-FB01,,ORG-12345,SITE-D,Northern Ireland,Fibre-based composite,Shipment,Supplied as goods,2652.99,2024-02-04
REC-1050-2024-Q3-SITE-C-PL02,2024-Q3,ORG-12345,SITE-C,Wales,Plastic,Secondary,Exported,4410.92,2024-11-23
REC-1051-Q4 2024-SITE-D-GL01,,ORG-12345,SITE-D,Northern Ireland,Glass,Secondary,Supplied as goods,938.91,2024-04-17
REC-1052-2024-Q3-SITE-B-PL02,2024-Q3,ORG-12345,SITE-B,Scotland,Plastic,Secondary,Exported,4.7311499999999995,2024-10-16
REC-1053-Q4 2024-SITE-D-ST01,,ORG-12345,SITE-D,Northern Ireland,Steel,Tertiary,Supplied as goods,3.50532,2024-03-17
REC-1054-Q4 2024-SITE-D-PC01,,ORG-12345,SITE-D,Northern Ireland,Paper/card,Primary,Supplied as goods,2546.75,2024-05-23
REC-1055-Q4 2024-SITE-D-AL01,,ORG-12345,SITE-D,Northern Ireland,Aluminium,Shipment,Supplied as goods,2.33773,2024-08-06
REC-1056-2024-Q3-SITE-B-AL01,2024-Q3,ORG-12345,SITE-B,Scotland,Aluminium,Secondary,Supplied as goods,0.10315,2024-09-08
REC-1057-Q2 2024-SITE-D-WD01,2024-Q2,ORG-12345,SITE-D,Northern Ireland,Wood,Secondary,Supplied as goods,0.45862,2024-06-05
REC-1058-2024-Q1-SITE-C-GL01,2024-Q1,ORG-12345,SITE-C,Wales,Glass,Primary,Supplied as goods,3.05459,2024-08-02
REC-1059-Q4 2024-SITE-B-GL01,,ORG-12345,SITE-B,Scotland,Glass,Primary,Exported,3829.77,2024-04-15
REC-1060-2024-Q1-SITE-D-AL01,2024-Q1,ORG-12345,SITE-D,Northern Ireland,Aluminium,Tertiary,Supplied as goods,4.4688,2024-10-08
REC-1061-2024-Q1-SITE-E-PL02,2024-Q1,ORG-12345,SITE-E,England,Plastic,Secondary,Exported,1.57621,2024-07-26
REC-1062-2024-Q1-SITE-A-AL01,2024-Q1,ORG-12345,SITE-A,England,Aluminium,Primary,Imported,4.5483400000000005,2024-01-29
REC-1063-2024-Q1-SITE-B-PL01,2024-Q1,ORG-12345,SITE-B,Scotland,Plastic,Secondary,Supplied as goods,3.4158000000000004,2024-04-09
REC-1064-Q2 2024-SITE-C-GL01,2024-Q2,ORG-12345,SITE-C,Wales,Glass,Primary,Imported,2586.88,2024-04-30
REC-1065-2024-Q3-SITE-A-OT01,2024-Q3,ORG-12345,SITE-A,England,Other,Secondary,Imported,0.64798,2024-04-12
REC-1066-Q4 2024-SITE-B-PL01,,ORG-12345,SITE-B,Scotland,Plastic,Secondary,Exported,1615.39,2024-02-17
REC-1067-Q4 2024-SITE-B-ST01,,ORG-12345,SITE-B,Scotland,Steel,Tertiary,Exported,1.8764500000000002,2024-11-16
REC-1068-2024-Q1-SITE-C-WD01,2024-Q1,ORG-12345,SITE-C,Wales,Wood,Primary,Exported,2.7041,2024-06-29
REC-1069-Q4 2024-SITE-C-FB01,,ORG-12345,SITE-C,Wales,Fibre-based composite,Tertiary,Exported,0.70801,2024-07-04
REC-1070-2024-Q1-SITE-E-PL01,2024-Q1,ORG-12345,SITE-E,England,Plastic,Shipment,Exported,2.27211,2024-01-25
REC-1071-2024-Q1-SITE-E-PL02,2024-Q1,ORG-12345,SITE-E,England,Plastic,Secondary,Supplied as goods,3.7026700000000003,2024-03-25
REC-1072-2024-Q1-SITE-B-PC01,2024-Q1,ORG-12345,SITE-B,Scotland,Paper/card,Secondary,Imported,1049.96,2024-11-16
REC-1073-Q4 2024-SITE-A-WD01,,ORG-12345,SITE-A,England,Wood,Tertiary,Imported,714.62,2024-06-10
REC-1074-2024-Q1-SITE-B-PL01,2024-Q1,ORG-12345,SITE-B,Scotland,Plastic,Primary,Exported,1.68979,2024-05-21
REC-1075-2024-Q1-SITE-D-AL01,2024-Q1,ORG-12345,SITE-D,Northern Ireland,Aluminium,Shipment,Imported,2.63129,2024-09-22
REC-1076-Q2 2024-SITE-B-PL02,2024-Q2,ORG-12345,SITE-B,Scotland,Plastic,Primary,Supplied as goods,3.19012,2024-04-12
REC-1077-Q4 2024-SITE-D-OT01,,ORG-12345,SITE-D,Northern Ireland,Other,Tertiary,Supplied as goods,1.21974,2024-04-08
REC-1078-2024-Q3-SITE-C-AL01,2024-Q3,ORG-12345,SITE-C,Wales,Aluminium,Primary,Imported,0.9233600000000001,2024-08-31
REC-1079-Q4 2024-SITE-D-AL01,,ORG-12345,SITE-D,Northern Ireland,Aluminium,Secondary,Imported,446.08,2024-09-12
REC-1080-Q4 2024-SITE-B-WD01,,ORG-12345,SITE-B,Scotland,Wood,Secondary,Exported,3066.5,2024-07-28
REC-1081-Q2 2024-SITE-E-FB01,2024-Q2,ORG-12345,SITE-E,England,Fibre-based composite,Tertiary,Supplied as goods,3806.35,2024-04-13
REC-1082-Q4 2024-SITE-D-ST01,,ORG-12345,SITE-D,Northern Ireland,Steel,Secondary,Imported,1563.94,2024-07-03
REC-1083-2024-Q1-SITE-A-GL01,2024-Q1,ORG-12345,SITE-A,England,Glass,Tertiary,Imported,1.01879,2024-07-24
REC-1084-Q4 2024-SITE-D-WD01,,ORG-12345,SITE-D,Northern Ireland,Wood,Secondary,Imported,4704.41,2024-12-08
REC-1085-Q2 2024-SITE-D-PL02,2024-Q2,ORG-12345,SITE-D,Northern Ireland,Plastic,Secondary,Supplied as goods,4.96274,2024-08-25
REC-1086-2024-Q1-SITE-C-ST01,2024-Q1,ORG-12345,SITE-C,Wales,Steel,Tertiary,Exported,1775.46,2024-07-30
REC-1087-2024-Q1-SITE-C-FB01,2024-Q1,ORG-12345,SITE-C,Wales,Fibre-based composite,Tertiary,Supplied as goods,1.2496500000000001,2024-12-20
REC-1088-Q2 2024-SITE-C-GL01,2024-Q2,ORG-12345,SITE-C,Wales,Glass,Secondary,Exported,2.30458,2024-11-06
REC-1089-2024-Q1-SITE-D-GL01,2024-Q1,ORG-12345,SITE-D,Northern Ireland,Glass,Primary,Supplied as goods,3866.31,2024-04-20
REC-1090-Q4 2024-SITE-E-FB01,,ORG-12345,SITE-E,England,Fibre-based composite,Primary,Imported,1301.71,2024-06-20
REC-1091-2024-Q3-SITE-E-FB01,2024-Q3,ORG-12345,SITE-E,England,Fibre-based composite,Tertiary,Exported,4.35362,2024-05-31
REC-1092-Q4 2024-SITE-B-AL01,,ORG-12345,SITE-B,Scotland,Aluminium,Tertiary,Imported,3.5100900000000004,2024-03-04
REC-1093-Q4 2024-SITE-C-PL02,,ORG-12345,SITE-C,Wales,Plastic,Tertiary,Exported,2118.31,2024-04-14
REC-1094-2024-Q1-SITE-B-PC01,2024-Q1,ORG-12345,SITE-B,Scotland,Paper/card,Primary,Exported,714.94,2024-10-31
REC-1095-2024-Q3-SITE-B-AL01,2024-Q3,ORG-12345,SITE-B,Scotland,Aluminium,Primary,Supplied as goods,0.34196,2024-08-27
REC-1096-Q4 2024-SITE-A-PL02,,ORG-12345,SITE-A,England,Plastic,Tertiary,Exported,872.32,2024-06-04
REC-1097-2024-Q1-SITE-D-PL02,2024-Q1,ORG-12345,SITE-D,Northern Ireland,Plastic,Secondary,Supplied as goods,2948.95,2024-02-15
REC-1098-Q2 2024-SITE-A-ST01,2024-Q2,ORG-12345,SITE-A,England,Steel,Tertiary,Supplied as goods,3.34335,2024-01-18
REC-1099-Q4 2024-SITE-D-FB01,,ORG-12345,SITE-D,Northern Ireland,Fibre-based composite,Shipment,Exported,4935.14,2024-11-19
REC-1100-Q2 2024-SITE-C-FB01,2024-Q2,ORG-12345,SITE-C,Wales,Fibre-based composite,Secondary,Imported,3425.21,2024-12-20
REC-1101-2024Q2-SITE-C-FB01,2024-Q2,ORG-12345,SITE-C,Wales,Fibre-based composite,Secondary,Exported,333.35,2024-09-04
REC-1102-2024-Q3-SITE-E-FB01,2024-Q3,ORG-12345,SITE-E,England,Fibre-based composite,Tertiary,Supplied as goods,0.17712,2024-05-21
REC-1103-Q4 2024-SITE-E-PC01,,ORG-12345,SITE-E,England,Paper/card,Primary,Exported,3446.62,2024-04-20
REC-1104-2024-Q3-SITE-A-PL01,2024-Q3,ORG-12345,SITE-A,England,Plastic,Tertiary,Imported,132.32,2024-08-29
REC-1105-Q4 2024-SITE-C-AL01,,ORG-12345,SITE-C,Wales,Aluminium,Shipment,Imported,2.03082,2024-12-17
REC-1106-2024-Q1-SITE-B-PL02,2024-Q1,ORG-12345,SITE-B,Scotland,Plastic,Tertiary,Imported,1.5046199999999998,2024-09-25
REC-1107-Q4 2024-SITE-B-PL02,,ORG-12345,SITE-B,Scotland,Plastic,Secondary,Exported,4981.71,2024-03-15
REC-1108-Q4 2024-SITE-A-OT01,,ORG-12345,SITE-A,England,Other,Primary,Supplied as goods,1.0976199999999998,2024-01-29
REC-1109-Q4 2024-SITE-C-GL01,,ORG-12345,SITE-C,Wales,Glass,Secondary,Imported,3.84323,2024-03-18
REC-1110-Q2 2024-SITE-C-GL01,2024-Q2,ORG-12345,SITE-C,Wales,Glass,Shipment,Exported,3.6408,2024-11-17
REC-1111-Q4 2024-SITE-E-PL02,,ORG-12345,SITE-E,England,Plastic,Tertiary,Imported,1916.2,2024-05-08
REC-1112-Q2 2024-SITE-C-ST01,2024-Q2,ORG-12345,SITE-C,Wales,Steel,Primary,Imported,0.48402,2024-03-14
REC-1113-2024-Q1-SITE-C-PC01,2024-Q1,ORG-12345,SITE-C,Wales,Paper/card,Primary,Imported,,2024-10-15
REC-1114-Q2 2024-SITE-C-AL01,2024-Q2,ORG-12345,SITE-C,Wales,Aluminium,Tertiary,Imported,4900.26,2024-12-19
REC-1115-Q2 2024-SITE-C-UNKNOWN,2024-Q2,ORG-12345,SITE-C,Wales,,Primary,Imported,95.48,2024-05-06
REC-1116-2024-Q1-SITE-B-WD01,2024-Q1,ORG-12345,SITE-B,Scotland,Wood,Tertiary,Imported,779.76,2024-06-26
REC-1117-Q4 2024-SITE-Z-ST01,,ORG-12345,SITE-Z,,Steel,Shipment,Exported,661.15,2025-01-09
REC-1118-2024-Q1-SITE-B-FB01,2024-Q1,ORG-12345,SITE-B,Scotland,Fibre-based composite,Primary,Imported,0.80588,2024-09-20
REC-1119-Q4 2024-SITE-A-FB01,,ORG-12345,SITE-A,England,Fibre-based composite,Secondary,Exported,4.566260000000001,2024-08-18
REC-1120-Q2 2024-SITE-C-WD01,2024-Q2,ORG-12345,SITE-C,Wales,Wood,Secondary,Imported,1985.76,2024-10-21
REC-1121-Q4 2024-SITE-C-FB01,,ORG-12345,SITE-C,Wales,Fibre-based composite,Primary,Supplied as goods,1.6509200000000002,2024-04-07
REC-1122-Q2 2024-SITE-B-GL01,2024-Q2,ORG-12345,SITE-B,Scotland,Glass,Secondary,Exported,2.4380900000000003,2024-04-24
REC-1123-Q4 2024-SITE-B-PL01,,ORG-12345,SITE-B,Scotland,Plastic,Secondary,Exported,4.2879,2024-12-27
REC-1124-2024-Q1-SITE-B-GL01,2024-Q1,ORG-12345,SITE-B,Scotland,Glass,Primary,Supplied as goods,1810.14,2024-10-04
REC-1125-2024-Q1-SITE-B-PC01,2024-Q1,ORG-12345,SITE-B,Scotland,Paper/card,Shipment,Imported,4850.15,2024-05-17
REC-1126-2024-Q1-SITE-D-FB01,2024-Q1,ORG-12345,SITE-D,Northern Ireland,Fibre-based composite,Secondary,Imported,3.45552,2024-12-12
REC-1127-2024-Q1-SITE-A-FB01,2024-Q1,ORG-12345,SITE-A,England,Fibre-based composite,Secondary,Exported,3283.32,2024-02-26
REC-1128-Q4 2024-SITE-A-PL02,,ORG-12345,SITE-A,England,Plastic,Secondary,Exported,3.36052,2025-01-04
REC-1129-2024-Q3-SITE-D-PL02,2024-Q3,ORG-12345,SITE-D,Northern Ireland,Plastic,Tertiary,Exported,946.43,2024-03-19
REC-1130-2024-Q1-SITE-D-PL02,2024-Q1,ORG-12345,SITE-D,Northern Ireland,Plastic,Secondary,Supplied as goods,3.5831500000000003,2024-10-25
REC-1131-2024-Q1-SITE-B-OT01,2024-Q1,ORG-12345,SITE-B,Scotland,Other,Tertiary,Exported,2.46839,2024-11-16
REC-1132-2024-Q1-SITE-A-GL01,2024-Q1,ORG-12345,SITE-A,England,Glass,Primary,Exported,2263.8,2024-11-04
REC-1133-2024-Q1-SITE-A-AL01,2024-Q1,ORG-12345,SITE-A,England,Aluminium,Tertiary,Supplied as goods,484.71,2024-09-30
REC-1134-2024-Q3-SITE-B-ST01,2024-Q3,ORG-12345,SITE-B,Scotland,Steel,Secondary,Exported,0.8994400000000001,2024-10-06
REC-1135-2024-Q3-SITE-C-ST01,2024-Q3,ORG-12345,SITE-C,Wales,Steel,Tertiary,Exported,2252.36,2024-10-16
REC-1136-2024-Q1-SITE-B-OT01,2024-Q1,ORG-12345,SITE-B,Scotland,Other,Primary,Exported,0.5401,2024-03-27
REC-1137-2024-Q3-SITE-E-ST01,2024-Q3,ORG-12345,SITE-E,England,Steel,Tertiary,Supplied as goods,4.7892399999999995,2024-03-20
REC-1138-Q4 2024-SITE-B-FB01,,ORG-12345,SITE-B,Scotland,Fibre-based composite,Primary,Exported,1312.09,2024-02-26
REC-1139-Q2 2024-SITE-E-ST01,2024-Q2,ORG-12345,SITE-E,England,Steel,Tertiary,Imported,4.70399,2024-12-02
REC-1140-Q2 2024-SITE-E-ST01,2024-Q2,ORG-12345,SITE-E,England,Steel,Tertiary,Exported,3245.58,2024-04-02
REC-1141-2024-Q3-SITE-A-PC01,2024-Q3,ORG-12345,SITE-A,England,Paper/card,Tertiary,Imported,1.9257600000000001,2024-10-13
REC-1142-2024-Q3-SITE-A-PL02,2024-Q3,ORG-12345,SITE-A,England,Plastic,Tertiary,Exported,2063.57,2024-06-02
REC-1143-Q2 2024-SITE-D-GL01,2024-Q2,ORG-12345,SITE-D,Northern Ireland,Glass,Tertiary,Supplied as goods,1.40455,2024-03-08
REC-1144-Q4 2024-SITE-E-PL02,,ORG-12345,SITE-E,England,Plastic,Primary,Exported,3655.22,2024-10-11
REC-1145-2024-Q1-SITE-E-PC01,2024-Q1,ORG-12345,SITE-E,England,Paper/card,Tertiary,Exported,4333.72,2024-04-11
REC-1146-Q2 2024-SITE-D-PC01,2024-Q2,ORG-12345,SITE-D,Northern Ireland,Paper/card,Tertiary,Imported,944.33,2024-01-19
REC-1147-2024-Q3-SITE-D-OT01,2024-Q3,ORG-12345,SITE-D,Northern Ireland,Other,Tertiary,Supplied as goods,3.30494,2024-12-07
REC-1148-Q2 2024-SITE-D-PC01,2024-Q2,ORG-12345,SITE-D,Northern Ireland,Paper/card,Tertiary,Supplied as goods,3407.17,2024-07-14
REC-1149-Q2 2024-SITE-E-WD01,2024-Q2,ORG-12345,SITE-E,England,Wood,Shipment,Imported,1415.32,2024-12-05
REC-1150-2024-Q1-SITE-A-PL02,2024-Q1,ORG-12345,SITE-A,England,Plastic,Secondary,Imported,3.86436,2024-05-16
REC-1151-Q4 2024-SITE-E-PL02,,ORG-12345,SITE-E,England,Plastic,Primary,Exported,334.19,2024-08-19
REC-1152-2024-Q1-SITE-D-OT01,2024-Q1,ORG-12345,SITE-D,Northern Ireland,Other,Tertiary,Supplied as goods,2.4243,2024-04-21
REC-1153-2024-Q1-SITE-B-PL01,2024-Q1,ORG-12345,SITE-B,Scotland,Plastic,Tertiary,Imported,3527.83,2024-08-31
REC-1154-2024-Q3-SITE-A-GL01,2024-Q3,ORG-12345,SITE-A,England,Glass,Tertiary,Exported,4.5238000000000005,2024-10-04
REC-1155-2024-Q1-SITE-C-PC01,2024-Q1,ORG-12345,SITE-C,Wales,Paper/card,Primary,Imported,2.5027600000000003,2024-12-27
REC-1156-2024-Q3-SITE-C-AL01,2024-Q3,ORG-12345,SITE-C,Wales,Aluminium,Tertiary,Exported,4.26135,2024-06-13
REC-1157-2024-Q3-SITE-B-ST01,2024-Q3,ORG-12345,SITE-B,Scotland,Steel,Primary,Supplied as goods,3703.23,2024-10-04
REC-1158-2024-Q1-SITE-C-PL01,2024-Q1,ORG-12345,SITE-C,Wales,Plastic,Secondary,Exported,4.24934,2024-09-06
REC-1159-Q4 2024-SITE-B-PC01,,ORG-12345,SITE-B,Scotland,Paper/card,Secondary,Imported,580.46,2024-01-19
REC-1160-2024-Q1-SITE-D-PL02,2024-Q1,ORG-12345,SITE-D,Northern Ireland,Plastic,Secondary,Imported,1.0278399999999999,2024-01-18
REC-1161-2024-Q3-SITE-D-GL01,2024-Q3,ORG-12345,SITE-D,Northern Ireland,Glass,Tertiary,Exported,1288.17,2024-07-19
REC-1162-Q4 2024-SITE-D-FB01,,ORG-12345,SITE-D,Northern Ireland,Fibre-based composite,Primary,Exported,4.06714,2024-03-26
REC-1163-Q2 2024-SITE-A-PC01,2024-Q2,ORG-12345,SITE-A,England,Paper/card,Tertiary,Imported,0.07876000000000001,2024-02-04
REC-1164-Q2 2024-SITE-B-GL01,2024-Q2,ORG-12345,SITE-B,Scotland,Glass,Secondary,Imported,3.7324200000000003,2024-12-20
REC-1165-2024-Q3-SITE-B-ST01,2024-Q3,ORG-12345,SITE-B,Scotland,Steel,Primary,Imported,2470.89,2024-09-27
REC-1166-Q2 2024-SITE-B-FB01,2024-Q2,ORG-12345,SITE-B,Scotland,Fibre-based composite,Primary,Supplied as goods,4.79051,2024-09-27
REC-1167-2024-Q1-SITE-D-PL01,2024-Q1,ORG-12345,SITE-D,Northern Ireland,Plastic,Tertiary,Exported,1220.7,2024-09-16
REC-1168-Q2 2024-SITE-B-ST01,2024-Q2,ORG-12345,SITE-B,Scotland,Steel,Secondary,Imported,458.94,2024-10-02
REC-1169-Q4 2024-SITE-B-GL01,,ORG-12345,SITE-B,Scotland,Glass,Primary,Imported,3845.3,2024-09-13
REC-1170-Q2 2024-SITE-B-PL02,2024-Q2,ORG-12345,SITE-B,Scotland,Plastic,Tertiary,Exported,2.53655,2024-03-16
REC-1171-Q4 2024-SITE-B-GL01,,ORG-12345,SITE-B,Scotland,Glass,Secondary,Supplied as goods,1.4056199999999999,2024-11-25
REC-1172-Q2 2024-SITE-B-AL01,2024-Q2,ORG-12345,SITE-B,Scotland,Aluminium,Primary,Supplied as goods,1932.75,2024-08-20
REC-1173-2024-Q1-SITE-C-WD01,2024-Q1,ORG-12345,SITE-C,Wales,Wood,Primary,Exported,2.16401,2024-07-19
REC-1174-Q2 2024-SITE-A-ST01,2024-Q2,ORG-12345,SITE-A,England,Steel,Secondary,Exported,2119.47,2024-01-15
REC-1175-2024-Q3-SITE-D-PL01,2024-Q3,ORG-12345,SITE-D,Northern Ireland,Plastic,Tertiary,Exported,1642.12,2024-03-06
REC-1176-2024-Q3-SITE-C-FB01,2024-Q3,ORG-12345,SITE-C,Wales,Fibre-based composite,Primary,Imported,4744.22,2024-03-04
REC-1177-2024-Q3-SITE-C-PL01,2024-Q3,ORG-12345,SITE-C,Wales,Plastic,Tertiary,Exported,3.8638000000000003,2024-07-18
REC-1178-Q4 2024-SITE-B-OT01,,ORG-12345,SITE-B,Scotland,Other,Shipment,Imported,1229.35,2024-03-09
REC-1179-Q2 2024-SITE-E-GL01,2024-Q2,ORG-12345,SITE-E,England,Glass,Tertiary,Exported,3.02908,2025-01-09
REC-1180-Q4 2024-SITE-C-WD01,,ORG-12345,SITE-C,Wales,Wood,Primary,Supplied as goods,4712.0,2024-10-14
REC-1181-2024-Q3-SITE-E-GL01,2024-Q3,ORG-12345,SITE-E,England,Glass,Primary,Supplied as goods,998.95,2024-08-31
REC-1182-2024-Q3-SITE-B-PL02,2024-Q3,ORG-12345,SITE-B,Scotland,Plastic,Secondary,Supplied as goods,2.43996,2024-03-21
REC-1183-Q4 2024-SITE-D-ST01,,ORG-12345,SITE-D,Northern Ireland,Steel,Primary,Exported,0.35093,2024-10-13
REC-1184-Q4 2024-SITE-E-OT01,,ORG-12345,SITE-E,England,Other,Primary,Supplied as goods,2216.84,2024-11-20
REC-1185-2024-Q1-SITE-E-ST01,2024-Q1,ORG-12345,SITE-E,England,Steel,Primary,Supplied as goods,0.06781999999999999,2024-09-04
REC-1186-2024-Q3-SITE-B-OT01,2024-Q3,ORG-12345,SITE-B,Scotland,Other,Tertiary,Exported,2649.11,2024-05-31
REC-1187-2024-Q1-SITE-C-OT01,2024-Q1,ORG-12345,SITE-C,Wales,Other,Primary,Supplied as goods,1.15845,2024-03-30
REC-1188-Q2 2024-SITE-B-ST01,2024-Q2,ORG-12345,SITE-B,Scotland,Steel,Primary,Imported,4.3732500000000005,2024-03-14
REC-1189-2024-Q1-SITE-C-PL01,2024-Q1,ORG-12345,SITE-C,Wales,Plastic,Tertiary,Imported,3181.78,2024-10-22
REC-1190-2024-Q1-SITE-C-ST01,2024-Q1,ORG-12345,SITE-C,Wales,Steel,Tertiary,Supplied as goods,2071.3,2024-01-20
REC-1191-2024-Q1-SITE-C-PC01,2024-Q1,ORG-12345,SITE-C,Wales,Paper/card,Primary,Exported,4.82788,2024-12-16
REC-1192-Q2 2024-SITE-E-PL02,2024-Q2,ORG-12345,SITE-E,England,Plastic,Tertiary,Exported,3456.17,2024-05-06
REC-1193-Q4 2024-SITE-B-PC01,,ORG-12345,SITE-B,Scotland,Paper/card,Secondary,Supplied as goods,2929.24,2024-08-24
REC-1194-Q2 2024-SITE-D-PC01,2024-Q2,ORG-12345,SITE-D,Northern Ireland,Paper/card,Primary,Imported,0.51377,2024-04-20
REC-1195-Q2 2024-SITE-C-WD01,2024-Q2,ORG-12345,SITE-C,Wales,Wood,Tertiary,Supplied as goods,3.25544,2024-08-03
REC-1196-Q4 2024-SITE-D-AL01,,ORG-12345,SITE-D,Northern Ireland,Aluminium,Primary,Supplied as goods,0.40664,2024-10-10
REC-1197-2024-Q1-SITE-D-GL01,2024-Q1,ORG-12345,SITE-D,Northern Ireland,Glass,Tertiary,Supplied as goods,3036.3,2024-01-21
REC-1198-2024-Q1-SITE-B-PL01,2024-Q1,ORG-12345,SITE-B,Scotland,Plastic,Primary,Supplied as goods,3862.08,2024-03-09
REC-1199-Q2 2024-SITE-B-OT01,2024-Q2,ORG-12345,SITE-B,Scotland,Other,Tertiary,Imported,4.27097,2024-10-29
REC-1200-Q2 2024-SITE-B-WD01,2024-Q2,ORG-12345,SITE-B,Scotland,Wood,Tertiary,Supplied as goods,1571.56,2024-10-19
REC-1201-2024Q2-SITE-A-ST01,2024-Q2,ORG-12345,SITE-A,England,Steel,Tertiary,Exported,0.65922,2024-10-02
REC-1202-Q4 2024-SITE-B-FB01,,ORG-12345,SITE-B,Scotland,Fibre-based composite,Primary,Supplied as goods,4.56523,2024-03-30
REC-1203-Q4 2024-SITE-A-PC01,,ORG-12345,SITE-A,England,Paper/card,Primary,Imported,1168.13,2024-03-11
REC-1204-2024-Q3-SITE-A-AL01,2024-Q3,ORG-12345,SITE-A,England,Aluminium,Primary,Imported,1818.67,2024-02-06
REC-1205-Q2 2024-SITE-D-GL01,2024-Q2,ORG-12345,SITE-D,Northern Ireland,Glass,Primary,Imported,2.6758800000000003,2024-12-31
REC-1206-Q4 2024-SITE-C-ST01,,ORG-12345,SITE-C,Wales,Steel,Shipment,Imported,1.77451,2024-07-21
REC-1207-Q2 2024-SITE-B-ST01,2024-Q2,ORG-12345,SITE-B,Scotland,Steel,Tertiary,Exported,4.00348,2024-03-15
REC-1208-2024-Q1-SITE-A-FB01,2024-Q1,ORG-12345,SITE-A,England,Fibre-based composite,Secondary,Exported,3994.41,2024-08-20
REC-1209-Q4 2024-SITE-B-ST01,,ORG-12345,SITE-B,Scotland,Steel,Primary,Supplied as goods,1.6491099999999999,2024-06-26
REC-1210-2024-Q3-SITE-E-WD01,2024-Q3,ORG-12345,SITE-E,England,Wood,Secondary,Imported,3482.43,2024-12-14
REC-1211-Q2 2024-SITE-E-AL01,2024-Q2,ORG-12345,SITE-E,England,Aluminium,Secondary,Imported,2769.23,2024-02-26
REC-1212-Q2 2024-SITE-A-FB01,2024-Q2,ORG-12345,SITE-A,England,Fibre-based composite,Shipment,Exported,3.89413,2024-01-16
REC-1213-2024-Q1-SITE-B-AL01,2024-Q1,ORG-12345,SITE-B,Scotland,Aluminium,Tertiary,Supplied as goods,,2024-07-11
REC-1214-Q4 2024-SITE-E-PC01,,ORG-12345,SITE-E,England,Paper/card,Tertiary,Supplied as goods,1.50875,2024-05-01
REC-1215-2024-Q1-SITE-D-UNKNOWN,2024-Q1,ORG-12345,SITE-D,Northern Ireland,,Primary,Exported,0.73212,2024-08-19
REC-1216-Q2 2024-SITE-D-PC01,2024-Q2,ORG-12345,SITE-D,Northern Ireland,Paper/card,Primary,Exported,0.57475,2024-03-30
REC-1217-Q4 2024-SITE-Z-PC01,,ORG-12345,SITE-Z,,Paper/card,Primary,Supplied as goods,1.26298,2024-04-17
REC-1218-Q4 2024-SITE-D-WD01,,ORG-12345,SITE-D,Northern Ireland,Wood,Tertiary,Supplied as goods,3753.13,2024-07-05
REC-1219-Q2 2024-SITE-A-WD01,2024-Q2,ORG-12345,SITE-A,England,Wood,Tertiary,Exported,3491.47,2024-12-08
REC-1220-Q4 2024-SITE-D-PL01,,ORG-12345,SITE-D,Northern Ireland,Plastic,Shipment,Supplied as goods,2.54131,2024-09-03
REC-1221-Q4 2024-SITE-B-OT01,,ORG-12345,SITE-B,Scotland,Other,Tertiary,Imported,4599.79,2024-06-02
REC-1222-Q4 2024-SITE-B-PL02,,ORG-12345,SITE-B,Scotland,Plastic,Shipment,Imported,4.89074,2024-02-12
REC-1223-Q4 2024-SITE-D-AL01,,ORG-12345,SITE-D,Northern Ireland,Aluminium,Secondary,Supplied as goods,4.1213999999999995,2024-12-14
REC-1224-Q2 2024-SITE-D-FB01,2024-Q2,ORG-12345,SITE-D,Northern Ireland,Fibre-based composite,Tertiary,Imported,865.88,2024-03-10
REC-1225-Q2 2024-SITE-A-PL02,2024-Q2,ORG-12345,SITE-A,England,Plastic,Primary,Imported,3035.79,2024-04-07
REC-1226-Q2 2024-SITE-C-OT01,2024-Q2,ORG-12345,SITE-C,Wales,Other,Primary,Supplied as goods,1.09895,2024-04-27
REC-1227-Q4 2024-SITE-E-PL01,,ORG-12345,SITE-E,England,Plastic,Primary,Imported,0.47094,2024-02-08
REC-1228-Q4 2024-SITE-C-PC01,,ORG-12345,SITE-C,Wales,Paper/card,Primary,Imported,91.97,2024-04-23
REC-1229-2024-Q3-SITE-A-PC01,2024-Q3,ORG-12345,SITE-A,England,Paper/card,Tertiary,Imported,3.64216,2024-09-28
REC-1230-2024-Q1-SITE-D-PL02,2024-Q1,ORG-12345,SITE-D,Northern Ireland,Plastic,Shipment,Supplied as goods,167.24,2024-04-06
REC-1231-Q2 2024-SITE-B-GL01,2024-Q2,ORG-12345,SITE-B,Scotland,Glass,Tertiary,Imported,0.43983,2024-12-14
REC-1232-Q2 2024-SITE-D-GL01,2024-Q2,ORG-12345,SITE-D,Northern Ireland,Glass,Tertiary,Exported,847.18,2024-06-11
REC-1233-Q2 2024-SITE-B-PC01,2024-Q2,ORG-12345,SITE-B,Scotland,Paper/card,Shipment,Imported,248.06,2024-11-20
REC-1234-2024-Q1-SITE-A-PL02,2024-Q1,ORG-12345,SITE-A,England,Plastic,Primary,Exported,3157.56,2024-06-21
REC-1235-Q2 2024-SITE-C-OT01,2024-Q2,ORG-12345,SITE-C,Wales,Other,Tertiary,Supplied as goods,2519.62,2024-04-06
REC-1236-Q2 2024-SITE-A-PL02,2024-Q2,ORG-12345,SITE-A,England,Plastic,Secondary,Exported,1.84847,2024-09-06
REC-1237-2024-Q1-SITE-B-ST01,2024-Q1,ORG-12345,SITE-B,Scotland,Steel,Secondary,Imported,3827.57,2024-09-20
REC-1238-2024-Q3-SITE-D-PL01,2024-Q3,ORG-12345,SITE-D,Northern Ireland,Plastic,Secondary,Imported,2.03465,2024-11-29
REC-1239-2024-Q1-SITE-C-PC01,2024-Q1,ORG-12345,SITE-C,Wales,Paper/card,Secondary,Supplied as goods,3426.89,2024-12-09
REC-1240-2024-Q1-SITE-B-PL01,2024-Q1,ORG-12345,SITE-B,Scotland,Plastic,Tertiary,Supplied as goods,3.51374,2024-07-25
REC-1241-Q4 2024-SITE-D-GL01,,ORG-12345,SITE-D,Northern Ireland,Glass,Shipment,Imported,4.27645,2024-03-02
REC-1242-2024-Q1-SITE-A-PC01,2024-Q1,ORG-12345,SITE-A,England,Paper/card,Secondary,Imported,3230.3,2024-03-10
REC-1243-2024-Q3-SITE-A-FB01,2024-Q3,ORG-12345,SITE-A,England,Fibre-based composite,Tertiary,Imported,1037.38,2024-11-19
REC-1244-Q4 2024-SITE-C-WD01,,ORG-12345,SITE-C,Wales,Wood,Primary,Exported,3.71936,2024-10-20
REC-1245-2024-Q1-SITE-E-GL01,2024-Q1,ORG-12345,SITE-E,England,Glass,Secondary,Supplied as goods,3219.07,2024-07-27
REC-1246-2024-Q1-SITE-B-PL01,2024-Q1,ORG-12345,SITE-B,Scotland,Plastic,Tertiary,Imported,3958.32,2024-01-26
REC-1247-2024-Q1-SITE-B-FB01,2024-Q1,ORG-12345,SITE-B,Scotland,Fibre-based composite,Secondary,Imported,3.19665,2024-08-09
REC-1248-Q2 2024-SITE-E-PL02,2024-Q2,ORG-12345,SITE-E,England,Plastic,Secondary,Exported,2284.53,2024-05-26
REC-1249-2024-Q3-SITE-C-GL01,2024-Q3,ORG-12345,SITE-C,Wales,Glass,Tertiary,Supplied as goods,507.58,2024-04-25
REC-1250-2024-Q3-SITE-D-PC01,2024-Q3,ORG-12345,SITE-D,Northern Ireland,Paper/card,Secondary,Imported,2.40372,2024-11-02
REC-1251-Q2 2024-SITE-A-FB01,2024-Q2,ORG-12345,SITE-A,England,Fibre-based composite,Tertiary,Supplied as goods,2.8265000000000002,2024-12-20
REC-1252-2024-Q3-SITE-D-PC01,2024-Q3,ORG-12345,SITE-D,Northern Ireland,Paper/card,Primary,Supplied as goods,4.48768,2024-12-25
REC-1253-Q4 2024-SITE-B-FB01,,ORG-12345,SITE-B,Scotland,Fibre-based composite,Secondary,Exported,3625.32,2024-11-06
REC-1254-Q2 2024-SITE-D-PL02,2024-Q2,ORG-12345,SITE-D,Northern Ireland,Plastic,Primary,Supplied as goods,3.74125,2024-07-26
REC-1255-2024-Q3-SITE-C-AL01,2024-Q3,ORG-12345,SITE-C,Wales,Aluminium,Secondary,Supplied as goods,4.764270000000001,2024-06-17
REC-1256-Q4 2024-SITE-D-ST01,,ORG-12345,SITE-D,Northern Ireland,Steel,Shipment,Supplied as goods,3511.62,2024-07-13
REC-1257-Q2 2024-SITE-A-OT01,2024-Q2,ORG-12345,SITE-A,England,Other,Secondary,Exported,4871.65,2024-08-21
REC-1258-2024-Q3-SITE-D-PC01,2024-Q3,ORG-12345,SITE-D,Northern Ireland,Paper/card,Primary,Exported,2994.71,2025-01-01
REC-1259-2024-Q1-SITE-A-FB01,2024-Q1,ORG-12345,SITE-A,England,Fibre-based composite,Tertiary,Imported,3.52536,2024-12-12
REC-1260-2024-Q1-SITE-D-PL01,2024-Q1,ORG-12345,SITE-D,Northern Ireland,Plastic,Shipment,Imported,0.5631900000000001,2024-06-11
REC-1261-Q2 2024-SITE-A-FB01,2024-Q2,ORG-12345,SITE-A,England,Fibre-based composite,Primary,Supplied as goods,3895.56,2024-03-18
REC-1262-2024-Q3-SITE-A-PC01,2024-Q3,ORG-12345,SITE-A,England,Paper/card,Tertiary,Imported,2094.03,2024-09-30
REC-1263-2024-Q1-SITE-B-ST01,2024-Q1,ORG-12345,SITE-B,Scotland,Steel,Secondary,Exported,1359.27,2024-01-31
REC-1264-Q2 2024-SITE-C-PL01,2024-Q2,ORG-12345,SITE-C,Wales,Plastic,Primary,Supplied as goods,3963.03,2024-08-22
REC-1265-Q4 2024-SITE-A-AL01,,ORG-12345,SITE-A,England,Aluminium,Shipment,Imported,1003.67,2024-12-05
REC-1266-Q2 2024-SITE-E-FB01,2024-Q2,ORG-12345,SITE-E,England,Fibre-based composite,Tertiary,Supplied as goods,2045.44,2024-05-12
REC-1267-Q2 2024-SITE-C-PL02,2024-Q2,ORG-12345,SITE-C,Wales,Plastic,Tertiary,Supplied as goods,2546.07,2024-04-28
REC-1268-2024-Q1-SITE-A-PL02,2024-Q1,ORG-12345,SITE-A,England,Plastic,Primary,Supplied as goods,2.21523,2024-07-28
REC-1269-Q2 2024-SITE-C-PL01,2024-Q2,ORG-12345,SITE-C,Wales,Plastic,Tertiary,Exported,696.21,2024-12-14
REC-1270-2024-Q3-SITE-D-AL01,2024-Q3,ORG-12345,SITE-D,Northern Ireland,Aluminium,Secondary,Supplied as goods,2.70032,2024-02-10
REC-1271-Q4 2024-SITE-A-ST01,,ORG-12345,SITE-A,England,Steel,Primary,Supplied as goods,3.1558200000000003,2024-03-17
REC-1272-2024-Q1-SITE-A-PL02,2024-Q1,ORG-12345,SITE-A,England,Plastic,Primary,Imported,1.34687,2024-07-18
REC-1273-2024-Q1-SITE-D-AL01,2024-Q1,ORG-12345,SITE-D,Northern Ireland,Aluminium,Secondary,Supplied as goods,2.48063,2024-11-30
REC-1274-Q2 2024-SITE-D-PL02,2024-Q2,ORG-12345,SITE-D,Northern Ireland,Plastic,Primary,Exported,2128.54,2024-06-15
REC-1275-2024-Q3-SITE-A-PL01,2024-Q3,ORG-12345,SITE-A,England,Plastic,Primary,Exported,2.8581,2024-09-18
REC-1276-Q2 2024-SITE-A-OT01,2024-Q2,ORG-12345,SITE-A,England,Other,Primary,Supplied as goods,2632.66,2024-01-30
REC-1277-2024-Q3-SITE-B-OT01,2024-Q3,ORG-12345,SITE-B,Scotland,Other,Primary,Exported,2.5831399999999998,2024-05-05
REC-1278-2024-Q3-SITE-C-PL01,2024-Q3,ORG-12345,SITE-C,Wales,Plastic,Secondary,Supplied as goods,1.13782,2024-04-26
REC-1279-Q4 2024-SITE-D-PL02,,ORG-12345,SITE-D,Northern Ireland,Plastic,Secondary,Exported,2779.91,2024-10-03
REC-1280-2024-Q1-SITE-D-FB01,2024-Q1,ORG-12345,SITE-D,Northern Ireland,Fibre-based composite,Primary,Imported,906.15,2024-11-10
REC-1281-Q4 2024-SITE-D-ST01,,ORG-12345,SITE-D,Northern Ireland,Steel,Primary,Supplied as goods,4771.12,2024-11-15
REC-1282-Q2 2024-SITE-D-ST01,2024-Q2,ORG-12345,SITE-D,Northern Ireland,Steel,Tertiary,Imported,3133.41,2024-07-13
REC-1283-2024-Q3-SITE-E-PC01,2024-Q3,ORG-12345,SITE-E,England,Paper/card,Tertiary,Supplied as goods,2.27455,2024-08-11
REC-1284-2024-Q1-SITE-D-ST01,2024-Q1,ORG-12345,SITE-D,Northern Ireland,Steel,Shipment,Exported,4754.37,2024-04-16
REC-1285-2024-Q3-SITE-B-PC01,2024-Q3,ORG-12345,SITE-B,Scotland,Paper/card,Secondary,Supplied as goods,1.82084,2024-03-29
REC-1286-Q2 2024-SITE-C-PC01,2024-Q2,ORG-12345,SITE-C,Wales,Paper/card,Primary,Supplied as goods,1.62702,2024-10-31
REC-1287-Q2 2024-SITE-E-PC01,2024-Q2,ORG-12345,SITE-E,England,Paper/card,Primary,Exported,377.86,2024-05-05
REC-1288-Q4 2024-SITE-E-PL02,,ORG-12345,SITE-E,England,Plastic,Shipment,Imported,3.5955100000000004,2024-08-24
REC-1289-Q4 2024-SITE-D-PC01,,ORG-12345,SITE-D,Northern Ireland,Paper/card,Tertiary,Imported,1.03084,2024-06-03
REC-1290-Q4 2024-SITE-E-FB01,,ORG-12345,SITE-E,England,Fibre-based composite,Primary,Supplied as goods,2291.29,2024-11-05
REC-1291-2024-Q3-SITE-D-PL01,2024-Q3,ORG-12345,SITE-D,Northern Ireland,Plastic,Secondary,Supplied as goods,3.2361500000000003,2024-08-08
REC-1292-Q4 2024-SITE-A-PL01,,ORG-12345,SITE-A,England,Plastic,Shipment,Exported,0.24365,2024-08-14
REC-1293-2024-Q3-SITE-A-ST01,2024-Q3,ORG-12345,SITE-A,England,Steel,Secondary,Imported,3780.78,2024-11-23
REC-1294-2024-Q1-SITE-D-PL01,2024-Q1,ORG-12345,SITE-D,Northern Ireland,Plastic,Secondary,Imported,3497.46,2024-11-26
REC-1295-2024-Q1-SITE-B-PL02,2024-Q1,ORG-12345,SITE-B,Scotland,Plastic,Primary,Supplied as goods,0.28678,2025-01-01
REC-1296-2024-Q1-SITE-E-FB01,2024-Q1,ORG-12345,SITE-E,England,Fibre-based composite,Primary,Supplied as goods,485.68,2024-02-10
REC-1297-2024-Q3-SITE-A-ST01,2024-Q3,ORG-12345,SITE-A,England,Steel,Tertiary,Supplied as goods,598.48,2025-01-01
REC-1298-Q4 2024-SITE-E-FB01,,ORG-12345,SITE-E,England,Fibre-based composite,Secondary,Exported,0.89318,2024-03-19
REC-1299-2024-Q1-SITE-D-PC01,2024-Q1,ORG-12345,SITE-D,Northern Ireland,Paper/card,Tertiary,Supplied as goods,3777.52,2024-10-11
REC-1300-Q4 2024-SITE-C-AL01,,ORG-12345,SITE-C,Wales,Aluminium,Shipment,Imported,3323.28,2024-03-02
REC-1301-2024Q2-SITE-E-ST01,2024-Q2,ORG-12345,SITE-E,England,Steel,Tertiary,Imported,3571.34,2024-12-11
REC-1302-Q2 2024-SITE-A-AL01,2024-Q2,ORG-12345,SITE-A,England,Aluminium,Tertiary,Supplied as goods,421.96,2024-12-23
REC-1303-Q2 2024-SITE-C-AL01,2024-Q2,ORG-12345,SITE-C,Wales,Aluminium,Primary,Imported,0.9801900000000001,2024-10-11
REC-1304-Q2 2024-SITE-D-OT01,2024-Q2,ORG-12345,SITE-D,Northern Ireland,Other,Tertiary,Imported,3814.42,2024-03-09
REC-1305-Q2 2024-SITE-E-GL01,2024-Q2,ORG-12345,SITE-E,England,Glass,Primary,Imported,1.9586,2024-04-20
REC-1306-2024-Q1-SITE-E-PL02,2024-Q1,ORG-12345,SITE-E,England,Plastic,Secondary,Imported,862.77,2024-09-07
REC-1307-2024-Q3-SITE-B-PL02,2024-Q3,ORG-12345,SITE-B,Scotland,Plastic,Tertiary,Supplied as goods,1240.78,2024-03-15
REC-1308-Q4 2024-SITE-C-OT01,,ORG-12345,SITE-C,Wales,Other,Secondary,Imported,1.3646099999999999,2024-04-01
REC-1309-2024-Q3-SITE-D-FB01,2024-Q3,ORG-12345,SITE-D,Northern Ireland,Fibre-based composite,Shipment,Imported,2.56424,2024-03-05
REC-1310-2024-Q3-SITE-B-PL01,2024-Q3,ORG-12345,SITE-B,Scotland,Plastic,Tertiary,Imported,3673.41,2024-08-08
REC-1311-Q4 2024-SITE-E-GL01,,ORG-12345,SITE-E,England,Glass,Shipment,Imported,2671.34,2024-12-28
REC-1312-2024-Q1-SITE-A-PL01,2024-Q1,ORG-12345,SITE-A,England,Plastic,Tertiary,Supplied as goods,4.79691,2024-11-04
REC-1313-Q4 2024-SITE-B-ST01,,ORG-12345,SITE-B,Scotland,Steel,Primary,Supplied as goods,,2024-08-03
REC-1314-Q2 2024-SITE-D-PL02,2024-Q2,ORG-12345,SITE-D,Northern Ireland,Plastic,Primary,Exported,4129.14,2024-04-28
REC-1315-2024-Q1-SITE-A-UNKNOWN,2024-Q1,ORG-12345,SITE-A,England,,Tertiary,Imported,3543.97,2024-09-28
REC-1316-2024-Q3-SITE-B-WD01,2024-Q3,ORG-12345,SITE-B,Scotland,Wood,Tertiary,Imported,4.2701899999999995,2024-02-19
REC-1317-Q4 2024-SITE-Z-GL01,,ORG-12345,SITE-Z,,Glass,Primary,Imported,4.5043500000000005,2024-07-04
REC-1318-2024-Q3-SITE-A-PL01,2024-Q3,ORG-12345,SITE-A,England,Plastic,Primary,Imported,4.4122200000000005,2024-11-08
REC-1319-2024-Q3-SITE-A-PL01,2024-Q3,ORG-12345,SITE-A,England,Plastic,Secondary,Supplied as goods,2.3892100000000003,2024-10-09
REC-1320-2024-Q3-SITE-C-OT01,2024-Q3,ORG-12345,SITE-C,Wales,Other,Primary,Supplied as goods,3.88752,2024-09-22
REC-1321-Q4 2024-SITE-C-PC01,,ORG-12345,SITE-C,Wales,Paper/card,Shipment,Imported,3333.87,2024-07-13
REC-1322-2024-Q3-SITE-A-ST01,2024-Q3,ORG-12345,SITE-A,England,Steel,Tertiary,Imported,4462.29,2024-10-06
REC-1323-Q4 2024-SITE-C-PL01,,ORG-12345,SITE-C,Wales,Plastic,Primary,Imported,4.2885100000000005,2024-05-19
REC-1324-2024-Q1-SITE-D-FB01,2024-Q1,ORG-12345,SITE-D,Northern Ireland,Fibre-based composite,Secondary,Supplied as goods,3.73461,2024-11-30
REC-1325-Q4 2024-SITE-C-OT01,,ORG-12345,SITE-C,Wales,Other,Secondary,Exported,916.01,2024-08-15
REC-1326-2024-Q1-SITE-E-ST01,2024-Q1,ORG-12345,SITE-E,England,Steel,Secondary,Supplied as goods,253.44,2024-09-03
REC-1327-Q4 2024-SITE-B-PC01,,ORG-12345,SITE-B,Scotland,Paper/card,Secondary,Supplied as goods,4848.88,2024-03-31
REC-1328-Q4 2024-SITE-C-OT01,,ORG-12345,SITE-C,Wales,Other,Secondary,Exported,2.8128,2024-02-17
REC-1329-2024-Q1-SITE-E-ST01,2024-Q1,ORG-12345,SITE-E,England,Steel,Primary,Imported,252.72,2024-09-21
REC-1330-2024-Q3-SITE-A-ST01,2024-Q3,ORG-12345,SITE-A,England,Steel,Primary,Imported,1.79366,2024-07-12
REC-1331-2024-Q3-SITE-A-ST01,2024-Q3,ORG-12345,SITE-A,England,Steel,Tertiary,Exported,3.34336,2024-04-24
REC-1332-2024-Q3-SITE-D-FB01,2024-Q3,ORG-12345,SITE-D,Northern Ireland,Fibre-based composite,Shipment,Supplied as goods,1.48947,2024-12-27
REC-1333-2024-Q3-SITE-C-FB01,2024-Q3,ORG-12345,SITE-C,Wales,Fibre-based composite,Secondary,Imported,4.836189999999999,2024-06-22
REC-1334-Q2 2024-SITE-E-GL01,2024-Q2,ORG-12345,SITE-E,England,Glass,Shipment,Imported,3410.67,2024-04-26
REC-1335-2024-Q1-SITE-C-ST01,2024-Q1,ORG-12345,SITE-C,Wales,Steel,Primary,Imported,2793.7,2024-10-31
REC-1336-Q2 2024-SITE-A-WD01,2024-Q2,ORG-12345,SITE-A,England,Wood,Shipment,Supplied as goods,1911.03,2024-08-28
REC-1337-Q4 2024-SITE-C-PC01,,ORG-12345,SITE-C,Wales,Paper/card,Shipment,Exported,3577.36,2024-08-17
REC-1338-2024-Q1-SITE-D-FB01,2024-Q1,ORG-12345,SITE-D,Northern Ireland,Fibre-based composite,Secondary,Supplied as goods,4.56716,2024-11-24
REC-1339-2024-Q3-SITE-B-ST01,2024-Q3,ORG-12345,SITE-B,Scotland,Steel,Tertiary,Supplied as goods,2922.6,2024-08-03
REC-1340-2024-Q1-SITE-A-GL01,2024-Q1,ORG-12345,SITE-A,England,Glass,Secondary,Exported,79.47,2024-06-01
REC-1341-Q4 2024-SITE-E-PL02,,ORG-12345,SITE-E,England,Plastic,Secondary,Exported,532.13,2024-07-02
REC-1342-Q2 2024-SITE-B-PL01,2024-Q2,ORG-12345,SITE-B,Scotland,Plastic,Primary,Exported,2.9438600000000004,2024-09-24
REC-1343-2024-Q3-SITE-C-GL01,2024-Q3,ORG-12345,SITE-C,Wales,Glass,Primary,Exported,3.2163600000000003,2024-01-18
REC-1344-Q2 2024-SITE-A-WD01,2024-Q2,ORG-12345,SITE-A,England,Wood,Shipment,Exported,1.04346,2024-03-16
REC-1345-Q4 2024-SITE-A-OT01,,ORG-12345,SITE-A,England,Other,Primary,Supplied as goods,1061.25,2024-02-12
REC-1346-2024-Q3-SITE-B-PL02,2024-Q3,ORG-12345,SITE-B,Scotland,Plastic,Secondary,Imported,2.44441,2024-12-28
REC-1347-2024-Q1-SITE-B-WD01,2024-Q1,ORG-12345,SITE-B,Scotland,Wood,Tertiary,Exported,3104.93,2024-03-27
REC-1348-Q4 2024-SITE-D-AL01,,ORG-12345,SITE-D,Northern Ireland,Aluminium,Primary,Exported,3.72124,2024-06-11
REC-1349-Q4 2024-SITE-D-PL02,,ORG-12345,SITE-D,Northern Ireland,Plastic,Shipment,Imported,1868.33,2024-03-09
REC-1350-2024-Q1-SITE-D-WD01,2024-Q1,ORG-12345,SITE-D,Northern Ireland,Wood,Secondary,Imported,783.42,2024-08-01
REC-1351-2024-Q3-SITE-A-PL01,2024-Q3,ORG-12345,SITE-A,England,Plastic,Shipment,Imported,218.71,2024-09-10
REC-1352-Q2 2024-SITE-E-WD01,2024-Q2,ORG-12345,SITE-E,England,Wood,Secondary,Supplied as goods,4909.68,2024-10-09
REC-1353-2024-Q3-SITE-C-FB01,2024-Q3,ORG-12345,SITE-C,Wales,Fibre-based composite,Shipment,Supplied as goods,0.91376,2024-03-26
REC-1354-Q4 2024-SITE-A-ST01,,ORG-12345,SITE-A,England,Steel,Tertiary,Exported,1549.5,2024-09-12
REC-1355-2024-Q3-SITE-B-GL01,2024-Q3,ORG-12345,SITE-B,Scotland,Glass,Shipment,Exported,4640.69,2024-11-07
REC-1356-2024-Q1-SITE-A-PC01,2024-Q1,ORG-12345,SITE-A,England,Paper/card,Shipment,Exported,4.15794,2024-04-05
REC-1357-Q2 2024-SITE-C-AL01,2024-Q2,ORG-12345,SITE-C,Wales,Aluminium,Primary,Exported,575.79,2024-05-15
REC-1358-2024-Q1-SITE-A-PL02,2024-Q1,ORG-12345,SITE-A,England,Plastic,Primary,Exported,4467.74,2024-05-22
REC-1359-2024-Q1-SITE-E-PL02,2024-Q1,ORG-12345,SITE-E,England,Plastic,Primary,Exported,410.76,2024-06-27
REC-1360-2024-Q3-SITE-B-PL02,2024-Q3,ORG-12345,SITE-B,Scotland,Plastic,Tertiary,Imported,1.91926,2024-08-26
REC-1361-Q2 2024-SITE-E-ST01,2024-Q2,ORG-12345,SITE-E,England,Steel,Primary,Supplied as goods,3723.66,2024-11-08
REC-1362-2024-Q1-SITE-B-PL01,2024-Q1,ORG-12345,SITE-B,Scotland,Plastic,Tertiary,Exported,0.52622,2024-08-10
REC-1363-Q2 2024-SITE-B-OT01,2024-Q2,ORG-12345,SITE-B,Scotland,Other,Tertiary,Supplied as goods,1736.52,2024-09-13
REC-1364-Q4 2024-SITE-A-OT01,,ORG-12345,SITE-A,England,Other,Secondary,Imported,3.1114699999999997,2024-11-30
REC-1365-2024-Q3-SITE-E-FB01,2024-Q3,ORG-12345,SITE-E,England,Fibre-based composite,Tertiary,Supplied as goods,2.8673,2024-03-15
REC-1366-Q2 2024-SITE-A-WD01,2024-Q2,ORG-12345,SITE-A,England,Wood,Primary,Supplied as goods,3027.37,2024-05-22
REC-1367-2024-Q1-SITE-C-FB01,2024-Q1,ORG-12345,SITE-C,Wales,Fibre-based composite,Tertiary,Imported,0.38637,2024-11-04
REC-1368-2024-Q1-SITE-D-AL01,2024-Q1,ORG-12345,SITE-D,Northern Ireland,Aluminium,Tertiary,Exported,4662.45,2025-01-06
REC-1369-2024-Q1-SITE-A-PL02,2024-Q1,ORG-12345,SITE-A,England,Plastic,Shipment,Imported,4687.79,2024-08-17
REC-1370-Q2 2024-SITE-B-ST01,2024-Q2,ORG-12345,SITE-B,Scotland,Steel,Primary,Imported,4.44574,2024-07-01
REC-1371-2024-Q1-SITE-C-PL01,2024-Q1,ORG-12345,SITE-C,Wales,Plastic,Primary,Imported,0.41091000000000005,2024-11-16
REC-1372-2024-Q1-SITE-A-PL02,2024-Q1,ORG-12345,SITE-A,England,Plastic,Shipment,Imported,4735.67,2024-09-25
REC-1373-Q2 2024-SITE-C-OT01,2024-Q2,ORG-12345,SITE-C,Wales,Other,Primary,Exported,1783.78,2024-02-12
REC-1374-Q4 2024-SITE-A-PL01,,ORG-12345,SITE-A,England,Plastic,Tertiary,Supplied as goods,2694.22,2024-07-31
REC-1375-Q2 2024-SITE-E-FB01,2024-Q2,ORG-12345,SITE-E,England,Fibre-based composite,Tertiary,Supplied as goods,2177.11,2024-08-26
REC-1376-2024-Q1-SITE-D-PL02,2024-Q1,ORG-12345,SITE-D,Northern Ireland,Plastic,Shipment,Imported,1791.36,2024-05-12
REC-1377-Q2 2024-SITE-A-PL02,2024-Q2,ORG-12345,SITE-A,England,Plastic,Shipment,Supplied as goods,1.17427,2024-02-23
REC-1378-2024-Q3-SITE-C-PL01,2024-Q3,ORG-12345,SITE-C,Wales,Plastic,Primary,Imported,0.9439400000000001,2024-12-15
REC-1379-2024-Q1-SITE-A-AL01,2024-Q1,ORG-12345,SITE-A,England,Aluminium,Secondary,Supplied as goods,3050.31,2024-05-22
REC-1380-Q4 2024-SITE-B-OT01,,ORG-12345,SITE-B,Scotland,Other,Primary,Imported,3541.01,2024-06-17
REC-1381-2024-Q3-SITE-E-PC01,2024-Q3,ORG-12345,SITE-E,England,Paper/card,Tertiary,Exported,1.49878,2025-01-06
REC-1382-Q4 2024-SITE-E-OT01,,ORG-12345,SITE-E,England,Other,Shipment,Supplied as goods,317.29,2024-02-24
REC-1383-2024-Q3-SITE-A-AL01,2024-Q3,ORG-12345,SITE-A,England,Aluminium,Primary,Exported,1.1911500000000002,2024-03-27
REC-1384-2024-Q1-SITE-A-PL01,2024-Q1,ORG-12345,SITE-A,England,Plastic,Primary,Exported,2229.37,2024-02-01
REC-1385-2024-Q3-SITE-A-ST01,2024-Q3,ORG-12345,SITE-A,England,Steel,Secondary,Exported,1.95167,2024-07-29
REC-1386-Q2 2024-SITE-B-WD01,2024-Q2,ORG-12345,SITE-B,Scotland,Wood,Primary,Imported,1.95408,2024-04-18
REC-1387-2024-Q3-SITE-E-FB01,2024-Q3,ORG-12345,SITE-E,England,Fibre-based composite,Shipment,Supplied as goods,3.31899,2024-11-21
REC-1388-2024-Q3-SITE-A-PC01,2024-Q3,ORG-12345,SITE-A,England,Paper/card,Tertiary,Imported,4.06071,2024-11-28
REC-1389-Q4 2024-SITE-A-FB01,,ORG-12345,SITE-A,England,Fibre-based composite,Tertiary,Imported,3.92393,2024-12-27
REC-1390-Q4 2024-SITE-B-ST01,,ORG-12345,SITE-B,Scotland,Steel,Tertiary,Exported,2344.34,2024-05-15
REC-1391-Q2 2024-SITE-A-GL01,2024-Q2,ORG-12345,SITE-A,England,Glass,Primary,Imported,4007.97,2024-06-14
REC-1392-2024-Q3-SITE-C-PC01,2024-Q3,ORG-12345,SITE-C,Wales,Paper/card,Shipment,Imported,241.1,2024-05-22
REC-1393-Q2 2024-SITE-C-PL01,2024-Q2,ORG-12345,SITE-C,Wales,Plastic,Primary,Imported,2863.78,2024-09-07
REC-1394-Q2 2024-SITE-D-PL01,2024-Q2,ORG-12345,SITE-D,Northern Ireland,Plastic,Secondary,Supplied as goods,2358.88,2024-02-13
REC-1395-Q2 2024-SITE-D-PL02,2024-Q2,ORG-12345,SITE-D,Northern Ireland,Plastic,Secondary,Exported,2.7796700000000003,2024-06-04
REC-1396-2024-Q1-SITE-B-ST01,2024-Q1,ORG-12345,SITE-B,Scotland,Steel,Tertiary,Imported,0.67975,2024-03-13
REC-1397-2024-Q3-SITE-E-PL01,2024-Q3,ORG-12345,SITE-E,England,Plastic,Primary,Exported,2558.26,2024-10-24
REC-1398-2024-Q3-SITE-A-AL01,2024-Q3,ORG-12345,SITE-A,England,Aluminium,Primary,Exported,4960.26,2024-02-06
REC-1399-2024-Q1-SITE-A-AL01,2024-Q1,ORG-12345,SITE-A,England,Aluminium,Secondary,Supplied as goods,433.52,2024-04-28
REC-1400-Q4 2024-SITE-A-PC01,,ORG-12345,SITE-A,England,Paper/card,Shipment,Imported,4154.23,2024-03-28
REC-1401-2024Q2-SITE-D-PL01,2024-Q2,ORG-12345,SITE-D,Northern Ireland,Plastic,Secondary,Exported,3951.41,2024-06-13
REC-1402-2024-Q1-SITE-E-PL01,2024-Q1,ORG-12345,SITE-E,England,Plastic,Primary,Imported,0.27082,2024-11-21
REC-1403-Q4 2024-SITE-B-AL01,,ORG-12345,SITE-B,Scotland,Aluminium,Primary,Imported,2578.44,2024-01-31
REC-1404-Q4 2024-SITE-B-GL01,,ORG-12345,SITE-B,Scotland,Glass,Secondary,Exported,0.4383,2024-03-17
REC-1405-2024-Q3-SITE-C-OT01,2024-Q3,ORG-12345,SITE-C,Wales,Other,Tertiary,Supplied as goods,3.0551500000000003,2024-11-04
REC-1406-Q4 2024-SITE-B-ST01,,ORG-12345,SITE-B,Scotland,Steel,Primary,Imported,1253.21,2024-03-14
REC-1407-2024-Q1-SITE-C-AL01,2024-Q1,ORG-12345,SITE-C,Wales,Aluminium,Secondary,Exported,4790.16,2024-03-15
REC-1408-Q4 2024-SITE-D-OT01,,ORG-12345,SITE-D,Northern Ireland,Other,Primary,Imported,3.28398,2024-11-01
REC-1409-Q2 2024-SITE-E-GL01,2024-Q2,ORG-12345,SITE-E,England,Glass,Shipment,Supplied as goods,3893.42,2024-05-27
REC-1410-Q2 2024-SITE-D-ST01,2024-Q2,ORG-12345,SITE-D,Northern Ireland,Steel,Secondary,Imported,633.92,2024-09-24
REC-1411-2024-Q3-SITE-D-AL01,2024-Q3,ORG-12345,SITE-D,Northern Ireland,Aluminium,Primary,Imported,0.12679,2024-09-11
REC-1412-2024-Q1-SITE-B-PL02,2024-Q1,ORG-12345,SITE-B,Scotland,Plastic,Primary,Supplied as goods,4.177600000000001,2024-10-04
REC-1413-Q2 2024-SITE-E-OT01,2024-Q2,ORG-12345,SITE-E,England,Other,Secondary,Imported,,2024-06-13
REC-1414-2024-Q1-SITE-A-PL02,2024-Q1,ORG-12345,SITE-A,England,Plastic,Secondary,Imported,2.9778200000000004,2024-07-14
REC-1415-Q4 2024-SITE-C-UNKNOWN,,ORG-12345,SITE-C,Wales,,Secondary,Exported,2276.28,2024-03-23
REC-1416-2024-Q1-SITE-B-GL01,2024-Q1,ORG-12345,SITE-B,Scotland,Glass,Tertiary,Exported,4.58589,2024-11-13
REC-1417-Q2 2024-SITE-Z-PC01,2024-Q2,ORG-12345,SITE-Z,,Paper/card,Tertiary,Exported,2294.96,2024-11-11
REC-1418-2024-Q1-SITE-C-ST01,2024-Q1,ORG-12345,SITE-C,Wales,Steel,Tertiary,Supplied as goods,1199.7,2024-10-06
REC-1419-2024-Q3-SITE-C-OT01,2024-Q3,ORG-12345,SITE-C,Wales,Other,Shipment,Exported,4228.12,2024-06-26
REC-1420-2024-Q3-SITE-D-GL01,2024-Q3,ORG-12345,SITE-D,Northern Ireland,Glass,Primary,Supplied as goods,4.0792399999999995,2024-11-25
REC-1421-2024-Q3-SITE-C-PC01,2024-Q3,ORG-12345,SITE-C,Wales,Paper/card,Primary,Imported,1.4597200000000001,2024-08-26
REC-1422-2024-Q1-SITE-E-AL01,2024-Q1,ORG-12345,SITE-E,England,Aluminium,Primary,Imported,4699.06,2024-12-21
REC-1423-2024-Q1-SITE-A-ST01,2024-Q1,ORG-12345,SITE-A,England,Steel,Primary,Supplied as goods,1.0738699999999999,2024-10-16
REC-1424-Q2 2024-SITE-C-AL01,2024-Q2,ORG-12345,SITE-C,Wales,Aluminium,Primary,Imported,4.1709,2024-11-02
REC-1425-2024-Q1-SITE-C-FB01,2024-Q1,ORG-12345,SITE-C,Wales,Fibre-based composite,Tertiary,Imported,2628.42,2024-03-16
REC-1426-2024-Q1-SITE-C-WD01,2024-Q1,ORG-12345,SITE-C,Wales,Wood,Secondary,Imported,1.35213,2024-02-24
REC-1427-Q4 2024-SITE-C-AL01,,ORG-12345,SITE-C,Wales,Aluminium,Tertiary,Supplied as goods,1669.22,2024-10-03
REC-1428-2024-Q1-SITE-D-PL02,2024-Q1,ORG-12345,SITE-D,Northern Ireland,Plastic,Tertiary,Exported,1.60831,2024-10-07
REC-1429-Q2 2024-SITE-A-PC01,2024-Q2,ORG-12345,SITE-A,England,Paper/card,Primary,Exported,3.3226,2024-11-10
REC-1430-Q2 2024-SITE-D-FB01,2024-Q2,ORG-12345,SITE-D,Northern Ireland,Fibre-based composite,Tertiary,Supplied as goods,3383.07,2024-04-19
REC-1431-Q2 2024-SITE-E-WD01,2024-Q2,ORG-12345,SITE-E,England,Wood,Secondary,Supplied as goods,1.03294,2024-08-24
REC-1432-Q4 2024-SITE-A-PL02,,ORG-12345,SITE-A,England,Plastic,Secondary,Exported,3.07553,2024-05-28
REC-1433-Q2 2024-SITE-D-FB01,2024-Q2,ORG-12345,SITE-D,Northern Ireland,Fibre-based composite,Tertiary,Exported,1211.84,2024-05-12
REC-1434-2024-Q3-SITE-E-ST01,2024-Q3,ORG-12345,SITE-E,England,Steel,Tertiary,Imported,2476.6,2024-09-17
REC-1435-Q4 2024-SITE-D-ST01,,ORG-12345,SITE-D,Northern Ireland,Steel,Primary,Supplied as goods,606.22,2024-05-20
REC-1436-2024-Q3-SITE-A-FB01,2024-Q3,ORG-12345,SITE-A,England,Fibre-based composite,Primary,Supplied as goods,2350.44,2024-08-05
REC-1437-Q4 2024-SITE-E-GL01,,ORG-12345,SITE-E,England,Glass,Tertiary,Imported,4208.6,2024-05-14
REC-1438-2024-Q3-SITE-A-PL01,2024-Q3,ORG-12345,SITE-A,England,Plastic,Secondary,Imported,2562.06,2024-12-25
REC-1439-2024-Q3-SITE-D-PC01,2024-Q3,ORG-12345,SITE-D,Northern Ireland,Paper/card,Secondary,Imported,4054.7,2024-05-31
REC-1440-Q4 2024-SITE-C-WD01,,ORG-12345,SITE-C,Wales,Wood,Tertiary,Supplied as goods,1.73222,2024-05-07
REC-1441-2024-Q3-SITE-E-GL01,2024-Q3,ORG-12345,SITE-E,England,Glass,Shipment,Supplied as goods,3.90878,2024-11-19
REC-1442-2024-Q3-SITE-A-OT01,2024-Q3,ORG-12345,SITE-A,England,Other,Primary,Exported,154.53,2024-10-24
REC-1443-Q2 2024-SITE-E-PL02,2024-Q2,ORG-12345,SITE-E,England,Plastic,Tertiary,Supplied as goods,2617.31,2024-10-15
REC-1444-2024-Q3-SITE-C-FB01,2024-Q3,ORG-12345,SITE-C,Wales,Fibre-based composite,Tertiary,Exported,1.18521,2024-05-04
REC-1445-2024-Q1-SITE-A-OT01,2024-Q1,ORG-12345,SITE-A,England,Other,Tertiary,Supplied as goods,4.703069999999999,2024-08-05
REC-1446-Q2 2024-SITE-B-WD01,2024-Q2,ORG-12345,SITE-B,Scotland,Wood,Primary,Supplied as goods,1.45129,2024-06-02
REC-1447-2024-Q1-SITE-C-PL02,2024-Q1,ORG-12345,SITE-C,Wales,Plastic,Tertiary,Imported,3.2936199999999998,2024-02-21
REC-1448-2024-Q1-SITE-A-OT01,2024-Q1,ORG-12345,SITE-A,England,Other,Tertiary,Exported,3823.81,2024-10-18
REC-1449-2024-Q3-SITE-B-GL01,2024-Q3,ORG-12345,SITE-B,Scotland,Glass,Primary,Exported,2961.57,2024-08-19
REC-1450-2024-Q1-SITE-B-OT01,2024-Q1,ORG-12345,SITE-B,Scotland,Other,Tertiary,Supplied as goods,1545.66,2024-12-15
REC-1451-2024-Q3-SITE-D-WD01,2024-Q3,ORG-12345,SITE-D,Northern Ireland,Wood,Secondary,Imported,2.1761999999999997,2024-06-08
REC-1452-2024-Q3-SITE-D-OT01,2024-Q3,ORG-12345,SITE-D,Northern Ireland,Other,Shipment,Supplied as goods,1942.92,2024-03-10
REC-1453-Q4 2024-SITE-B-WD01,,ORG-12345,SITE-B,Scotland,Wood,Primary,Exported,4877.19,2024-09-15
REC-1454-Q2 2024-SITE-A-PL02,2024-Q2,ORG-12345,SITE-A,England,Plastic,Tertiary,Imported,1.69556,2024-09-21
REC-1455-Q2 2024-SITE-E-AL01,2024-Q2,ORG-12345,SITE-E,England,Aluminium,Primary,Supplied as goods,2045.82,2024-09-23
REC-1456-2024-Q3-SITE-A-ST01,2024-Q3,ORG-12345,SITE-A,England,Steel,Secondary,Imported,3.71553,2024-10-30
REC-1457-Q4 2024-SITE-E-FB01,,ORG-12345,SITE-E,England,Fibre-based composite,Tertiary,Supplied as goods,1.3773199999999999,2024-09-26
REC-1458-2024-Q1-SITE-E-PC01,2024-Q1,ORG-12345,SITE-E,England,Paper/card,Tertiary,Supplied as goods,1643.1,2024-08-19
REC-1459-2024-Q1-SITE-E-PL02,2024-Q1,ORG-12345,SITE-E,England,Plastic,Secondary,Supplied as goods,3.79659,2024-04-25
REC-1460-Q2 2024-SITE-D-WD01,2024-Q2,ORG-12345,SITE-D,Northern Ireland,Wood,Tertiary,Supplied as goods,243.36,2024-10-09
REC-1461-2024-Q1-SITE-D-WD01,2024-Q1,ORG-12345,SITE-D,Northern Ireland,Wood,Primary,Exported,4377.36,2024-03-15
REC-1462-2024-Q3-SITE-E-FB01,2024-Q3,ORG-12345,SITE-E,England,Fibre-based composite,Secondary,Exported,4613.75,2024-07-23
REC-1463-2024-Q3-SITE-E-GL01,2024-Q3,ORG-12345,SITE-E,England,Glass,Primary,Imported,2.6400900000000003,2024-11-19
REC-1464-Q2 2024-SITE-B-ST01,2024-Q2,ORG-12345,SITE-B,Scotland,Steel,Secondary,Imported,1092.55,2024-09-13
REC-1465-2024-Q1-SITE-A-PL01,2024-Q1,ORG-12345,SITE-A,England,Plastic,Secondary,Imported,937.17,2025-01-08
REC-1466-2024-Q1-SITE-C-AL01,2024-Q1,ORG-12345,SITE-C,Wales,Aluminium,Primary,Exported,514.55,2024-11-29
REC-1467-2024-Q1-SITE-C-WD01,2024-Q1,ORG-12345,SITE-C,Wales,Wood,Shipment,Supplied as goods,0.38051999999999997,2024-06-03
REC-1468-Q4 2024-SITE-C-ST01,,ORG-12345,SITE-C,Wales,Steel,Tertiary,Imported,2943.12,2024-10-28
REC-1469-Q2 2024-SITE-A-OT01,2024-Q2,ORG-12345,SITE-A,England,Other,Tertiary,Exported,1.05281,2024-04-15
REC-1470-2024-Q3-SITE-C-ST01,2024-Q3,ORG-12345,SITE-C,Wales,Steel,Shipment,Supplied as goods,677.19,2024-11-25
REC-1471-2024-Q1-SITE-B-WD01,2024-Q1,ORG-12345,SITE-B,Scotland,Wood,Primary,Supplied as goods,0.06322,2024-03-30
REC-1472-2024-Q1-SITE-A-GL01,2024-Q1,ORG-12345,SITE-A,England,Glass,Primary,Imported,4379.34,2024-10-02
REC-1473-2024-Q1-SITE-E-WD01,2024-Q1,ORG-12345,SITE-E,England,Wood,Secondary,Exported,2384.86,2024-10-27
REC-1474-2024-Q3-SITE-C-FB01,2024-Q3,ORG-12345,SITE-C,Wales,Fibre-based composite,Secondary,Imported,3545.91,2024-02-24
REC-1475-Q4 2024-SITE-D-AL01,,ORG-12345,SITE-D,Northern Ireland,Aluminium,Primary,Exported,4.176340000000001,2025-01-04
REC-1476-Q2 2024-SITE-C-ST01,2024-Q2,ORG-12345,SITE-C,Wales,Steel,Tertiary,Supplied as goods,2811.63,2024-07-20
REC-1477-Q2 2024-SITE-B-WD01,2024-Q2,ORG-12345,SITE-B,Scotland,Wood,Tertiary,Exported,1762.66,2024-07-24
REC-1478-Q2 2024-SITE-E-GL01,2024-Q2,ORG-12345,SITE-E,England,Glass,Tertiary,Supplied as goods,1019.39,2024-11-10
REC-1479-2024-Q1-SITE-E-ST01,2024-Q1,ORG-12345,SITE-E,England,Steel,Secondary,Supplied as goods,4559.65,2024-06-02
REC-1480-2024-Q3-SITE-A-PL01,2024-Q3,ORG-12345,SITE-A,England,Plastic,Tertiary,Imported,3226.29,2024-11-30
REC-1481-Q4 2024-SITE-E-PL01,,ORG-12345,SITE-E,England,Plastic,Shipment,Supplied as goods,4322.77,2024-04-12
REC-1482-2024-Q3-SITE-A-WD01,2024-Q3,ORG-12345,SITE-A,England,Wood,Tertiary,Exported,3.7654,2024-11-23
REC-1483-Q4 2024-SITE-A-GL01,,ORG-12345,SITE-A,England,Glass,Tertiary,Exported,0.9256900000000001,2024-02-12
REC-1484-2024-Q3-SITE-E-WD01,2024-Q3,ORG-12345,SITE-E,England,Wood,Tertiary,Exported,0.35851,2024-12-15
REC-1485-2024-Q3-SITE-B-PL01,2024-Q3,ORG-12345,SITE-B,Scotland,Plastic,Secondary,Exported,4248.74,2024-01-22
REC-1486-Q2 2024-SITE-B-FB01,2024-Q2,ORG-12345,SITE-B,Scotland,Fibre-based composite,Secondary,Exported,3.3647199999999997,2024-05-30
REC-1487-Q4 2024-SITE-E-PL02,,ORG-12345,SITE-E,England,Plastic,Primary,Imported,0.27032,2024-12-05
REC-1488-Q4 2024-SITE-C-PL01,,ORG-12345,SITE-C,Wales,Plastic,Secondary,Imported,2.82477,2025-01-05
REC-1489-2024-Q1-SITE-B-PL02,2024-Q1,ORG-12345,SITE-B,Scotland,Plastic,Shipment,Imported,0.4864,2024-06-25
REC-1490-Q4 2024-SITE-C-PL01,,ORG-12345,SITE-C,Wales,Plastic,Tertiary,Supplied as goods,3.95425,2024-05-20
REC-1491-2024-Q3-SITE-B-ST01,2024-Q3,ORG-12345,SITE-B,Scotland,Steel,Tertiary,Exported,3.22947,2024-07-27
REC-1492-Q2 2024-SITE-D-ST01,2024-Q2,ORG-12345,SITE-D,Northern Ireland,Steel,Primary,Imported,745.11,2024-06-02
REC-1493-2024-Q1-SITE-C-AL01,2024-Q1,ORG-12345,SITE-C,Wales,Aluminium,Primary,Imported,1333.8,2024-07-14
REC-1494-Q4 2024-SITE-A-PC01,,ORG-12345,SITE-A,England,Paper/card,Secondary,Exported,2.63906,2024-10-16
REC-1495-2024-Q3-SITE-B-AL01,2024-Q3,ORG-12345,SITE-B,Scotland,Aluminium,Tertiary,Imported,1767.26,2024-09-28
REC-1496-Q2 2024-SITE-E-OT01,2024-Q2,ORG-12345,SITE-E,England,Other,Tertiary,Exported,3.9817600000000004,2024-05-05
REC-1497-Q2 2024-SITE-D-WD01,2024-Q2,ORG-12345,SITE-D,Northern Ireland,Wood,Secondary,Supplied as goods,4.6135,2024-11-10
REC-1498-2024-Q1-SITE-C-PC01,2024-Q1,ORG-12345,SITE-C,Wales,Paper/card,Secondary,Exported,1.92066,2024-07-16
REC-1499-Q2 2024-SITE-A-PL01,2024-Q2,ORG-12345,SITE-A,England,Plastic,Primary,Imported,2403.7,2024-06-19
REC-1500-Q4 2024-SITE-D-GL01,,ORG-12345,SITE-D,Northern Ireland,Glass,Secondary,Exported,0.9715,2024-11-04
REC-1501-2024Q2-SITE-C-FB01,2024-Q2,ORG-12345,SITE-C,Wales,Fibre-based composite,Tertiary,Imported,2.39418,2024-07-05
REC-1502-2024-Q1-SITE-E-WD01,2024-Q1,ORG-12345,SITE-E,England,Wood,Tertiary,Imported,1.53586,2024-08-20
REC-1503-Q2 2024-SITE-E-ST01,2024-Q2,ORG-12345,SITE-E,England,Steel,Primary,Imported,2.98573,2024-11-15
REC-1504-2024-Q1-SITE-C-OT01,2024-Q1,ORG-12345,SITE-C,Wales,Other,Primary,Exported,3.77166,2024-06-21
REC-1505-2024-Q1-SITE-D-GL01,2024-Q1,ORG-12345,SITE-D,Northern Ireland,Glass,Tertiary,Imported,2.32063,2024-03-30
REC-1506-Q2 2024-SITE-B-AL01,2024-Q2,ORG-12345,SITE-B,Scotland,Aluminium,Primary,Imported,1.57226,2024-03-01
REC-1507-Q4 2024-SITE-A-AL01,,ORG-12345,SITE-A,England,Aluminium,Primary,Exported,2798.97,2024-03-15
REC-1508-Q4 2024-SITE-D-PL02,,ORG-12345,SITE-D,Northern Ireland,Plastic,Secondary,Exported,3.44959,2024-05-18
REC-1509-2024-Q3-SITE-D-PL02,2024-Q3,ORG-12345,SITE-D,Northern Ireland,Plastic,Secondary,Supplied as goods,1.62587,2024-12-25
REC-1510-2024-Q1-SITE-D-FB01,2024-Q1,ORG-12345,SITE-D,Northern Ireland,Fibre-based composite,Shipment,Imported,2693.87,2024-11-21
REC-1511-2024-Q1-SITE-E-GL01,2024-Q1,ORG-12345,SITE-E,England,Glass,Tertiary,Supplied as goods,1877.21,2024-11-16
REC-1512-2024-Q1-SITE-B-FB01,2024-Q1,ORG-12345,SITE-B,Scotland,Fibre-based composite,Primary,Exported,1188.86,2024-06-17
REC-1513-Q2 2024-SITE-D-FB01,2024-Q2,ORG-12345,SITE-D,Northern Ireland,Fibre-based composite,Primary,Imported,,2024-06-22
REC-1514-Q2 2024-SITE-B-FB01,2024-Q2,ORG-12345,SITE-B,Scotland,Fibre-based composite,Tertiary,Imported,222.39,2024-12-29
REC-1515-2024-Q1-SITE-C-UNKNOWN,2024-Q1,ORG-12345,SITE-C,Wales,,Tertiary,Supplied as goods,2.3513699999999997,2024-08-09
REC-1516-2024-Q1-SITE-D-PL01,2024-Q1,ORG-12345,SITE-D,Northern Ireland,Plastic,Primary,Imported,687.26,2024-12-14
REC-1517-Q4 2024-SITE-Z-FB01,,ORG-12345,SITE-Z,,Fibre-based composite,Secondary,Supplied as goods,1549.62,2024-07-23
REC-1518-Q2 2024-SITE-A-WD01,2024-Q2,ORG-12345,SITE-A,England,Wood,Tertiary,Imported,4228.63,2024-10-13
REC-1519-2024-Q3-SITE-C-FB01,2024-Q3,ORG-12345,SITE-C,Wales,Fibre-based composite,Tertiary,Exported,0.44605,2024-10-04
REC-1520-Q4 2024-SITE-A-WD01,,ORG-12345,SITE-A,England,Wood,Secondary,Supplied as goods,2.35058,2024-07-20
REC-1521-2024-Q3-SITE-C-PL01,2024-Q3,ORG-12345,SITE-C,Wales,Plastic,Shipment,Exported,1878.02,2024-10-18
REC-1522-2024-Q3-SITE-D-ST01,2024-Q3,ORG-12345,SITE-D,Northern Ireland,Steel,Primary,Imported,1.8165799999999999,2024-12-05
REC-1523-Q4 2024-SITE-E-PL01,,ORG-12345,SITE-E,England,Plastic,Shipment,Supplied as goods,1.81836,2024-04-13
REC-1524-Q4 2024-SITE-D-PL02,,ORG-12345,SITE-D,Northern Ireland,Plastic,Shipment,Supplied as goods,0.6739700000000001,2024-07-09
REC-1525-2024-Q1-SITE-A-WD01,2024-Q1,ORG-12345,SITE-A,England,Wood,Tertiary,Exported,1258.3,2024-07-23
REC-1526-2024-Q1-SITE-D-PL01,2024-Q1,ORG-12345,SITE-D,Northern Ireland,Plastic,Primary,Exported,4.88537,2024-12-06
REC-1527-Q4 2024-SITE-A-ST01,,ORG-12345,SITE-A,England,Steel,Secondary,Imported,160.8,2024-04-22
REC-1528-2024-Q3-SITE-A-ST01,2024-Q3,ORG-12345,SITE-A,England,Steel,Secondary,Exported,2.5945,2024-09-13
REC-1529-2024-Q1-SITE-C-AL01,2024-Q1,ORG-12345,SITE-C,Wales,Aluminium,Tertiary,Imported,1.41019,2024-08-06
REC-1530-2024-Q1-SITE-B-GL01,2024-Q1,ORG-12345,SITE-B,Scotland,Glass,Tertiary,Imported,1399.76,2024-12-16
REC-1531-Q2 2024-SITE-A-GL01,2024-Q2,ORG-12345,SITE-A,England,Glass,Secondary,Imported,2339.08,2024-01-24
REC-1532-Q4 2024-SITE-E-PC01,,ORG-12345,SITE-E,England,Paper/card,Primary,Supplied as goods,3076.36,2024-11-14
REC-1533-2024-Q3-SITE-C-PC01,2024-Q3,ORG-12345,SITE-C,Wales,Paper/card,Shipment,Imported,2.40423,2024-07-10
REC-1534-Q2 2024-SITE-B-WD01,2024-Q2,ORG-12345,SITE-B,Scotland,Wood,Primary,Imported,4279.06,2024-08-01
REC-1535-2024-Q3-SITE-D-ST01,2024-Q3,ORG-12345,SITE-D,Northern Ireland,Steel,Secondary,Supplied as goods,3.32046,2024-04-30
REC-1536-Q4 2024-SITE-D-OT01,,ORG-12345,SITE-D,Northern Ireland,Other,Secondary,Imported,1494.52,2024-04-03
REC-1537-2024-Q3-SITE-A-GL01,2024-Q3,ORG-12345,SITE-A,England,Glass,Shipment,Imported,2846.22,2024-09-22
REC-1538-Q4 2024-SITE-A-AL01,,ORG-12345,SITE-A,England,Aluminium,Secondary,Exported,0.7019,2024-05-02
REC-1539-Q4 2024-SITE-D-PL02,,ORG-12345,SITE-D,Northern Ireland,Plastic,Shipment,Imported,0.93418,2024-05-05
REC-1540-2024-Q3-SITE-A-FB01,2024-Q3,ORG-12345,SITE-A,England,Fibre-based composite,Shipment,Imported,1631.05,2024-10-15
REC-1541-2024-Q3-SITE-D-OT01,2024-Q3,ORG-12345,SITE-D,Northern Ireland,Other,Secondary,Supplied as goods,4302.33,2024-04-04
REC-1542-Q2 2024-SITE-D-GL01,2024-Q2,ORG-12345,SITE-D,Northern Ireland,Glass,Secondary,Imported,66.52,2024-03-05
REC-1543-Q2 2024-SITE-D-FB01,2024-Q2,ORG-12345,SITE-D,Northern Ireland,Fibre-based composite,Shipment,Exported,2119.59,2024-01-29
REC-1544-Q4 2024-SITE-E-AL01,,ORG-12345,SITE-E,England,Aluminium,Primary,Exported,3.1186100000000003,2024-06-29
REC-1545-2024-Q1-SITE-C-AL01,2024-Q1,ORG-12345,SITE-C,Wales,Aluminium,Primary,Exported,3.1462,2024-11-17
REC-1546-2024-Q3-SITE-D-FB01,2024-Q3,ORG-12345,SITE-D,Northern Ireland,Fibre-based composite,Shipment,Exported,4.324020000000001,2024-05-16
REC-1547-2024-Q3-SITE-B-GL01,2024-Q3,ORG-12345,SITE-B,Scotland,Glass,Secondary,Exported,4610.86,2024-01-30
REC-1548-Q2 2024-SITE-B-AL01,2024-Q2,ORG-12345,SITE-B,Scotland,Aluminium,Shipment,Imported,2323.0,2024-09-27
REC-1549-Q4 2024-SITE-B-PL02,,ORG-12345,SITE-B,Scotland,Plastic,Tertiary,Exported,4.19748,2024-02-19
REC-1550-Q4 2024-SITE-E-PL01,,ORG-12345,SITE-E,England,Plastic,Tertiary,Supplied as goods,3426.02,2024-02-20
REC-1551-Q4 2024-SITE-D-FB01,,ORG-12345,SITE-D,Northern Ireland,Fibre-based composite,Secondary,Exported,2.7098400000000002,2024-02-14
REC-1552-Q4 2024-SITE-C-ST01,,ORG-12345,SITE-C,Wales,Steel,Tertiary,Imported,4.15012,2024-10-02
REC-1553-2024-Q1-SITE-E-WD01,2024-Q1,ORG-12345,SITE-E,England,Wood,Secondary,Supplied as goods,562.93,2024-04-10
REC-1554-Q2 2024-SITE-D-PC01,2024-Q2,ORG-12345,SITE-D,Northern Ireland,Paper/card,Secondary,Exported,1.73218,2024-03-04
REC-1555-2024-Q3-SITE-B-PC01,2024-Q3,ORG-12345,SITE-B,Scotland,Paper/card,Tertiary,Exported,416.64,2024-06-14
REC-1556-2024-Q1-SITE-E-WD01,2024-Q1,ORG-12345,SITE-E,England,Wood,Secondary,Imported,3512.83,2024-03-30
REC-1557-2024-Q3-SITE-E-OT01,2024-Q3,ORG-12345,SITE-E,England,Other,Secondary,Supplied as goods,1144.06,2024-06-12
REC-1558-Q4 2024-SITE-D-ST01,,ORG-12345,SITE-D,Northern Ireland,Steel,Tertiary,Supplied as goods,2859.82,2024-06-13
REC-1559-2024-Q3-SITE-D-GL01,2024-Q3,ORG-12345,SITE-D,Northern Ireland,Glass,Tertiary,Exported,686.34,2024-05-10
REC-1560-2024-Q1-SITE-E-PL01,2024-Q1,ORG-12345,SITE-E,England,Plastic,Tertiary,Supplied as goods,2.9369899999999998,2024-07-19
REC-1561-Q2 2024-SITE-C-OT01,2024-Q2,ORG-12345,SITE-C,Wales,Other,Tertiary,Exported,2.0589299999999997,2024-09-27
REC-1562-Q4 2024-SITE-B-PC01,,ORG-12345,SITE-B,Scotland,Paper/card,Shipment,Imported,1920.99,2024-09-18
REC-1563-2024-Q3-SITE-B-FB01,2024-Q3,ORG-12345,SITE-B,Scotland,Fibre-based composite,Primary,Exported,4737.39,2024-05-08
REC-1564-2024-Q3-SITE-B-GL01,2024-Q3,ORG-12345,SITE-B,Scotland,Glass,Secondary,Exported,3.90117,2024-09-06
REC-1565-2024-Q3-SITE-B-PL01,2024-Q3,ORG-12345,SITE-B,Scotland,Plastic,Tertiary,Exported,4.23644,2024-01-31
REC-1566-2024-Q1-SITE-C-FB01,2024-Q1,ORG-12345,SITE-C,Wales,Fibre-based composite,Tertiary,Supplied as goods,4.76254,2024-08-30
REC-1567-Q2 2024-SITE-B-OT01,2024-Q2,ORG-12345,SITE-B,Scotland,Other,Primary,Supplied as goods,1.31756,2024-09-04
REC-1568-Q2 2024-SITE-A-GL01,2024-Q2,ORG-12345,SITE-A,England,Glass,Primary,Exported,1365.53,2024-02-16
REC-1569-Q4 2024-SITE-B-GL01,,ORG-12345,SITE-B,Scotland,Glass,Shipment,Imported,0.35128,2024-03-05
REC-1570-Q4 2024-SITE-B-OT01,,ORG-12345,SITE-B,Scotland,Other,Tertiary,Supplied as goods,1.62835,2024-08-28
REC-1571-Q4 2024-SITE-E-PL02,,ORG-12345,SITE-E,England,Plastic,Secondary,Supplied as goods,0.54439,2024-11-01
REC-1572-Q2 2024-SITE-D-PL01,2024-Q2,ORG-12345,SITE-D,Northern Ireland,Plastic,Shipment,Imported,4.31264,2024-12-05
REC-1573-Q2 2024-SITE-D-WD01,2024-Q2,ORG-12345,SITE-D,Northern Ireland,Wood,Primary,Imported,3785.07,2024-09-30
REC-1574-Q2 2024-SITE-C-WD01,2024-Q2,ORG-12345,SITE-C,Wales,Wood,Shipment,Imported,4759.61,2024-06-03
REC-1575-Q4 2024-SITE-B-OT01,,ORG-12345,SITE-B,Scotland,Other,Shipment,Imported,3.14831,2024-06-26
REC-1576-2024-Q3-SITE-D-OT01,2024-Q3,ORG-12345,SITE-D,Northern Ireland,Other,Secondary,Imported,0.8575,2024-08-28
REC-1577-2024-Q1-SITE-B-PC01,2024-Q1,ORG-12345,SITE-B,Scotland,Paper/card,Tertiary,Exported,2.71602,2024-05-03
REC-1578-2024-Q3-SITE-A-ST01,2024-Q3,ORG-12345,SITE-A,England,Steel,Shipment,Imported,1634.08,2024-05-01
REC-1579-Q2 2024-SITE-B-GL01,2024-Q2,ORG-12345,SITE-B,Scotland,Glass,Secondary,Supplied as goods,999.93,2024-12-19
REC-1580-Q2 2024-SITE-C-GL01,2024-Q2,ORG-12345,SITE-C,Wales,Glass,Secondary,Exported,4906.71,2024-09-12
REC-1581-Q4 2024-SITE-C-ST01,,ORG-12345,SITE-C,Wales,Steel,Secondary,Supplied as goods,1565.85,2024-08-19
REC-1582-Q4 2024-SITE-A-FB01,,ORG-12345,SITE-A,England,Fibre-based composite,Tertiary,Imported,78.08,2024-12-10
REC-1583-2024-Q3-SITE-B-GL01,2024-Q3,ORG-12345,SITE-B,Scotland,Glass,Secondary,Imported,0.14642,2024-07-24
REC-1584-Q2 2024-SITE-E-PL01,2024-Q2,ORG-12345,SITE-E,England,Plastic,Secondary,Imported,3965.05,2024-11-26
REC-1585-2024-Q3-SITE-B-OT01,2024-Q3,ORG-12345,SITE-B,Scotland,Other,Secondary,Imported,0.5788300000000001,2024-09-16
REC-1586-2024-Q3-SITE-B-WD01,2024-Q3,ORG-12345,SITE-B,Scotland,Wood,Primary,Exported,1980.81,2024-11-10
REC-1587-2024-Q3-SITE-C-FB01,2024-Q3,ORG-12345,SITE-C,Wales,Fibre-based composite,Primary,Supplied as goods,327.77,2024-06-08
REC-1588-Q4 2024-SITE-C-PL02,,ORG-12345,SITE-C,Wales,Plastic,Secondary,Supplied as goods,4.41021,2024-04-01
REC-1589-2024-Q3-SITE-B-ST01,2024-Q3,ORG-12345,SITE-B,Scotland,Steel,Shipment,Supplied as goods,2831.09,2024-10-20
REC-1590-2024-Q1-SITE-B-ST01,2024-Q1,ORG-12345,SITE-B,Scotland,Steel,Shipment,Exported,4.09568,2024-06-23
REC-1591-2024-Q3-SITE-B-PC01,2024-Q3,ORG-12345,SITE-B,Scotland,Paper/card,Tertiary,Imported,3.749,2024-05-10
REC-1592-2024-Q1-SITE-C-WD01,2024-Q1,ORG-12345,SITE-C,Wales,Wood,Secondary,Imported,1034.98,2024-03-16
REC-1593-2024-Q1-SITE-E-FB01,2024-Q1,ORG-12345,SITE-E,England,Fibre-based composite,Secondary,Imported,4.04002,2024-07-24
REC-1594-Q4 2024-SITE-E-PL01,,ORG-12345,SITE-E,England,Plastic,Shipment,Imported,4978.49,2024-11-04
REC-1595-2024-Q1-SITE-E-PC01,2024-Q1,ORG-12345,SITE-E,England,Paper/card,Tertiary,Supplied as goods,3.68545,2024-04-05
REC-1596-Q2 2024-SITE-E-OT01,2024-Q2,ORG-12345,SITE-E,England,Other,Tertiary,Supplied as goods,2890.93,2024-12-30
REC-1597-2024-Q1-SITE-C-FB01,2024-Q1,ORG-12345,SITE-C,Wales,Fibre-based composite,Tertiary,Imported,2.35529,2024-12-11
REC-1598-Q4 2024-SITE-A-PC01,,ORG-12345,SITE-A,England,Paper/card,Secondary,Exported,3916.51,2024-06-13
REC-1599-Q4 2024-SITE-C-PL01,,ORG-12345,SITE-C,Wales,Plastic,Shipment,Imported,0.14341,2024-05-26
REC-1600-2024-Q3-SITE-B-AL01,2024-Q3,ORG-12345,SITE-B,Scotland,Aluminium,Shipment,Exported,3850.51,2024-11-05
REC-1601-2024Q2-SITE-A-GL01,2024-Q2,ORG-12345,SITE-A,England,Glass,Primary,Supplied as goods,1.07041,2024-11-18
REC-1602-2024-Q3-SITE-C-PL01,2024-Q3,ORG-12345,SITE-C,Wales,Plastic,Tertiary,Supplied as goods,2.72338,2024-12-16
REC-1603-Q2 2024-SITE-B-AL01,2024-Q2,ORG-12345,SITE-B,Scotland,Aluminium,Primary,Imported,858.28,2024-01-28
REC-1604-Q4 2024-SITE-A-GL01,,ORG-12345,SITE-A,England,Glass,Secondary,Supplied as goods,4179.08,2024-04-30
REC-1605-Q4 2024-SITE-B-FB01,,ORG-12345,SITE-B,Scotland,Fibre-based composite,Primary,Imported,2.22081,2024-03-18
REC-1606-Q2 2024-SITE-B-PL02,2024-Q2,ORG-12345,SITE-B,Scotland,Plastic,Primary,Exported,4.57075,2024-09-21
REC-1607-2024-Q3-SITE-A-PC01,2024-Q3,ORG-12345,SITE-A,England,Paper/card,Tertiary,Imported,2.10488,2024-03-15
REC-1608-Q4 2024-SITE-D-OT01,,ORG-12345,SITE-D,Northern Ireland,Other,Primary,Imported,129.92,2024-07-14
REC-1609-2024-Q1-SITE-B-PC01,2024-Q1,ORG-12345,SITE-B,Scotland,Paper/card,Secondary,Supplied as goods,2199.04,2024-12-09
REC-1610-2024-Q1-SITE-C-FB01,2024-Q1,ORG-12345,SITE-C,Wales,Fibre-based composite,Secondary,Supplied as goods,4758.98,2024-05-21
REC-1611-Q4 2024-SITE-B-GL01,,ORG-12345,SITE-B,Scotland,Glass,Shipment,Supplied as goods,0.6833400000000001,2024-02-15
REC-1612-Q4 2024-SITE-E-AL01,,ORG-12345,SITE-E,England,Aluminium,Tertiary,Exported,3321.71,2024-08-16
REC-1613-2024-Q1-SITE-C-GL01,2024-Q1,ORG-12345,SITE-C,Wales,Glass,Primary,Exported,,2024-01-30
REC-1614-2024-Q3-SITE-C-WD01,2024-Q3,ORG-12345,SITE-C,Wales,Wood,Primary,Imported,2048.09,2024-01-28
REC-1615-2024-Q1-SITE-D-UNKNOWN,2024-Q1,ORG-12345,SITE-D,Northern Ireland,,Primary,Imported,0.2194,2024-07-26
REC-1616-2024-Q1-SITE-B-OT01,2024-Q1,ORG-12345,SITE-B,Scotland,Other,Primary,Supplied as goods,545.57,2024-02-17
REC-1617-2024-Q1-SITE-Z-PL02,2024-Q1,ORG-12345,SITE-Z,,Plastic,Secondary,Imported,4917.68,2024-09-14
REC-1618-2024-Q1-SITE-E-WD01,2024-Q1,ORG-12345,SITE-E,England,Wood,Secondary,Supplied as goods,1648.24,2024-09-23
REC-1619-2024-Q1-SITE-B-AL01,2024-Q1,ORG-12345,SITE-B,Scotland,Aluminium,Primary,Supplied as goods,2.59793,2024-03-03
REC-1620-Q2 2024-SITE-C-FB01,2024-Q2,ORG-12345,SITE-C,Wales,Fibre-based composite,Secondary,Exported,0.57088,2024-12-17
REC-1621-2024-Q3-SITE-B-ST01,2024-Q3,ORG-12345,SITE-B,Scotland,Steel,Secondary,Exported,4871.09,2024-07-24
REC-1622-2024-Q1-SITE-D-GL01,2024-Q1,ORG-12345,SITE-D,Northern Ireland,Glass,Shipment,Exported,4.6763900000000005,2024-04-17
REC-1623-Q4 2024-SITE-B-PL01,,ORG-12345,SITE-B,Scotland,Plastic,Primary,Exported,0.21886000000000003,2024-01-20
REC-1624-Q2 2024-SITE-D-WD01,2024-Q2,ORG-12345,SITE-D,Northern Ireland,Wood,Secondary,Imported,979.35,2024-11-28
REC-1625-2024-Q3-SITE-E-ST01,2024-Q3,ORG-12345,SITE-E,England,Steel,Shipment,Imported,633.2,2024-04-19
REC-1626-2024-Q3-SITE-A-ST01,2024-Q3,ORG-12345,SITE-A,England,Steel,Secondary,Imported,3871.44,2024-05-28
REC-1627-Q2 2024-SITE-E-PL02,2024-Q2,ORG-12345,SITE-E,England,Plastic,Tertiary,Imported,2.16125,2024-05-10
REC-1628-2024-Q3-SITE-B-WD01,2024-Q3,ORG-12345,SITE-B,Scotland,Wood,Tertiary,Supplied as goods,645.37,2024-09-02
REC-1629-Q2 2024-SITE-D-FB01,2024-Q2,ORG-12345,SITE-D,Northern Ireland,Fibre-based composite,Shipment,Supplied as goods,4.83315,2024-12-28
REC-1630-Q2 2024-SITE-E-AL01,2024-Q2,ORG-12345,SITE-E,England,Aluminium,Tertiary,Supplied as goods,1033.45,2024-10-12
REC-1631-Q2 2024-SITE-E-OT01,2024-Q2,ORG-12345,SITE-E,England,Other,Primary,Exported,1.84515,2024-04-05
REC-1632-Q4 2024-SITE-B-PL02,,ORG-12345,SITE-B,Scotland,Plastic,Tertiary,Supplied as goods,3.19279,2024-06-05
REC-1633-Q4 2024-SITE-D-PL01,,ORG-12345,SITE-D,Northern Ireland,Plastic,Secondary,Imported,1979.37,2024-03-24
REC-1634-2024-Q1-SITE-B-ST01,2024-Q1,ORG-12345,SITE-B,Scotland,Steel,Primary,Supplied as goods,1294.08,2024-08-12
REC-1635-Q2 2024-SITE-D-GL01,2024-Q2,ORG-12345,SITE-D,Northern Ireland,Glass,Primary,Imported,4.12108,2024-08-16
REC-1636-Q2 2024-SITE-A-FB01,2024-Q2,ORG-12345,SITE-A,England,Fibre-based composite,Shipment,Supplied as goods,1280.44,2024-03-26
REC-1637-Q4 2024-SITE-B-FB01,,ORG-12345,SITE-B,Scotland,Fibre-based composite,Primary,Exported,3.71129,2024-12-24
REC-1638-2024-Q3-SITE-E-ST01,2024-Q3,ORG-12345,SITE-E,England,Steel,Tertiary,Imported,0.10331,2024-03-07
REC-1639-Q4 2024-SITE-E-WD01,,ORG-12345,SITE-E,England,Wood,Primary,Exported,2.2194499999999997,2024-02-20
REC-1640-Q4 2024-SITE-A-PC01,,ORG-12345,SITE-A,England,Paper/card,Secondary,Supplied as goods,1938.43,2024-11-09
REC-1641-Q2 2024-SITE-C-GL01,2024-Q2,ORG-12345,SITE-C,Wales,Glass,Tertiary,Exported,4334.26,2024-03-07
REC-1642-Q4 2024-SITE-B-PL02,,ORG-12345,SITE-B,Scotland,Plastic,Tertiary,Exported,4800.69,2024-08-23
REC-1643-2024-Q3-SITE-C-FB01,2024-Q3,ORG-12345,SITE-C,Wales,Fibre-based composite,Primary,Exported,570.69,2024-10-01
REC-1644-2024-Q1-SITE-A-PC01,2024-Q1,ORG-12345,SITE-A,England,Paper/card,Secondary,Exported,4189.67,2024-09-19
REC-1645-2024-Q1-SITE-C-AL01,2024-Q1,ORG-12345,SITE-C,Wales,Aluminium,Shipment,Imported,1145.87,2024-09-20
REC-1646-2024-Q1-SITE-A-OT01,2024-Q1,ORG-12345,SITE-A,England,Other,Shipment,Exported,1910.32,2024-12-09
REC-1647-Q4 2024-SITE-C-PL02,,ORG-12345,SITE-C,Wales,Plastic,Shipment,Supplied as goods,0.63149,2024-02-04
REC-1648-Q4 2024-SITE-D-PC01,,ORG-12345,SITE-D,Northern Ireland,Paper/card,Tertiary,Imported,4.26855,2024-01-28
REC-1649-2024-Q3-SITE-A-AL01,2024-Q3,ORG-12345,SITE-A,England,Aluminium,Shipment,Supplied as goods,169.51,2024-01-29
REC-1650-Q2 2024-SITE-C-WD01,2024-Q2,ORG-12345,SITE-C,Wales,Wood,Tertiary,Imported,1825.02,2024-08-30
REC-1651-Q2 2024-SITE-B-PL01,2024-Q2,ORG-12345,SITE-B,Scotland,Plastic,Secondary,Imported,3510.57,2024-10-21
REC-1652-2024-Q1-SITE-D-PC01,2024-Q1,ORG-12345,SITE-D,Northern Ireland,Paper/card,Tertiary,Imported,3.77893,2024-07-13
REC-1653-2024-Q1-SITE-A-OT01,2024-Q1,ORG-12345,SITE-A,England,Other,Tertiary,Supplied as goods,1616.84,2024-08-09
REC-1654-2024-Q3-SITE-B-PC01,2024-Q3,ORG-12345,SITE-B,Scotland,Paper/card,Shipment,Imported,3215.4,2024-09-19
REC-1655-2024-Q3-SITE-B-PC01,2024-Q3,ORG-12345,SITE-B,Scotland,Paper/card,Secondary,Imported,4.484109999999999,2024-03-12
REC-1656-Q2 2024-SITE-E-AL01,2024-Q2,ORG-12345,SITE-E,England,Aluminium,Shipment,Imported,4548.71,2024-11-26
REC-1657-Q2 2024-SITE-C-PL02,2024-Q2,ORG-12345,SITE-C,Wales,Plastic,Primary,Supplied as goods,498.18,2024-07-07
REC-1658-2024-Q3-SITE-A-OT01,2024-Q3,ORG-12345,SITE-A,England,Other,Secondary,Imported,708.51,2024-11-01
REC-1659-Q2 2024-SITE-B-PL02,2024-Q2,ORG-12345,SITE-B,Scotland,Plastic,Secondary,Supplied as goods,2.2405500000000003,2024-06-03
REC-1660-Q2 2024-SITE-B-PL01,2024-Q2,ORG-12345,SITE-B,Scotland,Plastic,Secondary,Supplied as goods,4.17458,2024-12-11
REC-1661-Q4 2024-SITE-E-AL01,,ORG-12345,SITE-E,England,Aluminium,Primary,Supplied as goods,1.51913,2024-08-14
REC-1662-Q4 2024-SITE-E-OT01,,ORG-12345,SITE-E,England,Other,Shipment,Exported,1.0015800000000001,2024-11-04
REC-1663-Q4 2024-SITE-C-FB01,,ORG-12345,SITE-C,Wales,Fibre-based composite,Tertiary,Imported,3548.39,2024-07-19
REC-1664-Q2 2024-SITE-C-AL01,2024-Q2,ORG-12345,SITE-C,Wales,Aluminium,Secondary,Exported,1.81752,2024-11-06
REC-1665-Q2 2024-SITE-A-GL01,2024-Q2,ORG-12345,SITE-A,England,Glass,Primary,Exported,3556.35,2024-07-11
REC-1666-Q4 2024-SITE-D-OT01,,ORG-12345,SITE-D,Northern Ireland,Other,Tertiary,Supplied as goods,2.35317,2024-11-12
REC-1667-2024-Q1-SITE-E-FB01,2024-Q1,ORG-12345,SITE-E,England,Fibre-based composite,Primary,Supplied as goods,159.47,2024-09-15
REC-1668-2024-Q3-SITE-E-GL01,2024-Q3,ORG-12345,SITE-E,England,Glass,Primary,Exported,1804.34,2024-01-29
REC-1669-Q2 2024-SITE-D-WD01,2024-Q2,ORG-12345,SITE-D,Northern Ireland,Wood,Secondary,Exported,3.83361,2024-09-02
REC-1670-Q4 2024-SITE-B-ST01,,ORG-12345,SITE-B,Scotland,Steel,Shipment,Exported,3389.6,2024-10-17
REC-1671-2024-Q1-SITE-C-PC01,2024-Q1,ORG-12345,SITE-C,Wales,Paper/card,Tertiary,Supplied as goods,4.8559,2024-11-24
REC-1672-Q2 2024-SITE-B-PL02,2024-Q2,ORG-12345,SITE-B,Scotland,Plastic,Shipment,Imported,3.6653800000000003,2024-01-30
REC-1673-Q4 2024-SITE-D-WD01,,ORG-12345,SITE-D,Northern Ireland,Wood,Tertiary,Supplied as goods,1.6923599999999999,2024-07-28
REC-1674-Q2 2024-SITE-C-WD01,2024-Q2,ORG-12345,SITE-C,Wales,Wood,Primary,Imported,955.8,2024-08-22
REC-1675-Q2 2024-SITE-B-ST01,2024-Q2,ORG-12345,SITE-B,Scotland,Steel,Secondary,Supplied as goods,963.6,2024-12-11
REC-1676-2024-Q1-SITE-A-PL02,2024-Q1,ORG-12345,SITE-A,England,Plastic,Secondary,Imported,3771.49,2024-02-14
REC-1677-2024-Q3-SITE-A-PC01,2024-Q3,ORG-12345,SITE-A,England,Paper/card,Primary,Supplied as goods,0.05856,2024-06-19
REC-1678-Q2 2024-SITE-B-PL01,2024-Q2,ORG-12345,SITE-B,Scotland,Plastic,Tertiary,Exported,2.83866,2024-11-27
REC-1679-Q2 2024-SITE-A-WD01,2024-Q2,ORG-12345,SITE-A,England,Wood,Primary,Exported,1130.95,2024-07-24
REC-1680-Q2 2024-SITE-E-GL01,2024-Q2,ORG-12345,SITE-E,England,Glass,Secondary,Exported,4.23757,2024-01-30
REC-1681-2024-Q1-SITE-C-PL01,2024-Q1,ORG-12345,SITE-C,Wales,Plastic,Shipment,Supplied as goods,4045.66,2024-12-29
REC-1682-Q2 2024-SITE-D-GL01,2024-Q2,ORG-12345,SITE-D,Northern Ireland,Glass,Shipment,Exported,0.87856,2024-04-03
REC-1683-2024-Q1-SITE-D-PC01,2024-Q1,ORG-12345,SITE-D,Northern Ireland,Paper/card,Secondary,Exported,2762.5,2024-10-24
REC-1684-Q2 2024-SITE-D-PL02,2024-Q2,ORG-12345,SITE-D,Northern Ireland,Plastic,Secondary,Supplied as goods,1.8601800000000002,2024-02-05
REC-1685-2024-Q1-SITE-E-PC01,2024-Q1,ORG-12345,SITE-E,England,Paper/card,Primary,Imported,4.0639899999999995,2024-12-15
REC-1686-Q2 2024-SITE-E-PC01,2024-Q2,ORG-12345,SITE-E,England,Paper/card,Shipment,Exported,2896.68,2024-06-27
REC-1687-Q4 2024-SITE-D-GL01,,ORG-12345,SITE-D,Northern Ireland,Glass,Secondary,Supplied as goods,1500.15,2024-02-26
REC-1688-Q4 2024-SITE-E-WD01,,ORG-12345,SITE-E,England,Wood,Primary,Imported,566.38,2024-09-25
REC-1689-2024-Q1-SITE-B-ST01,2024-Q1,ORG-12345,SITE-B,Scotland,Steel,Tertiary,Exported,3.50956,2024-11-10
REC-1690-2024-Q1-SITE-E-OT01,2024-Q1,ORG-12345,SITE-E,England,Other,Primary,Exported,1.60259,2024-06-18
REC-1691-Q2 2024-SITE-D-FB01,2024-Q2,ORG-12345,SITE-D,Northern Ireland,Fibre-based composite,Primary,Imported,4.82273,2024-07-22
REC-1692-2024-Q3-SITE-B-PL01,2024-Q3,ORG-12345,SITE-B,Scotland,Plastic,Primary,Supplied as goods,2.31331,2024-04-28
REC-1693-Q4 2024-SITE-A-WD01,,ORG-12345,SITE-A,England,Wood,Primary,Exported,3.22008,2025-01-01
REC-1694-Q4 2024-SITE-B-PL02,,ORG-12345,SITE-B,Scotland,Plastic,Secondary,Supplied as goods,4526.76,2024-07-23
REC-1695-2024-Q3-SITE-E-FB01,2024-Q3,ORG-12345,SITE-E,England,Fibre-based composite,Primary,Supplied as goods,0.75126,2024-12-28
REC-1696-2024-Q1-SITE-D-ST01,2024-Q1,ORG-12345,SITE-D,Northern Ireland,Steel,Primary,Exported,3696.34,2024-08-13
REC-1697-2024-Q1-SITE-C-FB01,2024-Q1,ORG-12345,SITE-C,Wales,Fibre-based composite,Secondary,Supplied as goods,4092.79,2025-01-03
REC-1698-2024-Q1-SITE-B-FB01,2024-Q1,ORG-12345,SITE-B,Scotland,Fibre-based composite,Primary,Exported,3.8472800000000005,2024-03-13
REC-1699-2024-Q3-SITE-B-PL02,2024-Q3,ORG-12345,SITE-B,Scotland,Plastic,Primary,Imported,379.18,2025-01-04
REC-1700-2024-Q1-SITE-A-FB01,2024-Q1,ORG-12345,SITE-A,England,Fibre-based composite,Secondary,Exported,1467.87,2024-04-27
REC-1701-2024Q2-SITE-D-PL02,2024-Q2,ORG-12345,SITE-D,Northern Ireland,Plastic,Shipment,Imported,1.0439,2024-03-12
REC-1702-Q4 2024-SITE-B-AL01,,ORG-12345,SITE-B,Scotland,Aluminium,Primary,Imported,0.96317,2024-07-22
REC-1703-Q2 2024-SITE-E-WD01,2024-Q2,ORG-12345,SITE-E,England,Wood,Primary,Supplied as goods,2.23802,2024-06-25
REC-1704-Q2 2024-SITE-C-PL01,2024-Q2,ORG-12345,SITE-C,Wales,Plastic,Shipment,Supplied as goods,4745.52,2024-09-07
REC-1705-2024-Q1-SITE-C-AL01,2024-Q1,ORG-12345,SITE-C,Wales,Aluminium,Tertiary,Supplied as goods,1.98699,2024-04-18
REC-1706-2024-Q1-SITE-D-AL01,2024-Q1,ORG-12345,SITE-D,Northern Ireland,Aluminium,Secondary,Exported,3.61985,2024-11-18
REC-1707-2024-Q1-SITE-A-OT01,2024-Q1,ORG-12345,SITE-A,England,Other,Secondary,Exported,847.44,2024-03-15
REC-1708-2024-Q3-SITE-C-FB01,2024-Q3,ORG-12345,SITE-C,Wales,Fibre-based composite,Shipment,Exported,0.13644,2024-03-28
REC-1709-2024-Q1-SITE-E-PL02,2024-Q1,ORG-12345,SITE-E,England,Plastic,Tertiary,Supplied as goods,0.07920999999999999,2024-10-31
REC-1710-2024-Q1-SITE-E-PL02,2024-Q1,ORG-12345,SITE-E,England,Plastic,Tertiary,Supplied as goods,3.8227700000000002,2024-12-12
REC-1711-Q2 2024-SITE-D-WD01,2024-Q2,ORG-12345,SITE-D,Northern Ireland,Wood,Shipment,Exported,1960.97,2024-09-22
REC-1712-2024-Q3-SITE-D-ST01,2024-Q3,ORG-12345,SITE-D,Northern Ireland,Steel,Secondary,Exported,2.3021700000000003,2024-03-28
REC-1713-Q2 2024-SITE-C-ST01,2024-Q2,ORG-12345,SITE-C,Wales,Steel,Tertiary,Exported,,2024-01-25
REC-1714-Q2 2024-SITE-D-FB01,2024-Q2,ORG-12345,SITE-D,Northern Ireland,Fibre-based composite,Tertiary,Imported,762.72,2024-03-19
REC-1715-Q4 2024-SITE-D-UNKNOWN,,ORG-12345,SITE-D,Northern Ireland,,Primary,Imported,2134.65,2024-07-31
REC-1716-Q2 2024-SITE-B-WD01,2024-Q2,ORG-12345,SITE-B,Scotland,Wood,Secondary,Imported,1663.75,2024-05-05
REC-1717-Q4 2024-SITE-Z-AL01,,ORG-12345,SITE-Z,,Aluminium,Shipment,Supplied as goods,4742.62,2024-12-09
REC-1718-Q4 2024-SITE-E-ST01,,ORG-12345,SITE-E,England,Steel,Primary,Imported,0.7495900000000001,2024-11-29
REC-1719-Q4 2024-SITE-D-FB01,,ORG-12345,SITE-D,Northern Ireland,Fibre-based composite,Primary,Supplied as goods,1.12503,2024-08-28
REC-1720-Q2 2024-SITE-C-PL01,2024-Q2,ORG-12345,SITE-C,Wales,Plastic,Tertiary,Supplied as goods,1.96055,2024-08-07
REC-1721-Q4 2024-SITE-B-AL01,,ORG-12345,SITE-B,Scotland,Aluminium,Primary,Imported,1.6166300000000002,2024-11-22
REC-1722-2024-Q1-SITE-A-OT01,2024-Q1,ORG-12345,SITE-A,England,Other,Tertiary,Exported,4.38579,2024-01-19
REC-1723-Q2 2024-SITE-B-PL01,2024-Q2,ORG-12345,SITE-B,Scotland,Plastic,Secondary,Supplied as goods,1600.8,2024-06-20
REC-1724-2024-Q3-SITE-D-PL02,2024-Q3,ORG-12345,SITE-D,Northern Ireland,Plastic,Secondary,Exported,4550.77,2024-04-13
REC-1725-Q2 2024-SITE-B-ST01,2024-Q2,ORG-12345,SITE-B,Scotland,Steel,Secondary,Supplied as goods,4.02156,2024-03-15
REC-1726-Q2 2024-SITE-C-OT01,2024-Q2,ORG-12345,SITE-C,Wales,Other,Shipment,Imported,833.49,2024-12-19
REC-1727-Q4 2024-SITE-D-GL01,,ORG-12345,SITE-D,Northern Ireland,Glass,Secondary,Supplied as goods,3.79058,2024-09-15
REC-1728-Q2 2024-SITE-D-GL01,2024-Q2,ORG-12345,SITE-D,Northern Ireland,Glass,Tertiary,Supplied as goods,2951.57,2024-01-25
REC-1729-2024-Q3-SITE-A-WD01,2024-Q3,ORG-12345,SITE-A,England,Wood,Tertiary,Exported,1751.95,2024-04-14
REC-1730-Q2 2024-SITE-A-GL01,2024-Q2,ORG-12345,SITE-A,England,Glass,Shipment,Imported,3.403,2024-06-27
REC-1731-Q4 2024-SITE-A-ST01,,ORG-12345,SITE-A,England,Steel,Tertiary,Supplied as goods,1805.82,2024-07-19
REC-1732-2024-Q3-SITE-D-ST01,2024-Q3,ORG-12345,SITE-D,Northern Ireland,Steel,Primary,Exported,1.4372200000000002,2024-02-10
REC-1733-2024-Q1-SITE-C-AL01,2024-Q1,ORG-12345,SITE-C,Wales,Aluminium,Tertiary,Imported,1352.41,2024-12-16
REC-1734-2024-Q1-SITE-B-WD01,2024-Q1,ORG-12345,SITE-B,Scotland,Wood,Tertiary,Supplied as goods,1.69795,2024-11-03
REC-1735-Q4 2024-SITE-D-PL01,,ORG-12345,SITE-D,Northern Ireland,Plastic,Secondary,Imported,1038.23,2025-01-04
REC-1736-2024-Q3-SITE-D-ST01,2024-Q3,ORG-12345,SITE-D,Northern Ireland,Steel,Tertiary,Imported,1711.39,2024-07-10
REC-1737-Q4 2024-SITE-A-ST01,,ORG-12345,SITE-A,England,Steel,Shipment,Supplied as goods,2469.71,2024-02-27
REC-1738-2024-Q1-SITE-B-PC01,2024-Q1,ORG-12345,SITE-B,Scotland,Paper/card,Tertiary,Exported,4.4843,2024-02-22
REC-1739-2024-Q1-SITE-A-GL01,2024-Q1,ORG-12345,SITE-A,England,Glass,Secondary,Supplied as goods,0.8123300000000001,2024-01-21
REC-1740-2024-Q1-SITE-C-PC01,2024-Q1,ORG-12345,SITE-C,Wales,Paper/card,Tertiary,Exported,398.39,2024-03-17
REC-1741-2024-Q1-SITE-B-PL01,2024-Q1,ORG-12345,SITE-B,Scotland,Plastic,Tertiary,Supplied as goods,1.03763,2024-03-01
REC-1742-Q4 2024-SITE-A-PL01,,ORG-12345,SITE-A,England,Plastic,Secondary,Exported,1.2037200000000001,2024-11-30
REC-1743-Q2 2024-SITE-E-OT01,2024-Q2,ORG-12345,SITE-E,England,Other,Primary,Imported,4096.88,2024-06-10
REC-1744-Q2 2024-SITE-B-PL01,2024-Q2,ORG-12345,SITE-B,Scotland,Plastic,Secondary,Supplied as goods,2.56254,2024-03-28
REC-1745-Q2 2024-SITE-B-OT01,2024-Q2,ORG-12345,SITE-B,Scotland,Other,Shipment,Supplied as goods,3.5148400000000004,2024-05-10
REC-1746-Q4 2024-SITE-E-GL01,,ORG-12345,SITE-E,England,Glass,Secondary,Exported,4188.4,2024-12-07
REC-1747-2024-Q1-SITE-B-ST01,2024-Q1,ORG-12345,SITE-B,Scotland,Steel,Primary,Imported,1292.2,2024-12-29
REC-1748-2024-Q3-SITE-D-ST01,2024-Q3,ORG-12345,SITE-D,Northern Ireland,Steel,Secondary,Supplied as goods,0.37002999999999997,2024-02-14
REC-1749-2024-Q1-SITE-A-FB01,2024-Q1,ORG-12345,SITE-A,England,Fibre-based composite,Primary,Exported,3833.95,2024-11-11
REC-1750-2024-Q3-SITE-E-PC01,2024-Q3,ORG-12345,SITE-E,England,Paper/card,Tertiary,Exported,3.04726,2024-06-26
REC-1751-2024-Q3-SITE-D-WD01,2024-Q3,ORG-12345,SITE-D,Northern Ireland,Wood,Secondary,Exported,4064.28,2024-06-23
REC-1752-2024-Q3-SITE-A-OT01,2024-Q3,ORG-12345,SITE-A,England,Other,Tertiary,Supplied as goods,1.1791500000000001,2024-09-09
REC-1753-Q2 2024-SITE-D-WD01,2024-Q2,ORG-12345,SITE-D,Northern Ireland,Wood,Secondary,Imported,2344.94,2024-07-30
REC-1754-Q4 2024-SITE-B-FB01,,ORG-12345,SITE-B,Scotland,Fibre-based composite,Primary,Supplied as goods,3951.91,2024-01-22
REC-1755-Q2 2024-SITE-E-FB01,2024-Q2,ORG-12345,SITE-E,England,Fibre-based composite,Tertiary,Exported,4.53154,2024-03-03
REC-1756-2024-Q1-SITE-B-PL01,2024-Q1,ORG-12345,SITE-B,Scotland,Plastic,Secondary,Imported,792.0,2024-08-02
REC-1757-Q4 2024-SITE-D-GL01,,ORG-12345,SITE-D,Northern Ireland,Glass,Secondary,Exported,1.42446,2024-08-24
REC-1758-2024-Q3-SITE-A-GL01,2024-Q3,ORG-12345,SITE-A,England,Glass,Secondary,Exported,0.34581,2024-09-15
REC-1759-Q4 2024-SITE-B-ST01,,ORG-12345,SITE-B,Scotland,Steel,Primary,Supplied as goods,2617.88,2024-01-21
REC-1760-Q4 2024-SITE-E-ST01,,ORG-12345,SITE-E,England,Steel,Tertiary,Supplied as goods,1725.97,2024-03-17
REC-1761-2024-Q3-SITE-B-GL01,2024-Q3,ORG-12345,SITE-B,Scotland,Glass,Shipment,Imported,1738.43,2024-09-13
REC-1762-2024-Q3-SITE-B-PL02,2024-Q3,ORG-12345,SITE-B,Scotland,Plastic,Primary,Imported,1.88154,2024-05-13
REC-1763-2024-Q3-SITE-E-PC01,2024-Q3,ORG-12345,SITE-E,England,Paper/card,Tertiary,Imported,3944.69,2024-04-23
REC-1764-Q2 2024-SITE-E-GL01,2024-Q2,ORG-12345,SITE-E,England,Glass,Secondary,Exported,2.88276,2024-09-21
REC-1765-Q2 2024-SITE-D-WD01,2024-Q2,ORG-12345,SITE-D,Northern Ireland,Wood,Primary,Imported,2.57925,2024-06-27
REC-1766-Q4 2024-SITE-A-PL02,,ORG-12345,SITE-A,England,Plastic,Shipment,Imported,2340.31,2024-04-22
REC-1767-Q2 2024-SITE-D-ST01,2024-Q2,ORG-12345,SITE-D,Northern Ireland,Steel,Tertiary,Supplied as goods,1.8507200000000001,2024-12-04
REC-1768-Q2 2024-SITE-E-PL01,2024-Q2,ORG-12345,SITE-E,England,Plastic,Secondary,Imported,4132.94,2024-06-26
REC-1769-2024-Q1-SITE-B-WD01,2024-Q1,ORG-12345,SITE-B,Scotland,Wood,Secondary,Exported,4.42191,2024-02-15
REC-1770-2024-Q1-SITE-D-AL01,2024-Q1,ORG-12345,SITE-D,Northern Ireland,Aluminium,Shipment,Exported,1448.16,2024-05-27
REC-1771-2024-Q3-SITE-A-AL01,2024-Q3,ORG-12345,SITE-A,England,Aluminium,Primary,Imported,175.15,2024-03-30
REC-1772-2024-Q1-SITE-C-WD01,2024-Q1,ORG-12345,SITE-C,Wales,Wood,Tertiary,Imported,2798.56,2024-09-04
REC-1773-Q2 2024-SITE-B-ST01,2024-Q2,ORG-12345,SITE-B,Scotland,Steel,Primary,Exported,3052.39,2024-01-23
REC-1774-2024-Q3-SITE-B-PL02,2024-Q3,ORG-12345,SITE-B,Scotland,Plastic,Primary,Imported,2785.25,2024-07-25
REC-1775-Q2 2024-SITE-D-OT01,2024-Q2,ORG-12345,SITE-D,Northern Ireland,Other,Primary,Exported,2199.59,2024-11-23
REC-1776-2024-Q1-SITE-E-PL01,2024-Q1,ORG-12345,SITE-E,England,Plastic,Tertiary,Imported,1.65387,2024-03-22
REC-1777-Q2 2024-SITE-E-WD01,2024-Q2,ORG-12345,SITE-E,England,Wood,Primary,Supplied as goods,0.74256,2024-05-14
REC-1778-Q4 2024-SITE-A-PL02,,ORG-12345,SITE-A,England,Plastic,Tertiary,Imported,4862.98,2024-02-19
REC-1779-Q2 2024-SITE-D-WD01,2024-Q2,ORG-12345,SITE-D,Northern Ireland,Wood,Secondary,Exported,357.64,2024-02-29
REC-1780-Q2 2024-SITE-B-AL01,2024-Q2,ORG-12345,SITE-B,Scotland,Aluminium,Secondary,Supplied as goods,620.48,2024-12-10
REC-1781-2024-Q1-SITE-D-OT01,2024-Q1,ORG-12345,SITE-D,Northern Ireland,Other,Primary,Supplied as goods,3.23237,2024-05-06
REC-1782-Q4 2024-SITE-D-AL01,,ORG-12345,SITE-D,Northern Ireland,Aluminium,Primary,Supplied as goods,2527.89,2024-10-02
REC-1783-2024-Q1-SITE-E-ST01,2024-Q1,ORG-12345,SITE-E,England,Steel,Secondary,Supplied as goods,3364.73,2024-04-26
REC-1784-2024-Q1-SITE-C-PL01,2024-Q1,ORG-12345,SITE-C,Wales,Plastic,Primary,Supplied as goods,2.93456,2024-07-21
REC-1785-2024-Q1-SITE-E-OT01,2024-Q1,ORG-12345,SITE-E,England,Other,Tertiary,Supplied as goods,2.01605,2024-11-28
REC-1786-Q2 2024-SITE-B-ST01,2024-Q2,ORG-12345,SITE-B,Scotland,Steel,Secondary,Exported,1902.79,2024-05-25
REC-1787-2024-Q3-SITE-A-PC01,2024-Q3,ORG-12345,SITE-A,England,Paper/card,Primary,Imported,4494.74,2024-01-29
REC-1788-Q2 2024-SITE-B-WD01,2024-Q2,ORG-12345,SITE-B,Scotland,Wood,Shipment,Exported,3375.64,2024-02-05
REC-1789-2024-Q3-SITE-B-FB01,2024-Q3,ORG-12345,SITE-B,Scotland,Fibre-based composite,Tertiary,Supplied as goods,3.72693,2024-12-25
REC-1790-2024-Q3-SITE-B-AL01,2024-Q3,ORG-12345,SITE-B,Scotland,Aluminium,Shipment,Imported,1.83664,2024-10-02
REC-1791-Q2 2024-SITE-C-PL01,2024-Q2,ORG-12345,SITE-C,Wales,Plastic,Secondary,Supplied as goods,1.1213,2024-07-31
REC-1792-Q4 2024-SITE-D-PC01,,ORG-12345,SITE-D,Northern Ireland,Paper/card,Secondary,Imported,3.0289699999999997,2024-11-15
REC-1793-2024-Q1-SITE-A-ST01,2024-Q1,ORG-12345,SITE-A,England,Steel,Tertiary,Exported,4.2939300000000005,2024-01-30
REC-1794-Q4 2024-SITE-C-PL01,,ORG-12345,SITE-C,Wales,Plastic,Tertiary,Supplied as goods,4.7366,2024-10-31
REC-1795-2024-Q3-SITE-D-GL01,2024-Q3,ORG-12345,SITE-D,Northern Ireland,Glass,Primary,Supplied as goods,1.87185,2024-06-06
REC-1796-2024-Q3-SITE-A-FB01,2024-Q3,ORG-12345,SITE-A,England,Fibre-based composite,Tertiary,Supplied as goods,1.52248,2024-05-28
REC-1797-Q2 2024-SITE-D-WD01,2024-Q2,ORG-12345,SITE-D,Northern Ireland,Wood,Tertiary,Supplied as goods,0.64561,2024-03-12
REC-1798-2024-Q1-SITE-C-PL02,2024-Q1,ORG-12345,SITE-C,Wales,Plastic,Tertiary,Supplied as goods,2303.46,2024-10-29
REC-1799-Q4 2024-SITE-A-WD01,,ORG-12345,SITE-A,England,Wood,Primary,Exported,3.4744200000000003,2024-07-26
REC-1800-Q2 2024-SITE-D-PL01,2024-Q2,ORG-12345,SITE-D,Northern Ireland,Plastic,Primary,Imported,2190.81,2024-11-05
REC-1801-2024Q2-SITE-C-PL01,2024-Q2,ORG-12345,SITE-C,Wales,Plastic,Tertiary,Supplied as goods,4799.17,2024-05-30
REC-1802-Q4 2024-SITE-B-PL01,,ORG-12345,SITE-B,Scotland,Plastic,Tertiary,Imported,4.8177900000000005,2024-12-12
REC-1803-Q4 2024-SITE-E-PL01,,ORG-12345,SITE-E,England,Plastic,Primary,Exported,4185.19,2024-02-08
REC-1804-Q2 2024-SITE-D-ST01,2024-Q2,ORG-12345,SITE-D,Northern Ireland,Steel,Secondary,Supplied as goods,3010.34,2024-12-17
REC-1805-Q4 2024-SITE-C-PC01,,ORG-12345,SITE-C,Wales,Paper/card,Tertiary,Exported,2.7268000000000003,2024-11-07
REC-1806-Q4 2024-SITE-B-FB01,,ORG-12345,SITE-B,Scotland,Fibre-based composite,Secondary,Imported,4918.39,2024-10-18
REC-1807-2024-Q3-SITE-B-FB01,2024-Q3,ORG-12345,SITE-B,Scotland,Fibre-based composite,Secondary,Imported,477.91,2024-03-15
REC-1808-2024-Q3-SITE-A-WD01,2024-Q3,ORG-12345,SITE-A,England,Wood,Secondary,Exported,4.31591,2024-11-30
REC-1809-Q2 2024-SITE-E-GL01,2024-Q2,ORG-12345,SITE-E,England,Glass,Shipment,Imported,2.72404,2025-01-03
REC-1810-2024-Q1-SITE-E-FB01,2024-Q1,ORG-12345,SITE-E,England,Fibre-based composite,Primary,Imported,4.40958,2024-01-17
REC-1811-Q4 2024-SITE-C-ST01,,ORG-12345,SITE-C,Wales,Steel,Shipment,Exported,4.71433,2024-06-29
REC-1812-2024-Q3-SITE-B-PC01,2024-Q3,ORG-12345,SITE-B,Scotland,Paper/card,Shipment,Imported,2639.45,2024-08-10
REC-1813-2024-Q1-SITE-B-PL02,2024-Q1,ORG-12345,SITE-B,Scotland,Plastic,Primary,Exported,,2024-03-10
REC-1814-Q4 2024-SITE-B-WD01,,ORG-12345,SITE-B,Scotland,Wood,Primary,Supplied as goods,3489.94,2024-05-01
REC-1815-2024-Q1-SITE-A-UNKNOWN,2024-Q1,ORG-12345,SITE-A,England,,Tertiary,Supplied as goods,4.76018,2024-06-14
REC-1816-2024-Q3-SITE-A-PL02,2024-Q3,ORG-12345,SITE-A,England,Plastic,Primary,Supplied as goods,4.1469,2024-03-15
REC-1817-Q4 2024-SITE-Z-FB01,,ORG-12345,SITE-Z,,Fibre-based composite,Secondary,Exported,2044.85,2024-04-30
REC-1818-2024-Q1-SITE-E-ST01,2024-Q1,ORG-12345,SITE-E,England,Steel,Secondary,Exported,2968.97,2024-09-22
REC-1819-Q4 2024-SITE-D-PL01,,ORG-12345,SITE-D,Northern Ireland,Plastic,Secondary,Imported,1789.91,2024-03-05
REC-1820-2024-Q1-SITE-D-FB01,2024-Q1,ORG-12345,SITE-D,Northern Ireland,Fibre-based composite,Tertiary,Exported,3120.15,2024-02-03
REC-1821-Q2 2024-SITE-A-WD01,2024-Q2,ORG-12345,SITE-A,England,Wood,Tertiary,Supplied as goods,2.40062,2024-12-03
REC-1822-Q4 2024-SITE-E-PL02,,ORG-12345,SITE-E,England,Plastic,Secondary,Imported,3.75781,2024-06-28
REC-1823-Q4 2024-SITE-E-ST01,,ORG-12345,SITE-E,England,Steel,Shipment,Exported,4.28048,2024-01-20
REC-1824-Q2 2024-SITE-A-GL01,2024-Q2,ORG-12345,SITE-A,England,Glass,Shipment,Exported,3915.13,2024-06-03
REC-1825-2024-Q1-SITE-C-FB01,2024-Q1,ORG-12345,SITE-C,Wales,Fibre-based composite,Tertiary,Exported,3.28583,2024-10-05
REC-1826-2024-Q3-SITE-A-WD01,2024-Q3,ORG-12345,SITE-A,England,Wood,Primary,Imported,1.50228,2024-07-02
REC-1827-Q4 2024-SITE-B-FB01,,ORG-12345,SITE-B,Scotland,Fibre-based composite,Primary,Exported,0.8162400000000001,2024-05-21
REC-1828-2024-Q1-SITE-D-PL01,2024-Q1,ORG-12345,SITE-D,Northern Ireland,Plastic,Secondary,Exported,4.0436700000000005,2024-04-17
REC-1829-Q4 2024-SITE-B-AL01,,ORG-12345,SITE-B,Scotland,Aluminium,Secondary,Exported,2938.67,2024-03-14
REC-1830-Q4 2024-SITE-D-PL02,,ORG-12345,SITE-D,Northern Ireland,Plastic,Primary,Supplied as goods,0.7034,2025-01-06
REC-1831-2024-Q1-SITE-E-FB01,2024-Q1,ORG-12345,SITE-E,England,Fibre-based composite,Primary,Exported,2649.62,2024-09-13
REC-1832-2024-Q1-SITE-A-PL01,2024-Q1,ORG-12345,SITE-A,England,Plastic,Secondary,Imported,2808.54,2024-05-28
REC-1833-2024-Q1-SITE-B-PC01,2024-Q1,ORG-12345,SITE-B,Scotland,Paper/card,Secondary,Imported,2.56021,2024-04-06
REC-1834-2024-Q3-SITE-E-PL02,2024-Q3,ORG-12345,SITE-E,England,Plastic,Shipment,Supplied as goods,3339.97,2024-05-28
REC-1835-2024-Q1-SITE-A-WD01,2024-Q1,ORG-12345,SITE-A,England,Wood,Primary,Exported,968.28,2024-04-27
REC-1836-2024-Q3-SITE-A-GL01,2024-Q3,ORG-12345,SITE-A,England,Glass,Secondary,Supplied as goods,3745.88,2024-10-02
REC-1837-Q2 2024-SITE-C-PL01,2024-Q2,ORG-12345,SITE-C,Wales,Plastic,Primary,Exported,3.3462600000000005,2024-05-18
REC-1838-Q4 2024-SITE-D-WD01,,ORG-12345,SITE-D,Northern Ireland,Wood,Tertiary,Supplied as goods,983.9,2024-03-05
REC-1839-Q2 2024-SITE-B-GL01,2024-Q2,ORG-12345,SITE-B,Scotland,Glass,Secondary,Exported,3.18531,2024-03-29
REC-1840-Q2 2024-SITE-E-PL02,2024-Q2,ORG-12345,SITE-E,England,Plastic,Secondary,Exported,4.94984,2024-11-30
REC-1841-Q4 2024-SITE-C-FB01,,ORG-12345,SITE-C,Wales,Fibre-based composite,Tertiary,Exported,1.84053,2024-08-23
REC-1842-2024-Q3-SITE-B-PL01,2024-Q3,ORG-12345,SITE-B,Scotland,Plastic,Tertiary,Imported,3.91413,2024-09-01
REC-1843-Q2 2024-SITE-B-AL01,2024-Q2,ORG-12345,SITE-B,Scotland,Aluminium,Tertiary,Supplied as goods,2422.86,2024-10-07
REC-1844-2024-Q1-SITE-D-ST01,2024-Q1,ORG-12345,SITE-D,Northern Ireland,Steel,Secondary,Supplied as goods,2.19207,2024-02-27
REC-1845-2024-Q3-SITE-D-GL01,2024-Q3,ORG-12345,SITE-D,Northern Ireland,Glass,Tertiary,Exported,247.75,2024-12-12
REC-1846-Q4 2024-SITE-D-PC01,,ORG-12345,SITE-D,Northern Ireland,Paper/card,Secondary,Exported,3046.21,2025-01-01
REC-1847-2024-Q3-SITE-D-OT01,2024-Q3,ORG-12345,SITE-D,Northern Ireland,Other,Tertiary,Exported,3.01674,2025-01-03
REC-1848-2024-Q3-SITE-C-WD01,2024-Q3,ORG-12345,SITE-C,Wales,Wood,Secondary,Exported,2.60914,2024-06-10
REC-1849-Q2 2024-SITE-B-OT01,2024-Q2,ORG-12345,SITE-B,Scotland,Other,Primary,Imported,4637.76,2024-06-19
REC-1850-2024-Q3-SITE-C-AL01,2024-Q3,ORG-12345,SITE-C,Wales,Aluminium,Tertiary,Imported,2612.48,2024-08-19
REC-1851-Q2 2024-SITE-C-AL01,2024-Q2,ORG-12345,SITE-C,Wales,Aluminium,Tertiary,Exported,4.458220000000001,2024-12-31
REC-1852-Q2 2024-SITE-D-PC01,2024-Q2,ORG-12345,SITE-D,Northern Ireland,Paper/card,Tertiary,Exported,2.78687,2024-06-12
REC-1853-Q4 2024-SITE-B-AL01,,ORG-12345,SITE-B,Scotland,Aluminium,Primary,Exported,3960.23,2024-05-19
REC-1854-2024-Q3-SITE-E-FB01,2024-Q3,ORG-12345,SITE-E,England,Fibre-based composite,Secondary,Exported,1390.17,2024-05-24
REC-1855-2024-Q1-SITE-A-PL02,2024-Q1,ORG-12345,SITE-A,England,Plastic,Secondary,Supplied as goods,4834.24,2024-05-24
REC-1856-Q4 2024-SITE-E-WD01,,ORG-12345,SITE-E,England,Wood,Secondary,Exported,2938.74,2024-05-30
REC-1857-Q4 2024-SITE-D-PL01,,ORG-12345,SITE-D,Northern Ireland,Plastic,Secondary,Exported,4.9094,2024-06-23
REC-1858-2024-Q1-SITE-A-PL02,2024-Q1,ORG-12345,SITE-A,England,Plastic,Primary,Supplied as goods,0.65844,2024-03-10
REC-1859-Q2 2024-SITE-D-OT01,2024-Q2,ORG-12345,SITE-D,Northern Ireland,Other,Shipment,Imported,0.68074,2024-12-18
REC-1860-Q4 2024-SITE-C-PL01,,ORG-12345,SITE-C,Wales,Plastic,Primary,Supplied as goods,1721.15,2024-05-12
REC-1861-2024-Q3-SITE-E-AL01,2024-Q3,ORG-12345,SITE-E,England,Aluminium,Shipment,Exported,2874.55,2024-04-01
REC-1862-Q4 2024-SITE-B-PL01,,ORG-12345,SITE-B,Scotland,Plastic,Shipment,Exported,1.61775,2024-10-18
REC-1863-2024-Q1-SITE-D-PL01,2024-Q1,ORG-12345,SITE-D,Northern Ireland,Plastic,Primary,Supplied as goods,2877.64,2024-05-20
REC-1864-Q2 2024-SITE-B-FB01,2024-Q2,ORG-12345,SITE-B,Scotland,Fibre-based composite,Primary,Supplied as goods,2.32456,2024-03-09
REC-1865-Q2 2024-SITE-D-PL01,2024-Q2,ORG-12345,SITE-D,Northern Ireland,Plastic,Primary,Exported,1577.05,2024-03-06
REC-1866-Q4 2024-SITE-D-PL02,,ORG-12345,SITE-D,Northern Ireland,Plastic,Secondary,Exported,2.24846,2024-10-18
REC-1867-2024-Q1-SITE-C-ST01,2024-Q1,ORG-12345,SITE-C,Wales,Steel,Primary,Exported,2483.02,2024-09-30
REC-1868-2024-Q1-SITE-B-FB01,2024-Q1,ORG-12345,SITE-B,Scotland,Fibre-based composite,Tertiary,Imported,3052.44,2025-01-06
REC-1869-Q4 2024-SITE-C-FB01,,ORG-12345,SITE-C,Wales,Fibre-based composite,Primary,Imported,1075.3,2024-05-21
REC-1870-Q2 2024-SITE-A-ST01,2024-Q2,ORG-12345,SITE-A,England,Steel,Primary,Imported,3022.16,2025-01-06
REC-1871-2024-Q3-SITE-E-PL02,2024-Q3,ORG-12345,SITE-E,England,Plastic,Secondary,Exported,4010.5,2024-07-28
REC-1872-Q4 2024-SITE-A-PL01,,ORG-12345,SITE-A,England,Plastic,Secondary,Imported,3634.68,2024-07-11
REC-1873-Q2 2024-SITE-D-AL01,2024-Q2,ORG-12345,SITE-D,Northern Ireland,Aluminium,Secondary,Imported,4562.41,2024-05-06
REC-1874-2024-Q3-SITE-D-OT01,2024-Q3,ORG-12345,SITE-D,Northern Ireland,Other,Shipment,Exported,4.0602,2024-05-11
REC-1875-2024-Q1-SITE-C-PL02,2024-Q1,ORG-12345,SITE-C,Wales,Plastic,Tertiary,Supplied as goods,0.50727,2024-05-24
REC-1876-Q2 2024-SITE-C-WD01,2024-Q2,ORG-12345,SITE-C,Wales,Wood,Primary,Imported,751.09,2024-08-11
REC-1877-2024-Q1-SITE-E-ST01,2024-Q1,ORG-12345,SITE-E,England,Steel,Primary,Exported,0.38056,2024-12-15
REC-1878-Q2 2024-SITE-B-GL01,2024-Q2,ORG-12345,SITE-B,Scotland,Glass,Secondary,Exported,2377.73,2024-04-24
REC-1879-2024-Q1-SITE-E-PL02,2024-Q1,ORG-12345,SITE-E,England,Plastic,Primary,Supplied as goods,1.38177,2024-10-24
REC-1880-2024-Q1-SITE-B-PC01,2024-Q1,ORG-12345,SITE-B,Scotland,Paper/card,Tertiary,Supplied as goods,0.80596,2024-04-11
REC-1881-Q2 2024-SITE-D-ST01,2024-Q2,ORG-12345,SITE-D,Northern Ireland,Steel,Shipment,Supplied as goods,2.52952,2024-02-08
REC-1882-2024-Q3-SITE-E-WD01,2024-Q3,ORG-12345,SITE-E,England,Wood,Primary,Supplied as goods,1247.53,2024-05-19
REC-1883-2024-Q1-SITE-B-WD01,2024-Q1,ORG-12345,SITE-B,Scotland,Wood,Primary,Exported,0.59389,2024-07-26
REC-1884-Q4 2024-SITE-D-GL01,,ORG-12345,SITE-D,Northern Ireland,Glass,Primary,Imported,2330.82,2024-09-09
REC-1885-Q4 2024-SITE-C-OT01,,ORG-12345,SITE-C,Wales,Other,Secondary,Exported,2908.49,2024-09-28
REC-1886-2024-Q1-SITE-C-WD01,2024-Q1,ORG-12345,SITE-C,Wales,Wood,Primary,Supplied as goods,1074.12,2024-08-13
REC-1887-Q2 2024-SITE-D-FB01,2024-Q2,ORG-12345,SITE-D,Northern Ireland,Fibre-based composite,Secondary,Imported,1899.44,2024-05-04
REC-1888-Q2 2024-SITE-E-FB01,2024-Q2,ORG-12345,SITE-E,England,Fibre-based composite,Tertiary,Exported,3764.22,2024-06-17
REC-1889-2024-Q3-SITE-D-FB01,2024-Q3,ORG-12345,SITE-D,Northern Ireland,Fibre-based composite,Primary,Supplied as goods,0.13107,2024-08-06
REC-1890-Q2 2024-SITE-D-WD01,2024-Q2,ORG-12345,SITE-D,Northern Ireland,Wood,Tertiary,Imported,1.88926,2024-02-10
REC-1891-2024-Q1-SITE-C-AL01,2024-Q1,ORG-12345,SITE-C,Wales,Aluminium,Primary,Exported,4617.6,2024-09-09
REC-1892-Q4 2024-SITE-C-FB01,,ORG-12345,SITE-C,Wales,Fibre-based composite,Tertiary,Imported,436.71,2024-09-16
REC-1893-2024-Q1-SITE-A-PL02,2024-Q1,ORG-12345,SITE-A,England,Plastic,Secondary,Imported,1.00772,2024-10-28
REC-1894-Q4 2024-SITE-A-ST01,,ORG-12345,SITE-A,England,Steel,Primary,Supplied as goods,2572.06,2024-07-04
REC-1895-2024-Q1-SITE-A-WD01,2024-Q1,ORG-12345,SITE-A,England,Wood,Secondary,Exported,1666.4,2024-09-20
REC-1896-Q4 2024-SITE-B-FB01,,ORG-12345,SITE-B,Scotland,Fibre-based composite,Tertiary,Exported,0.22897,2024-12-18
REC-1897-Q2 2024-SITE-B-WD01,2024-Q2,ORG-12345,SITE-B,Scotland,Wood,Tertiary,Exported,3.1942600000000003,2024-11-25
REC-1898-2024-Q1-SITE-C-FB01,2024-Q1,ORG-12345,SITE-C,Wales,Fibre-based composite,Secondary,Imported,1.1401800000000002,2024-04-23
REC-1899-2024-Q3-SITE-D-FB01,2024-Q3,ORG-12345,SITE-D,Northern Ireland,Fibre-based composite,Shipment,Supplied as goods,2.11707,2024-01-15
REC-1900-Q2 2024-SITE-A-PL02,2024-Q2,ORG-12345,SITE-A,England,Plastic,Primary,Supplied as goods,1364.26,2024-04-08
REC-1901-2024Q2-SITE-E-WD01,2024-Q2,ORG-12345,SITE-E,England,Wood,Primary,Supplied as goods,3363.61,2024-05-26
REC-1902-Q2 2024-SITE-E-OT01,2024-Q2,ORG-12345,SITE-E,England,Other,Shipment,Exported,1686.47,2024-12-29
REC-1903-2024-Q1-SITE-B-OT01,2024-Q1,ORG-12345,SITE-B,Scotland,Other,Primary,Imported,4.04064,2024-09-18
REC-1904-2024-Q3-SITE-A-ST01,2024-Q3,ORG-12345,SITE-A,England,Steel,Secondary,Exported,1537.82,2024-03-09
REC-1905-Q4 2024-SITE-B-GL01,,ORG-12345,SITE-B,Scotland,Glass,Shipment,Supplied as goods,4.23022,2024-03-05
REC-1906-2024-Q3-SITE-D-OT01,2024-Q3,ORG-12345,SITE-D,Northern Ireland,Other,Shipment,Imported,2092.59,2024-02-25
REC-1907-2024-Q1-SITE-C-AL01,2024-Q1,ORG-12345,SITE-C,Wales,Aluminium,Primary,Exported,2.43181,2024-03-15
REC-1908-2024-Q3-SITE-C-FB01,2024-Q3,ORG-12345,SITE-C,Wales,Fibre-based composite,Primary,Imported,2.39221,2024-06-20
REC-1909-Q2 2024-SITE-E-AL01,2024-Q2,ORG-12345,SITE-E,England,Aluminium,Secondary,Imported,4642.79,2024-08-22
REC-1910-Q2 2024-SITE-C-AL01,2024-Q2,ORG-12345,SITE-C,Wales,Aluminium,Secondary,Supplied as goods,3.07233,2024-06-30
REC-1911-Q2 2024-SITE-A-FB01,2024-Q2,ORG-12345,SITE-A,England,Fibre-based composite,Tertiary,Supplied as goods,0.54827,2024-08-21
REC-1912-Q4 2024-SITE-A-WD01,,ORG-12345,SITE-A,England,Wood,Primary,Exported,3.25745,2024-01-31
REC-1913-2024-Q1-SITE-E-GL01,2024-Q1,ORG-12345,SITE-E,England,Glass,Secondary,Imported,,2024-04-08
REC-1914-2024-Q1-SITE-A-ST01,2024-Q1,ORG-12345,SITE-A,England,Steel,Secondary,Supplied as goods,0.24276,2024-04-11
REC-1915-2024-Q1-SITE-E-UNKNOWN,2024-Q1,ORG-12345,SITE-E,England,,Tertiary,Imported,582.32,2024-06-08
REC-1916-2024-Q1-SITE-B-GL01,2024-Q1,ORG-12345,SITE-B,Scotland,Glass,Primary,Imported,3050.53,2024-11-20
REC-1917-Q4 2024-SITE-Z-AL01,,ORG-12345,SITE-Z,,Aluminium,Tertiary,Imported,208.57,2024-07-16
REC-1918-Q2 2024-SITE-D-OT01,2024-Q2,ORG-12345,SITE-D,Northern Ireland,Other,Secondary,Imported,3284.77,2024-12-21
REC-1919-2024-Q1-SITE-A-PC01,2024-Q1,ORG-12345,SITE-A,England,Paper/card,Primary,Supplied as goods,2.33337,2024-11-10
REC-1920-2024-Q1-SITE-B-PL02,2024-Q1,ORG-12345,SITE-B,Scotland,Plastic,Primary,Supplied as goods,4.99122,2024-07-03
REC-1921-2024-Q1-SITE-D-PC01,2024-Q1,ORG-12345,SITE-D,Northern Ireland,Paper/card,Shipment,Supplied as goods,3607.27,2024-12-22
REC-1922-2024-Q1-SITE-D-OT01,2024-Q1,ORG-12345,SITE-D,Northern Ireland,Other,Tertiary,Exported,1.5475999999999999,2024-04-04
REC-1923-Q4 2024-SITE-C-FB01,,ORG-12345,SITE-C,Wales,Fibre-based composite,Primary,Imported,0.37697,2024-09-25
REC-1924-Q2 2024-SITE-D-WD01,2024-Q2,ORG-12345,SITE-D,Northern Ireland,Wood,Tertiary,Imported,3929.44,2024-08-18
REC-1925-Q2 2024-SITE-A-PC01,2024-Q2,ORG-12345,SITE-A,England,Paper/card,Tertiary,Exported,4.34726,2024-08-14
REC-1926-Q4 2024-SITE-B-PL02,,ORG-12345,SITE-B,Scotland,Plastic,Secondary,Imported,0.78343,2024-04-27
REC-1927-2024-Q3-SITE-C-GL01,2024-Q3,ORG-12345,SITE-C,Wales,Glass,Secondary,Supplied as goods,3865.76,2024-01-16
REC-1928-2024-Q3-SITE-C-PL02,2024-Q3,ORG-12345,SITE-C,Wales,Plastic,Secondary,Exported,1.04848,2024-08-02
REC-1929-2024-Q1-SITE-D-OT01,2024-Q1,ORG-12345,SITE-D,Northern Ireland,Other,Shipment,Exported,4.63656,2024-11-12
REC-1930-2024-Q3-SITE-A-OT01,2024-Q3,ORG-12345,SITE-A,England,Other,Secondary,Exported,4984.11,2024-01-24
REC-1931-Q4 2024-SITE-D-FB01,,ORG-12345,SITE-D,Northern Ireland,Fibre-based composite,Shipment,Exported,4.82717,2024-11-21
REC-1932-2024-Q1-SITE-C-AL01,2024-Q1,ORG-12345,SITE-C,Wales,Aluminium,Secondary,Exported,1153.35,2024-12-22
REC-1933-Q2 2024-SITE-A-ST01,2024-Q2,ORG-12345,SITE-A,England,Steel,Secondary,Imported,0.07121,2024-05-16
REC-1934-Q4 2024-SITE-C-FB01,,ORG-12345,SITE-C,Wales,Fibre-based composite,Primary,Imported,0.28643,2024-09-27
REC-1935-Q2 2024-SITE-E-ST01,2024-Q2,ORG-12345,SITE-E,England,Steel,Tertiary,Exported,3333.41,2024-12-18
REC-1936-2024-Q3-SITE-E-OT01,2024-Q3,ORG-12345,SITE-E,England,Other,Secondary,Supplied as goods,4283.41,2024-10-20
REC-1937-Q4 2024-SITE-B-AL01,,ORG-12345,SITE-B,Scotland,Aluminium,Primary,Exported,2176.03,2024-03-05
REC-1938-Q4 2024-SITE-C-GL01,,ORG-12345,SITE-C,Wales,Glass,Tertiary,Exported,1328.06,2024-08-20
REC-1939-2024-Q1-SITE-C-AL01,2024-Q1,ORG-12345,SITE-C,Wales,Aluminium,Tertiary,Supplied as goods,1839.08,2024-04-03
REC-1940-Q2 2024-SITE-C-PL02,2024-Q2,ORG-12345,SITE-C,Wales,Plastic,Tertiary,Supplied as goods,4.77025,2024-09-02
REC-1941-2024-Q1-SITE-E-PC01,2024-Q1,ORG-12345,SITE-E,England,Paper/card,Primary,Exported,3841.7,2024-12-22
REC-1942-Q2 2024-SITE-C-ST01,2024-Q2,ORG-12345,SITE-C,Wales,Steel,Tertiary,Supplied as goods,1.81348,2024-04-20
REC-1943-Q2 2024-SITE-A-OT01,2024-Q2,ORG-12345,SITE-A,England,Other,Secondary,Exported,0.14023,2024-07-08
REC-1944-2024-Q1-SITE-C-GL01,2024-Q1,ORG-12345,SITE-C,Wales,Glass,Shipment,Exported,2697.31,2024-08-01
REC-1945-Q2 2024-SITE-B-FB01,2024-Q2,ORG-12345,SITE-B,Scotland,Fibre-based composite,Primary,Exported,3890.52,2024-11-27
REC-1946-Q4 2024-SITE-B-WD01,,ORG-12345,SITE-B,Scotland,Wood,Tertiary,Exported,3.7512800000000004,2024-09-05
REC-1947-Q4 2024-SITE-A-FB01,,ORG-12345,SITE-A,England,Fibre-based composite,Secondary,Exported,1.8759100000000002,2024-01-16
REC-1948-2024-Q1-SITE-D-PC01,2024-Q1,ORG-12345,SITE-D,Northern Ireland,Paper/card,Primary,Exported,4672.9,2024-09-08
REC-1949-Q2 2024-SITE-E-PL02,2024-Q2,ORG-12345,SITE-E,England,Plastic,Primary,Supplied as goods,2.99351,2024-09-24
REC-1950-2024-Q1-SITE-E-OT01,2024-Q1,ORG-12345,SITE-E,England,Other,Shipment,Exported,3.81984,2024-06-25
REC-1951-2024-Q1-SITE-A-AL01,2024-Q1,ORG-12345,SITE-A,England,Aluminium,Secondary,Exported,4119.71,2024-06-16
REC-1952-2024-Q3-SITE-C-GL01,2024-Q3,ORG-12345,SITE-C,Wales,Glass,Tertiary,Imported,4.08768,2024-02-22
REC-1953-2024-Q1-SITE-D-OT01,2024-Q1,ORG-12345,SITE-D,Northern Ireland,Other,Secondary,Supplied as goods,2516.52,2024-06-08
REC-1954-2024-Q1-SITE-E-PC01,2024-Q1,ORG-12345,SITE-E,England,Paper/card,Primary,Exported,0.51073,2024-03-13
REC-1955-Q2 2024-SITE-B-PL02,2024-Q2,ORG-12345,SITE-B,Scotland,Plastic,Secondary,Imported,1.6256400000000002,2024-02-24
REC-1956-2024-Q3-SITE-E-AL01,2024-Q3,ORG-12345,SITE-E,England,Aluminium,Primary,Imported,1.59187,2024-12-16
REC-1957-Q4 2024-SITE-C-ST01,,ORG-12345,SITE-C,Wales,Steel,Primary,Imported,3.7738899999999997,2024-12-16
REC-1958-2024-Q1-SITE-A-PC01,2024-Q1,ORG-12345,SITE-A,England,Paper/card,Secondary,Exported,0.30766000000000004,2024-09-15
REC-1959-Q2 2024-SITE-C-PL01,2024-Q2,ORG-12345,SITE-C,Wales,Plastic,Secondary,Imported,2.05964,2024-10-28
REC-1960-Q4 2024-SITE-A-AL01,,ORG-12345,SITE-A,England,Aluminium,Primary,Imported,0.88348,2024-03-19
REC-1961-2024-Q3-SITE-A-GL01,2024-Q3,ORG-12345,SITE-A,England,Glass,Tertiary,Exported,2572.94,2024-04-20
REC-1962-Q4 2024-SITE-E-WD01,,ORG-12345,SITE-E,England,Wood,Shipment,Supplied as goods,0.34389,2024-10-11
REC-1963-2024-Q3-SITE-E-ST01,2024-Q3,ORG-12345,SITE-E,England,Steel,Secondary,Supplied as goods,2052.38,2024-05-21
REC-1964-2024-Q1-SITE-A-PL02,2024-Q1,ORG-12345,SITE-A,England,Plastic,Tertiary,Imported,1312.25,2024-11-12
REC-1965-2024-Q1-SITE-E-AL01,2024-Q1,ORG-12345,SITE-E,England,Aluminium,Tertiary,Imported,3.47193,2024-05-21
REC-1966-2024-Q1-SITE-A-GL01,2024-Q1,ORG-12345,SITE-A,England,Glass,Tertiary,Supplied as goods,1.1927400000000001,2024-08-04
REC-1967-2024-Q1-SITE-B-GL01,2024-Q1,ORG-12345,SITE-B,Scotland,Glass,Primary,Imported,4.79903,2024-01-22
REC-1968-2024-Q1-SITE-B-FB01,2024-Q1,ORG-12345,SITE-B,Scotland,Fibre-based composite,Primary,Imported,1.07135,2024-06-29
REC-1969-Q2 2024-SITE-D-FB01,2024-Q2,ORG-12345,SITE-D,Northern Ireland,Fibre-based composite,Secondary,Exported,2618.39,2024-03-29
REC-1970-Q4 2024-SITE-D-AL01,,ORG-12345,SITE-D,Northern Ireland,Aluminium,Secondary,Imported,0.9806,2024-08-25
REC-1971-2024-Q1-SITE-A-PL01,2024-Q1,ORG-12345,SITE-A,England,Plastic,Secondary,Supplied as goods,2.1948000000000003,2024-09-05
REC-1972-2024-Q3-SITE-B-OT01,2024-Q3,ORG-12345,SITE-B,Scotland,Other,Secondary,Supplied as goods,2096.35,2024-04-14
REC-1973-Q4 2024-SITE-E-FB01,,ORG-12345,SITE-E,England,Fibre-based composite,Tertiary,Supplied as goods,2.39251,2024-06-18
REC-1974-Q4 2024-SITE-D-AL01,,ORG-12345,SITE-D,Northern Ireland,Aluminium,Secondary,Supplied as goods,3457.73,2024-04-06
REC-1975-Q4 2024-SITE-B-WD01,,ORG-12345,SITE-B,Scotland,Wood,Primary,Imported,4.52879,2024-05-06
REC-1976-2024-Q3-SITE-C-OT01,2024-Q3,ORG-12345,SITE-C,Wales,Other,Shipment,Exported,4.67318,2024-05-24
REC-1977-2024-Q1-SITE-D-PL02,2024-Q1,ORG-12345,SITE-D,Northern Ireland,Plastic,Secondary,Exported,2606.58,2024-10-31
REC-1978-Q2 2024-SITE-E-PL02,2024-Q2,ORG-12345,SITE-E,England,Plastic,Primary,Imported,1.2978900000000002,2024-09-25
REC-1979-Q4 2024-SITE-E-OT01,,ORG-12345,SITE-E,England,Other,Primary,Supplied as goods,4795.18,2024-07-07
REC-1980-2024-Q3-SITE-D-PL01,2024-Q3,ORG-12345,SITE-D,Northern Ireland,Plastic,Secondary,Supplied as goods,977.49,2024-06-02
REC-1981-Q4 2024-SITE-A-AL01,,ORG-12345,SITE-A,England,Aluminium,Tertiary,Imported,3365.69,2024-11-29
REC-1982-Q4 2024-SITE-C-AL01,,ORG-12345,SITE-C,Wales,Aluminium,Primary,Imported,276.73,2024-10-13
REC-1983-2024-Q1-SITE-A-PC01,2024-Q1,ORG-12345,SITE-A,England,Paper/card,Secondary,Supplied as goods,2.18257,2024-03-25
REC-1984-2024-Q1-SITE-E-AL01,2024-Q1,ORG-12345,SITE-E,England,Aluminium,Secondary,Supplied as goods,1064.55,2024-12-28
REC-1985-2024-Q3-SITE-B-OT01,2024-Q3,ORG-12345,SITE-B,Scotland,Other,Secondary,Exported,0.72182,2024-02-02
REC-1986-Q4 2024-SITE-E-ST01,,ORG-12345,SITE-E,England,Steel,Primary,Exported,2075.23,2024-03-02
REC-1987-Q2 2024-SITE-E-PC01,2024-Q2,ORG-12345,SITE-E,England,Paper/card,Primary,Exported,637.96,2024-09-14
REC-1988-Q2 2024-SITE-D-ST01,2024-Q2,ORG-12345,SITE-D,Northern Ireland,Steel,Shipment,Supplied as goods,3.30362,2024-07-02
REC-1989-Q4 2024-SITE-A-PL02,,ORG-12345,SITE-A,England,Plastic,Primary,Exported,2935.25,2024-07-11
REC-1990-2024-Q1-SITE-A-PC01,2024-Q1,ORG-12345,SITE-A,England,Paper/card,Tertiary,Imported,2.80362,2024-11-02
REC-1991-2024-Q1-SITE-B-PL01,2024-Q1,ORG-12345,SITE-B,Scotland,Plastic,Tertiary,Imported,1.0031,2024-04-15
REC-1992-2024-Q1-SITE-D-AL01,2024-Q1,ORG-12345,SITE-D,Northern Ireland,Aluminium,Tertiary,Supplied as goods,1028.34,2024-09-01
REC-1993-2024-Q3-SITE-C-AL01,2024-Q3,ORG-12345,SITE-C,Wales,Aluminium,Shipment,Supplied as goods,0.20588,2024-08-23
REC-1994-Q4 2024-SITE-D-GL01,,ORG-12345,SITE-D,Northern Ireland,Glass,Tertiary,Supplied as goods,4.17642,2024-04-11
REC-1995-2024-Q1-SITE-A-PC01,2024-Q1,ORG-12345,SITE-A,England,Paper/card,Primary,Exported,916.72,2024-05-02
REC-1996-2024-Q3-SITE-B-PL02,2024-Q3,ORG-12345,SITE-B,Scotland,Plastic,Primary,Imported,0.58678,2024-10-07
REC-1997-Q2 2024-SITE-D-OT01,2024-Q2,ORG-12345,SITE-D,Northern Ireland,Other,Tertiary,Exported,4752.34,2024-10-13
REC-1998-2024-Q3-SITE-C-AL01,2024-Q3,ORG-12345,SITE-C,Wales,Aluminium,Secondary,Imported,902.07,2024-11-20
REC-1999-Q4 2024-SITE-D-AL01,,ORG-12345,SITE-D,Northern Ireland,Aluminium,Tertiary,Supplied as goods,1021.53,2024-11-07
REC-2000-2024-Q1-SITE-B-PL02,2024-Q1,ORG-12345,SITE-B,Scotland,Plastic,Tertiary,Exported,0.6775599999999999,2024-09-16
REC-2001-2024Q2-SITE-A-FB01,2024-Q2,ORG-12345,SITE-A,England,Fibre-based composite,Tertiary,Exported,3.57662,2024-05-12
REC-2002-2024-Q1-SITE-B-GL01,2024-Q1,ORG-12345,SITE-B,Scotland,Glass,Primary,Supplied as goods,2.5666599999999997,2024-10-09
REC-2003-2024-Q1-SITE-B-OT01,2024-Q1,ORG-12345,SITE-B,Scotland,Other,Primary,Imported,1.34264,2024-09-22
REC-2004-Q2 2024-SITE-E-AL01,2024-Q2,ORG-12345,SITE-E,England,Aluminium,Primary,Supplied as goods,3.50894,2024-08-28
REC-2005-Q4 2024-SITE-C-PL02,,ORG-12345,SITE-C,Wales,Plastic,Secondary,Exported,3.18758,2024-12-28
REC-2006-2024-Q1-SITE-A-ST01,2024-Q1,ORG-12345,SITE-A,England,Steel,Tertiary,Imported,0.1983,2024-01-30
REC-2007-Q2 2024-SITE-A-PL02,2024-Q2,ORG-12345,SITE-A,England,Plastic,Secondary,Supplied as goods,3.79991,2024-03-15
REC-2008-2024-Q1-SITE-E-WD01,2024-Q1,ORG-12345,SITE-E,England,Wood,Tertiary,Exported,3.25536,2024-03-31
REC-2009-2024-Q3-SITE-C-PC01,2024-Q3,ORG-12345,SITE-C,Wales,Paper/card,Secondary,Imported,3377.28,2024-02-27
REC-2010-Q4 2024-SITE-C-OT01,,ORG-12345,SITE-C,Wales,Other,Tertiary,Supplied as goods,3021.72,2024-02-23
REC-2011-Q4 2024-SITE-C-GL01,,ORG-12345,SITE-C,Wales,Glass,Primary,Imported,2.53201,2024-02-04
REC-2012-2024-Q3-SITE-A-OT01,2024-Q3,ORG-12345,SITE-A,England,Other,Secondary,Imported,0.17994,2024-07-26
REC-2013-Q2 2024-SITE-E-PC01,2024-Q2,ORG-12345,SITE-E,England,Paper/card,Tertiary,Imported,,2024-07-26
REC-2014-Q2 2024-SITE-E-PL02,2024-Q2,ORG-12345,SITE-E,England,Plastic,Primary,Imported,788.9,2024-07-22
REC-2015-2024-Q1-SITE-A-UNKNOWN,2024-Q1,ORG-12345,SITE-A,England,,Secondary,Imported,4116.81,2024-09-11
REC-2016-2024-Q3-SITE-E-PL01,2024-Q3,ORG-12345,SITE-E,England,Plastic,Secondary,Supplied as goods,1239.93,2024-11-29
REC-2017-2024-Q1-SITE-Z-OT01,2024-Q1,ORG-12345,SITE-Z,,Other,Primary,Supplied as goods,369.35,2024-05-23
REC-2018-2024-Q3-SITE-C-OT01,2024-Q3,ORG-12345,SITE-C,Wales,Other,Primary,Exported,4.58041,2024-04-14
REC-2019-Q2 2024-SITE-E-OT01,2024-Q2,ORG-12345,SITE-E,England,Other,Secondary,Imported,4.40825,2024-04-20
REC-2020-2024-Q1-SITE-B-OT01,2024-Q1,ORG-12345,SITE-B,Scotland,Other,Tertiary,Supplied as goods,2.02856,2025-01-05
REC-2021-2024-Q3-SITE-E-FB01,2024-Q3,ORG-12345,SITE-E,England,Fibre-based composite,Shipment,Exported,1.5110000000000001,2024-06-15
REC-2022-Q4 2024-SITE-C-GL01,,ORG-12345,SITE-C,Wales,Glass,Primary,Supplied as goods,4.40326,2024-03-08
REC-2023-2024-Q3-SITE-D-ST01,2024-Q3,ORG-12345,SITE-D,Northern Ireland,Steel,Tertiary,Imported,0.45673,2024-08-01
REC-2024-Q4 2024-SITE-B-GL01,,ORG-12345,SITE-B,Scotland,Glass,Secondary,Imported,3.80041,2024-12-25
REC-2025-2024-Q1-SITE-B-PC01,2024-Q1,ORG-12345,SITE-B,Scotland,Paper/card,Secondary,Exported,3431.76,2024-02-27
REC-2026-2024-Q1-SITE-C-WD01,2024-Q1,ORG-12345,SITE-C,Wales,Wood,Secondary,Imported,2085.4,2024-03-10
REC-2027-2024-Q3-SITE-C-PC01,2024-Q3,ORG-12345,SITE-C,Wales,Paper/card,Primary,Exported,3.50216,2024-03-23
REC-2028-2024-Q3-SITE-A-WD01,2024-Q3,ORG-12345,SITE-A,England,Wood,Shipment,Exported,354.57,2024-12-07
REC-2029-2024-Q3-SITE-B-PL01,2024-Q3,ORG-12345,SITE-B,Scotland,Plastic,Tertiary,Imported,1.2321400000000002,2024-10-10
REC-2030-Q2 2024-SITE-D-ST01,2024-Q2,ORG-12345,SITE-D,Northern Ireland,Steel,Shipment,Imported,4.423229999999999,2024-03-07
REC-2031-2024-Q1-SITE-A-PL02,2024-Q1,ORG-12345,SITE-A,England,Plastic,Primary,Exported,3019.28,2024-04-25
REC-2032-Q2 2024-SITE-D-AL01,2024-Q2,ORG-12345,SITE-D,Northern Ireland,Aluminium,Shipment,Supplied as goods,3.17282,2024-08-09
REC-2033-2024-Q1-SITE-A-PC01,2024-Q1,ORG-12345,SITE-A,England,Paper/card,Primary,Supplied as goods,4.41779,2024-09-29
REC-2034-Q4 2024-SITE-D-WD01,,ORG-12345,SITE-D,Northern Ireland,Wood,Tertiary,Imported,4.95754,2024-10-09
REC-2035-2024-Q1-SITE-A-PL01,2024-Q1,ORG-12345,SITE-A,England,Plastic,Primary,Supplied as goods,1.08308,2024-08-14
REC-2036-Q4 2024-SITE-B-PL02,,ORG-12345,SITE-B,Scotland,Plastic,Shipment,Supplied as goods,4.1961,2024-09-12
REC-2037-2024-Q1-SITE-D-WD01,2024-Q1,ORG-12345,SITE-D,Northern Ireland,Wood,Secondary,Exported,1.45406,2024-12-28
REC-2038-2024-Q1-SITE-B-AL01,2024-Q1,ORG-12345,SITE-B,Scotland,Aluminium,Secondary,Imported,3068.23,2024-06-22
REC-2039-2024-Q3-SITE-A-PL02,2024-Q3,ORG-12345,SITE-A,England,Plastic,Tertiary,Supplied as goods,4360.67,2024-05-12
REC-2040-Q2 2024-SITE-E-FB01,2024-Q2,ORG-12345,SITE-E,England,Fibre-based composite,Shipment,Imported,1.7476,2024-04-23
REC-2041-Q2 2024-SITE-E-GL01,2024-Q2,ORG-12345,SITE-E,England,Glass,Tertiary,Exported,0.83051,2024-05-16
REC-2042-2024-Q3-SITE-A-WD01,2024-Q3,ORG-12345,SITE-A,England,Wood,Secondary,Imported,1.72159,2025-01-05
REC-2043-2024-Q1-SITE-C-ST01,2024-Q1,ORG-12345,SITE-C,Wales,Steel,Primary,Exported,2.7037199999999997,2024-05-15
REC-2044-2024-Q1-SITE-E-WD01,2024-Q1,ORG-12345,SITE-E,England,Wood,Secondary,Imported,2.20509,2024-03-20
REC-2045-Q2 2024-SITE-A-FB01,2024-Q2,ORG-12345,SITE-A,England,Fibre-based composite,Tertiary,Supplied as goods,4.69728,2024-08-01
REC-2046-Q2 2024-SITE-D-FB01,2024-Q2,ORG-12345,SITE-D,Northern Ireland,Fibre-based composite,Shipment,Supplied as goods,4.09995,2024-09-04
REC-2047-2024-Q3-SITE-B-PL02,2024-Q3,ORG-12345,SITE-B,Scotland,Plastic,Secondary,Exported,1.1036199999999998,2024-07-15
REC-2048-2024-Q1-SITE-D-PL01,2024-Q1,ORG-12345,SITE-D,Northern Ireland,Plastic,Tertiary,Imported,2.56993,2024-11-30
REC-2049-Q2 2024-SITE-E-WD01,2024-Q2,ORG-12345,SITE-E,England,Wood,Secondary,Exported,3.23855,2024-05-29
REC-2050-2024-Q1-SITE-E-ST01,2024-Q1,ORG-12345,SITE-E,England,Steel,Tertiary,Supplied as goods,623.35,2024-08-31
REC-2051-2024-Q1-SITE-D-AL01,2024-Q1,ORG-12345,SITE-D,Northern Ireland,Aluminium,Secondary,Imported,1.22526,2024-05-13
REC-2052-Q4 2024-SITE-C-PC01,,ORG-12345,SITE-C,Wales,Paper/card,Shipment,Exported,0.6644800000000001,2025-01-04
REC-2053-2024-Q3-SITE-C-PL01,2024-Q3,ORG-12345,SITE-C,Wales,Plastic,Shipment,Supplied as goods,2.56163,2024-04-17
REC-2054-Q4 2024-SITE-D-PL01,,ORG-12345,SITE-D,Northern Ireland,Plastic,Tertiary,Imported,4.95988,2024-11-03
REC-2055-2024-Q3-SITE-A-FB01,2024-Q3,ORG-12345,SITE-A,England,Fibre-based composite,Tertiary,Exported,1517.24,2024-10-15
REC-2056-2024-Q3-SITE-B-PC01,2024-Q3,ORG-12345,SITE-B,Scotland,Paper/card,Shipment,Imported,3.2020500000000003,2024-03-07
REC-2057-Q2 2024-SITE-B-ST01,2024-Q2,ORG-12345,SITE-B,Scotland,Steel,Primary,Exported,4.44233,2024-04-18
REC-2058-2024-Q1-SITE-D-AL01,2024-Q1,ORG-12345,SITE-D,Northern Ireland,Aluminium,Secondary,Supplied as goods,3892.53,2024-11-28
REC-2059-Q4 2024-SITE-D-PL01,,ORG-12345,SITE-D,Northern Ireland,Plastic,Shipment,Imported,0.81725,2024-12-08
REC-2060-Q2 2024-SITE-E-WD01,2024-Q2,ORG-12345,SITE-E,England,Wood,Primary,Exported,1.11874,2024-12-23
REC-2061-2024-Q1-SITE-E-PC01,2024-Q1,ORG-12345,SITE-E,England,Paper/card,Tertiary,Supplied as goods,4.497680000000001,2024-01-16
REC-2062-Q4 2024-SITE-E-PC01,,ORG-12345,SITE-E,England,Paper/card,Secondary,Exported,0.63314,2024-01-30
REC-2063-Q2 2024-SITE-E-OT01,2024-Q2,ORG-12345,SITE-E,England,Other,Tertiary,Supplied as goods,2060.84,2024-12-18
REC-2064-Q4 2024-SITE-C-ST01,,ORG-12345,SITE-C,Wales,Steel,Primary,Exported,1943.05,2024-02-21
REC-2065-Q2 2024-SITE-A-AL01,2024-Q2,ORG-12345,SITE-A,England,Aluminium,Primary,Exported,2435.55,2024-10-11
REC-2066-Q2 2024-SITE-C-PC01,2024-Q2,ORG-12345,SITE-C,Wales,Paper/card,Shipment,Imported,4.9033500000000005,2024-08-06
REC-2067-2024-Q3-SITE-E-OT01,2024-Q3,ORG-12345,SITE-E,England,Other,Primary,Supplied as goods,2958.68,2024-02-04
REC-2068-2024-Q1-SITE-A-PL01,2024-Q1,ORG-12345,SITE-A,England,Plastic,Tertiary,Supplied as goods,2.41817,2024-10-04
REC-2069-2024-Q1-SITE-A-FB01,2024-Q1,ORG-12345,SITE-A,England,Fibre-based composite,Shipment,Imported,4541.33,2024-07-31
REC-2070-2024-Q3-SITE-E-OT01,2024-Q3,ORG-12345,SITE-E,England,Other,Primary,Supplied as goods,0.45201,2024-02-08
REC-2071-2024-Q3-SITE-A-PL02,2024-Q3,ORG-12345,SITE-A,England,Plastic,Secondary,Exported,327.13,2024-11-20
REC-2072-Q2 2024-SITE-D-PL02,2024-Q2,ORG-12345,SITE-D,Northern Ireland,Plastic,Tertiary,Exported,1640.89,2024-10-08
REC-2073-2024-Q1-SITE-B-AL01,2024-Q1,ORG-12345,SITE-B,Scotland,Aluminium,Tertiary,Exported,4749.65,2024-07-21
REC-2074-Q4 2024-SITE-D-AL01,,ORG-12345,SITE-D,Northern Ireland,Aluminium,Tertiary,Imported,1387.1,2024-06-07
REC-2075-Q4 2024-SITE-B-FB01,,ORG-12345,SITE-B,Scotland,Fibre-based composite,Primary,Supplied as goods,3585.86,2024-12-23
REC-2076-Q4 2024-SITE-D-GL01,,ORG-12345,SITE-D,Northern Ireland,Glass,Shipment,Supplied as goods,1.75552,2024-02-08
REC-2077-2024-Q1-SITE-C-GL01,2024-Q1,ORG-12345,SITE-C,Wales,Glass,Shipment,Exported,4.6658,2024-10-09
REC-2078-Q4 2024-SITE-B-OT01,,ORG-12345,SITE-B,Scotland,Other,Secondary,Supplied as goods,4.85297,2024-02-29
REC-2079-2024-Q3-SITE-B-GL01,2024-Q3,ORG-12345,SITE-B,Scotland,Glass,Secondary,Imported,3.58885,2024-03-10
REC-2080-2024-Q1-SITE-B-WD01,2024-Q1,ORG-12345,SITE-B,Scotland,Wood,Shipment,Supplied as goods,2.34806,2024-11-18
REC-2081-2024-Q3-SITE-B-GL01,2024-Q3,ORG-12345,SITE-B,Scotland,Glass,Primary,Imported,607.47,2024-09-10
REC-2082-Q2 2024-SITE-A-WD01,2024-Q2,ORG-12345,SITE-A,England,Wood,Shipment,Exported,4883.34,2024-08-31
REC-2083-2024-Q1-SITE-E-PL02,2024-Q1,ORG-12345,SITE-E,England,Plastic,Tertiary,Exported,1518.8,2024-04-10
REC-2084-2024-Q1-SITE-E-PC01,2024-Q1,ORG-12345,SITE-E,England,Paper/card,Primary,Supplied as goods,4327.41,2024-08-22
REC-2085-2024-Q1-SITE-C-ST01,2024-Q1,ORG-12345,SITE-C,Wales,Steel,Secondary,Supplied as goods,1.22071,2024-09-11
REC-2086-Q2 2024-SITE-E-OT01,2024-Q2,ORG-12345,SITE-E,England,Other,Primary,Supplied as goods,4529.96,2024-02-22
REC-2087-Q2 2024-SITE-E-PL01,2024-Q2,ORG-12345,SITE-E,England,Plastic,Tertiary,Supplied as goods,3213.36,2024-12-01
REC-2088-2024-Q3-SITE-B-AL01,2024-Q3,ORG-12345,SITE-B,Scotland,Aluminium,Secondary,Exported,4656.4,2024-09-22
REC-2089-Q2 2024-SITE-E-WD01,2024-Q2,ORG-12345,SITE-E,England,Wood,Primary,Imported,4.33959,2024-10-04
REC-2090-2024-Q3-SITE-A-GL01,2024-Q3,ORG-12345,SITE-A,England,Glass,Shipment,Exported,4979.78,2024-11-03
REC-2091-2024-Q1-SITE-D-WD01,2024-Q1,ORG-12345,SITE-D,Northern Ireland,Wood,Tertiary,Supplied as goods,2489.49,2024-09-15
REC-2092-Q2 2024-SITE-E-PL01,2024-Q2,ORG-12345,SITE-E,England,Plastic,Secondary,Imported,1217.95,2024-07-19
REC-2093-Q2 2024-SITE-B-PL01,2024-Q2,ORG-12345,SITE-B,Scotland,Plastic,Secondary,Exported,0.76097,2024-07-11
REC-2094-2024-Q1-SITE-C-PC01,2024-Q1,ORG-12345,SITE-C,Wales,Paper/card,Tertiary,Supplied as goods,476.64,2024-10-17
REC-2095-Q2 2024-SITE-A-WD01,2024-Q2,ORG-12345,SITE-A,England,Wood,Primary,Exported,1.3613,2024-11-02
REC-2096-2024-Q1-SITE-E-GL01,2024-Q1,ORG-12345,SITE-E,England,Glass,Secondary,Exported,2019.76,2024-11-12
REC-2097-2024-Q3-SITE-E-OT01,2024-Q3,ORG-12345,SITE-E,England,Other,Tertiary,Exported,1379.16,2024-01-23
REC-2098-Q2 2024-SITE-E-GL01,2024-Q2,ORG-12345,SITE-E,England,Glass,Primary,Supplied as goods,4.26182,2024-10-18
REC-2099-2024-Q3-SITE-E-FB01,2024-Q3,ORG-12345,SITE-E,England,Fibre-based composite,Tertiary,Exported,3597.92,2024-03-21
REC-2100-2024-Q3-SITE-A-ST01,2024-Q3,ORG-12345,SITE-A,England,Steel,Shipment,Imported,4.23837,2024-09-02
REC-2101-2024Q2-SITE-D-OT01,2024-Q2,ORG-12345,SITE-D,Northern Ireland,Other,Shipment,Imported,4.81403,2024-04-15
REC-2102-Q2 2024-SITE-B-AL01,2024-Q2,ORG-12345,SITE-B,Scotland,Aluminium,Shipment,Imported,2265.52,2024-11-25
REC-2103-Q4 2024-SITE-D-WD01,,ORG-12345,SITE-D,Northern Ireland,Wood,Primary,Imported,3.91223,2024-10-13
REC-2104-Q4 2024-SITE-E-WD01,,ORG-12345,SITE-E,England,Wood,Secondary,Exported,792.09,2024-04-02
REC-2105-2024-Q3-SITE-A-GL01,2024-Q3,ORG-12345,SITE-A,England,Glass,Secondary,Exported,2.90518,2024-10-09
REC-2106-2024-Q1-SITE-C-PL01,2024-Q1,ORG-12345,SITE-C,Wales,Plastic,Secondary,Exported,0.97187,2024-05-31
REC-2107-2024-Q3-SITE-D-PL01,2024-Q3,ORG-12345,SITE-D,Northern Ireland,Plastic,Tertiary,Imported,3790.06,2024-03-15
REC-2108-Q2 2024-SITE-E-PL01,2024-Q2,ORG-12345,SITE-E,England,Plastic,Primary,Exported,667.89,2024-07-08
REC-2109-Q4 2024-SITE-D-PC01,,ORG-12345,SITE-D,Northern Ireland,Paper/card,Secondary,Imported,953.65,2024-03-26
REC-2110-2024-Q3-SITE-B-PC01,2024-Q3,ORG-12345,SITE-B,Scotland,Paper/card,Tertiary,Exported,1.5061099999999998,2024-05-07
REC-2111-Q2 2024-SITE-D-AL01,2024-Q2,ORG-12345,SITE-D,Northern Ireland,Aluminium,Shipment,Exported,4675.95,2024-02-24
REC-2112-2024-Q3-SITE-B-PC01,2024-Q3,ORG-12345,SITE-B,Scotland,Paper/card,Primary,Exported,3819.42,2024-04-09
REC-2113-2024-Q3-SITE-C-GL01,2024-Q3,ORG-12345,SITE-C,Wales,Glass,Secondary,Exported,,2024-05-08
REC-2114-2024-Q1-SITE-C-OT01,2024-Q1,ORG-12345,SITE-C,Wales,Other,Primary,Exported,3567.55,2024-09-21
REC-2115-2024-Q3-SITE-A-UNKNOWN,2024-Q3,ORG-12345,SITE-A,England,,Secondary,Imported,4750.41,2024-12-28
REC-2116-2024-Q1-SITE-C-ST01,2024-Q1,ORG-12345,SITE-C,Wales,Steel,Tertiary,Imported,1.1598199999999999,2024-10-03
REC-2117-2024-Q1-SITE-Z-PL02,2024-Q1,ORG-12345,SITE-Z,,Plastic,Tertiary,Supplied as goods,4573.71,2024-10-08
REC-2118-2024-Q3-SITE-A-PC01,2024-Q3,ORG-12345,SITE-A,England,Paper/card,Shipment,Supplied as goods,1.3822100000000002,2024-08-03
REC-2119-2024-Q3-SITE-C-ST01,2024-Q3,ORG-12345,SITE-C,Wales,Steel,Primary,Imported,1.50357,2024-03-09
REC-2120-Q4 2024-SITE-D-AL01,,ORG-12345,SITE-D,Northern Ireland,Aluminium,Tertiary,Supplied as goods,1.86225,2024-10-09
REC-2121-2024-Q1-SITE-A-PL02,2024-Q1,ORG-12345,SITE-A,England,Plastic,Primary,Imported,2264.27,2024-05-30
REC-2122-2024-Q1-SITE-A-GL01,2024-Q1,ORG-12345,SITE-A,England,Glass,Tertiary,Exported,4021.79,2024-04-14
REC-2123-Q4 2024-SITE-E-WD01,,ORG-12345,SITE-E,England,Wood,Secondary,Exported,2.6696,2024-02-14
REC-2124-Q2 2024-SITE-B-GL01,2024-Q2,ORG-12345,SITE-B,Scotland,Glass,Tertiary,Imported,83.3,2024-10-10
REC-2125-Q4 2024-SITE-C-OT01,,ORG-12345,SITE-C,Wales,Other,Tertiary,Imported,2.04086,2024-02-13
REC-2126-Q4 2024-SITE-E-PC01,,ORG-12345,SITE-E,England,Paper/card,Tertiary,Exported,2556.88,2024-06-15
REC-2127-2024-Q3-SITE-C-GL01,2024-Q3,ORG-12345,SITE-C,Wales,Glass,Primary,Imported,3545.2,2024-11-11
REC-2128-Q2 2024-SITE-B-FB01,2024-Q2,ORG-12345,SITE-B,Scotland,Fibre-based composite,Secondary,Imported,3948.66,2024-11-24
REC-2129-Q2 2024-SITE-A-PL02,2024-Q2,ORG-12345,SITE-A,England,Plastic,Primary,Exported,2169.13,2024-02-04
REC-2130-Q2 2024-SITE-E-PL01,2024-Q2,ORG-12345,SITE-E,England,Plastic,Primary,Imported,1.89389,2024-05-15
REC-2131-Q2 2024-SITE-A-GL01,2024-Q2,ORG-12345,SITE-A,England,Glass,Tertiary,Supplied as goods,4006.59,2024-06-28
REC-2132-Q2 2024-SITE-E-PC01,2024-Q2,ORG-12345,SITE-E,England,Paper/card,Secondary,Supplied as goods,2632.85,2024-03-06
REC-2133-Q4 2024-SITE-D-ST01,,ORG-12345,SITE-D,Northern Ireland,Steel,Secondary,Imported,4263.05,2024-09-26
REC-2134-Q4 2024-SITE-C-AL01,,ORG-12345,SITE-C,Wales,Aluminium,Secondary,Imported,4499.4,2024-01-18
REC-2135-2024-Q3-SITE-C-GL01,2024-Q3,ORG-12345,SITE-C,Wales,Glass,Secondary,Exported,4.92471,2024-02-19
REC-2136-Q2 2024-SITE-B-OT01,2024-Q2,ORG-12345,SITE-B,Scotland,Other,Primary,Supplied as goods,3.55245,2024-03-19
REC-2137-2024-Q1-SITE-C-AL01,2024-Q1,ORG-12345,SITE-C,Wales,Aluminium,Shipment,Supplied as goods,4.39939,2024-07-26
REC-2138-Q2 2024-SITE-D-PL01,2024-Q2,ORG-12345,SITE-D,Northern Ireland,Plastic,Primary,Exported,1261.5,2024-10-24
REC-2139-2024-Q1-SITE-D-WD01,2024-Q1,ORG-12345,SITE-D,Northern Ireland,Wood,Secondary,Supplied as goods,2685.94,2024-09-04
REC-2140-2024-Q3-SITE-D-GL01,2024-Q3,ORG-12345,SITE-D,Northern Ireland,Glass,Tertiary,Supplied as goods,4504.27,2024-07-18
REC-2141-2024-Q1-SITE-B-OT01,2024-Q1,ORG-12345,SITE-B,Scotland,Other,Tertiary,Imported,2444.98,2024-03-27
REC-2142-Q2 2024-SITE-E-PL02,2024-Q2,ORG-12345,SITE-E,England,Plastic,Shipment,Exported,3722.41,2024-03-07
REC-2143-Q4 2024-SITE-A-FB01,,ORG-12345,SITE-A,England,Fibre-based composite,Primary,Exported,4351.7,2024-02-16
REC-2144-Q2 2024-SITE-E-WD01,2024-Q2,ORG-12345,SITE-E,England,Wood,Tertiary,Supplied as goods,1.03169,2024-06-29
REC-2145-Q2 2024-SITE-D-GL01,2024-Q2,ORG-12345,SITE-D,Northern Ireland,Glass,Primary,Supplied as goods,2.90441,2024-08-20
REC-2146-Q2 2024-SITE-B-PC01,2024-Q2,ORG-12345,SITE-B,Scotland,Paper/card,Tertiary,Exported,423.05,2024-04-09
REC-2147-Q2 2024-SITE-E-PC01,2024-Q2,ORG-12345,SITE-E,England,Paper/card,Tertiary,Imported,3.5272300000000003,2024-10-25
REC-2148-Q2 2024-SITE-D-ST01,2024-Q2,ORG-12345,SITE-D,Northern Ireland,Steel,Secondary,Imported,654.67,2024-08-03
REC-2149-Q4 2024-SITE-C-ST01,,ORG-12345,SITE-C,Wales,Steel,Primary,Supplied as goods,2876.67,2024-03-14
REC-2150-Q2 2024-SITE-A-GL01,2024-Q2,ORG-12345,SITE-A,England,Glass,Secondary,Exported,4133.1,2024-04-13
REC-2151-Q4 2024-SITE-E-WD01,,ORG-12345,SITE-E,England,Wood,Primary,Supplied as goods,0.32442000000000004,2024-09-25
REC-2152-Q2 2024-SITE-B-PL02,2024-Q2,ORG-12345,SITE-B,Scotland,Plastic,Primary,Imported,3554.2,2024-03-31
REC-2153-2024-Q3-SITE-B-PL01,2024-Q3,ORG-12345,SITE-B,Scotland,Plastic,Tertiary,Exported,3.77611,2024-02-11
REC-2154-Q4 2024-SITE-C-OT01,,ORG-12345,SITE-C,Wales,Other,Primary,Supplied as goods,0.2364,2024-12-31
REC-2155-Q2 2024-SITE-C-WD01,2024-Q2,ORG-12345,SITE-C,Wales,Wood,Shipment,Exported,2554.28,2025-01-09
REC-2156-Q4 2024-SITE-E-PC01,,ORG-12345,SITE-E,England,Paper/card,Tertiary,Exported,1.81895,2024-02-04
REC-2157-2024-Q1-SITE-D-AL01,2024-Q1,ORG-12345,SITE-D,Northern Ireland,Aluminium,Primary,Imported,4.89105,2024-11-03
REC-2158-2024-Q1-SITE-B-PC01,2024-Q1,ORG-12345,SITE-B,Scotland,Paper/card,Primary,Imported,0.37872000000000006,2024-03-31
REC-2159-2024-Q1-SITE-A-GL01,2024-Q1,ORG-12345,SITE-A,England,Glass,Tertiary,Exported,4712.05,2024-04-25
REC-2160-Q2 2024-SITE-A-WD01,2024-Q2,ORG-12345,SITE-A,England,Wood,Secondary,Exported,4.345890000000001,2024-11-05
REC-2161-2024-Q1-SITE-A-FB01,2024-Q1,ORG-12345,SITE-A,England,Fibre-based composite,Secondary,Supplied as goods,1091.56,2024-08-05
REC-2162-Q2 2024-SITE-B-PL01,2024-Q2,ORG-12345,SITE-B,Scotland,Plastic,Tertiary,Supplied as goods,3.67219,2024-12-31
REC-2163-2024-Q1-SITE-A-WD01,2024-Q1,ORG-12345,SITE-A,England,Wood,Secondary,Imported,3.7756700000000003,2024-12-24
REC-2164-Q2 2024-SITE-B-PL02,2024-Q2,ORG-12345,SITE-B,Scotland,Plastic,Primary,Supplied as goods,1.94378,2024-03-16
REC-2165-Q2 2024-SITE-B-PL01,2024-Q2,ORG-12345,SITE-B,Scotland,Plastic,Secondary,Supplied as goods,3628.85,2024-05-03
REC-2166-Q2 2024-SITE-C-PL01,2024-Q2,ORG-12345,SITE-C,Wales,Plastic,Secondary,Exported,1002.6,2024-01-21
REC-2167-2024-Q1-SITE-E-GL01,2024-Q1,ORG-12345,SITE-E,England,Glass,Secondary,Exported,4390.52,2024-06-07
REC-2168-Q2 2024-SITE-E-GL01,2024-Q2,ORG-12345,SITE-E,England,Glass,Primary,Supplied as goods,1458.03,2024-01-19
REC-2169-2024-Q1-SITE-B-PC01,2024-Q1,ORG-12345,SITE-B,Scotland,Paper/card,Primary,Supplied as goods,3001.8,2024-04-23
REC-2170-Q2 2024-SITE-A-PC01,2024-Q2,ORG-12345,SITE-A,England,Paper/card,Secondary,Exported,1.9334500000000001,2024-12-21
REC-2171-Q2 2024-SITE-A-PC01,2024-Q2,ORG-12345,SITE-A,England,Paper/card,Primary,Exported,2.93812,2024-03-15
REC-2172-2024-Q3-SITE-E-GL01,2024-Q3,ORG-12345,SITE-E,England,Glass,Secondary,Supplied as goods,2148.12,2024-07-20
REC-2173-2024-Q1-SITE-C-FB01,2024-Q1,ORG-12345,SITE-C,Wales,Fibre-based composite,Secondary,Supplied as goods,1.09946,2024-04-03
REC-2174-2024-Q3-SITE-A-PL01,2024-Q3,ORG-12345,SITE-A,England,Plastic,Primary,Imported,4654.42,2024-04-06
REC-2175-2024-Q1-SITE-B-WD01,2024-Q1,ORG-12345,SITE-B,Scotland,Wood,Primary,Exported,2.49954,2024-02-27
REC-2176-Q2 2024-SITE-B-FB01,2024-Q2,ORG-12345,SITE-B,Scotland,Fibre-based composite,Secondary,Exported,0.16078,2024-10-12
REC-2177-Q2 2024-SITE-A-PL02,2024-Q2,ORG-12345,SITE-A,England,Plastic,Secondary,Imported,1.34226,2024-06-09
REC-2178-Q4 2024-SITE-D-PL01,,ORG-12345,SITE-D,Northern Ireland,Plastic,Primary,Supplied as goods,667.24,2024-12-07
REC-2179-2024-Q1-SITE-E-WD01,2024-Q1,ORG-12345,SITE-E,England,Wood,Secondary,Imported,4470.56,2024-08-28
REC-2180-2024-Q3-SITE-B-PC01,2024-Q3,ORG-12345,SITE-B,Scotland,Paper/card,Secondary,Imported,2.1545900000000002,2024-03-09
REC-2181-2024-Q1-SITE-A-GL01,2024-Q1,ORG-12345,SITE-A,England,Glass,Tertiary,Imported,2.3356399999999997,2024-02-14
REC-2182-Q4 2024-SITE-A-PL02,,ORG-12345,SITE-A,England,Plastic,Tertiary,Exported,0.65705,2024-05-11
REC-2183-Q2 2024-SITE-D-PL02,2024-Q2,ORG-12345,SITE-D,Northern Ireland,Plastic,Secondary,Imported,1.41704,2024-10-05
REC-2184-2024-Q1-SITE-D-PL01,2024-Q1,ORG-12345,SITE-D,Northern Ireland,Plastic,Shipment,Supplied as goods,2608.42,2024-11-13
REC-2185-Q4 2024-SITE-A-PL01,,ORG-12345,SITE-A,England,Plastic,Tertiary,Exported,585.5,2024-04-24
REC-2186-Q4 2024-SITE-A-OT01,,ORG-12345,SITE-A,England,Other,Primary,Imported,2.29217,2024-05-11
REC-2187-2024-Q3-SITE-C-PC01,2024-Q3,ORG-12345,SITE-C,Wales,Paper/card,Primary,Supplied as goods,4074.34,2024-06-16
REC-2188-2024-Q1-SITE-A-AL01,2024-Q1,ORG-12345,SITE-A,England,Aluminium,Tertiary,Imported,0.91615,2024-08-24
REC-2189-Q4 2024-SITE-D-GL01,,ORG-12345,SITE-D,Northern Ireland,Glass,Secondary,Exported,4304.05,2024-08-21
REC-2190-Q2 2024-SITE-C-ST01,2024-Q2,ORG-12345,SITE-C,Wales,Steel,Secondary,Supplied as goods,1.0625799999999999,2024-04-26
REC-2191-Q4 2024-SITE-D-FB01,,ORG-12345,SITE-D,Northern Ireland,Fibre-based composite,Primary,Imported,4613.75,2024-02-24
REC-2192-2024-Q1-SITE-D-PC01,2024-Q1,ORG-12345,SITE-D,Northern Ireland,Paper/card,Shipment,Supplied as goods,2.64685,2024-02-13
REC-2193-2024-Q1-SITE-C-ST01,2024-Q1,ORG-12345,SITE-C,Wales,Steel,Secondary,Imported,2156.54,2024-03-14
REC-2194-2024-Q3-SITE-A-PL01,2024-Q3,ORG-12345,SITE-A,England,Plastic,Secondary,Exported,2453.99,2024-01-25
REC-2195-2024-Q3-SITE-E-ST01,2024-Q3,ORG-12345,SITE-E,England,Steel,Shipment,Supplied as goods,2.7422,2024-01-16
REC-2196-Q2 2024-SITE-C-PC01,2024-Q2,ORG-12345,SITE-C,Wales,Paper/card,Primary,Exported,4.987550000000001,2024-05-24
REC-2197-Q4 2024-SITE-D-OT01,,ORG-12345,SITE-D,Northern Ireland,Other,Primary,Exported,1523.26,2024-05-08
REC-2198-Q4 2024-SITE-D-PL02,,ORG-12345,SITE-D,Northern Ireland,Plastic,Primary,Imported,2.9720700000000004,2024-10-25
REC-2199-Q2 2024-SITE-B-ST01,2024-Q2,ORG-12345,SITE-B,Scotland,Steel,Primary,Imported,4.54497,2024-06-09
REC-2200-Q2 2024-SITE-B-PL01,2024-Q2,ORG-12345,SITE-B,Scotland,Plastic,Secondary,Imported,2.87654,2024-08-25
REC-2201-2024Q2-SITE-E-GL01,2024-Q2,ORG-12345,SITE-E,England,Glass,Primary,Exported,3459.98,2024-08-30
REC-2202-Q4 2024-SITE-B-PL01,,ORG-12345,SITE-B,Scotland,Plastic,Primary,Exported,4121.6,2024-03-26
REC-2203-Q2 2024-SITE-E-PL01,2024-Q2,ORG-12345,SITE-E,England,Plastic,Primary,Imported,302.35,2024-02-29
REC-2204-2024-Q1-SITE-C-FB01,2024-Q1,ORG-12345,SITE-C,Wales,Fibre-based composite,Primary,Supplied as goods,3.32074,2024-02-26
REC-2205-2024-Q1-SITE-B-AL01,2024-Q1,ORG-12345,SITE-B,Scotland,Aluminium,Secondary,Exported,3.52399,2024-08-29
REC-2206-2024-Q1-SITE-E-PL01,2024-Q1,ORG-12345,SITE-E,England,Plastic,Tertiary,Exported,2543.07,2024-10-20
REC-2207-Q4 2024-SITE-A-FB01,,ORG-12345,SITE-A,England,Fibre-based composite,Secondary,Imported,2.6987600000000005,2024-03-15
REC-2208-2024-Q3-SITE-E-OT01,2024-Q3,ORG-12345,SITE-E,England,Other,Tertiary,Supplied as goods,2876.88,2024-01-20
REC-2209-2024-Q1-SITE-E-OT01,2024-Q1,ORG-12345,SITE-E,England,Other,Primary,Supplied as goods,4068.76,2024-09-13
REC-2210-Q4 2024-SITE-B-PC01,,ORG-12345,SITE-B,Scotland,Paper/card,Secondary,Exported,0.5137999999999999,2024-02-27
REC-2211-Q4 2024-SITE-B-ST01,,ORG-12345,SITE-B,Scotland,Steel,Shipment,Imported,0.50294,2024-11-12
REC-2212-Q2 2024-SITE-E-ST01,2024-Q2,ORG-12345,SITE-E,England,Steel,Tertiary,Supplied as goods,3019.51,2024-08-02
REC-2213-2024-Q3-SITE-E-WD01,2024-Q3,ORG-12345,SITE-E,England,Wood,Tertiary,Exported,,2024-03-15
REC-2214-2024-Q3-SITE-A-ST01,2024-Q3,ORG-12345,SITE-A,England,Steel,Tertiary,Supplied as goods,3961.08,2024-02-06
REC-2215-Q2 2024-SITE-C-UNKNOWN,2024-Q2,ORG-12345,SITE-C,Wales,,Shipment,Exported,1278.15,2024-07-26
REC-2216-2024-Q3-SITE-B-PC01,2024-Q3,ORG-12345,SITE-B,Scotland,Paper/card,Primary,Imported,2926.12,2024-02-07
REC-2217-Q2 2024-SITE-Z-FB01,2024-Q2,ORG-12345,SITE-Z,,Fibre-based composite,Tertiary,Exported,1451.05,2024-05-29
REC-2218-2024-Q1-SITE-B-FB01,2024-Q1,ORG-12345,SITE-B,Scotland,Fibre-based composite,Primary,Imported,2292.65,2024-01-20
REC-2219-2024-Q3-SITE-B-GL01,2024-Q3,ORG-12345,SITE-B,Scotland,Glass,Shipment,Imported,0.5559400000000001,2024-05-18
REC-2220-Q2 2024-SITE-E-FB01,2024-Q2,ORG-12345,SITE-E,England,Fibre-based composite,Secondary,Exported,2.75622,2024-10-14
REC-2221-Q2 2024-SITE-D-FB01,2024-Q2,ORG-12345,SITE-D,Northern Ireland,Fibre-based composite,Shipment,Exported,2.53395,2024-08-04
REC-2222-2024-Q1-SITE-D-WD01,2024-Q1,ORG-12345,SITE-D,Northern Ireland,Wood,Primary,Exported,2.25361,2024-02-16
REC-2223-Q2 2024-SITE-E-PL02,2024-Q2,ORG-12345,SITE-E,England,Plastic,Secondary,Supplied as goods,1.11154,2024-12-18
REC-2224-Q2 2024-SITE-B-GL01,2024-Q2,ORG-12345,SITE-B,Scotland,Glass,Tertiary,Supplied as goods,3.58794,2024-08-10
REC-2225-2024-Q3-SITE-C-PL01,2024-Q3,ORG-12345,SITE-C,Wales,Plastic,Secondary,Supplied as goods,4.90601,2024-10-02
REC-2226-2024-Q3-SITE-B-PL02,2024-Q3,ORG-12345,SITE-B,Scotland,Plastic,Secondary,Imported,3.9098100000000002,2024-06-17
REC-2227-2024-Q3-SITE-D-WD01,2024-Q3,ORG-12345,SITE-D,Northern Ireland,Wood,Primary,Imported,0.66662,2024-01-31
REC-2228-2024-Q1-SITE-D-AL01,2024-Q1,ORG-12345,SITE-D,Northern Ireland,Aluminium,Tertiary,Imported,1404.32,2024-09-18
REC-2229-2024-Q1-SITE-E-PL02,2024-Q1,ORG-12345,SITE-E,England,Plastic,Tertiary,Exported,677.55,2024-10-18
REC-2230-2024-Q3-SITE-A-PL01,2024-Q3,ORG-12345,SITE-A,England,Plastic,Tertiary,Imported,2.33554,2024-08-28
REC-2231-2024-Q3-SITE-B-ST01,2024-Q3,ORG-12345,SITE-B,Scotland,Steel,Secondary,Exported,4.246560000000001,2024-04-18
REC-2232-Q2 2024-SITE-E-FB01,2024-Q2,ORG-12345,SITE-E,England,Fibre-based composite,Tertiary,Imported,4738.57,2024-11-07
REC-2233-Q4 2024-SITE-E-FB01,,ORG-12345,SITE-E,England,Fibre-based composite,Tertiary,Exported,2770.28,2024-06-22
REC-2234-2024-Q1-SITE-A-PL02,2024-Q1,ORG-12345,SITE-A,England,Plastic,Secondary,Imported,2962.34,2024-11-24
REC-2235-2024-Q3-SITE-D-GL01,2024-Q3,ORG-12345,SITE-D,Northern Ireland,Glass,Tertiary,Exported,3.41364,2025-01-05
REC-2236-2024-Q1-SITE-D-FB01,2024-Q1,ORG-12345,SITE-D,Northern Ireland,Fibre-based composite,Tertiary,Supplied as goods,1.78874,2024-12-29
REC-2237-Q4 2024-SITE-B-PL01,,ORG-12345,SITE-B,Scotland,Plastic,Primary,Exported,2712.2,2024-05-21
REC-2238-2024-Q3-SITE-C-FB01,2024-Q3,ORG-12345,SITE-C,Wales,Fibre-based composite,Tertiary,Exported,672.53,2024-02-12
REC-2239-2024-Q3-SITE-B-FB01,2024-Q3,ORG-12345,SITE-B,Scotland,Fibre-based composite,Secondary,Supplied as goods,293.3,2024-11-07
REC-2240-2024-Q3-SITE-D-ST01,2024-Q3,ORG-12345,SITE-D,Northern Ireland,Steel,Primary,Supplied as goods,1501.92,2024-10-26
REC-2241-2024-Q3-SITE-D-FB01,2024-Q3,ORG-12345,SITE-D,Northern Ireland,Fibre-based composite,Secondary,Imported,2081.78,2024-01-22
REC-2242-2024-Q3-SITE-D-ST01,2024-Q3,ORG-12345,SITE-D,Northern Ireland,Steel,Secondary,Imported,4332.63,2024-01-29
REC-2243-2024-Q1-SITE-B-WD01,2024-Q1,ORG-12345,SITE-B,Scotland,Wood,Tertiary,Imported,3.85163,2024-03-21
REC-2244-Q2 2024-SITE-D-AL01,2024-Q2,ORG-12345,SITE-D,Northern Ireland,Aluminium,Tertiary,Imported,1327.54,2024-04-18
REC-2245-2024-Q3-SITE-D-FB01,2024-Q3,ORG-12345,SITE-D,Northern Ireland,Fibre-based composite,Secondary,Exported,1.48149,2024-11-21
REC-2246-Q2 2024-SITE-B-PC01,2024-Q2,ORG-12345,SITE-B,Scotland,Paper/card,Primary,Supplied as goods,95.32,2024-04-13
REC-2247-Q4 2024-SITE-D-GL01,,ORG-12345,SITE-D,Northern Ireland,Glass,Secondary,Supplied as goods,4818.23,2024-12-16
REC-2248-2024-Q1-SITE-E-WD01,2024-Q1,ORG-12345,SITE-E,England,Wood,Secondary,Imported,714.97,2024-01-29
REC-2249-2024-Q3-SITE-A-PL02,2024-Q3,ORG-12345,SITE-A,England,Plastic,Primary,Supplied as goods,1.44061,2024-05-22
REC-2250-2024-Q1-SITE-A-OT01,2024-Q1,ORG-12345,SITE-A,England,Other,Tertiary,Exported,3.2151199999999998,2024-09-13
REC-2251-2024-Q1-SITE-B-OT01,2024-Q1,ORG-12345,SITE-B,Scotland,Other,Secondary,Imported,3.56929,2024-11-05
REC-2252-Q2 2024-SITE-D-PC01,2024-Q2,ORG-12345,SITE-D,Northern Ireland,Paper/card,Secondary,Supplied as goods,4658.38,2024-08-11
REC-2253-Q2 2024-SITE-A-ST01,2024-Q2,ORG-12345,SITE-A,England,Steel,Tertiary,Supplied as goods,3211.04,2024-03-11
REC-2254-2024-Q3-SITE-D-GL01,2024-Q3,ORG-12345,SITE-D,Northern Ireland,Glass,Primary,Supplied as goods,2.66737,2024-08-22
REC-2255-2024-Q3-SITE-D-PC01,2024-Q3,ORG-12345,SITE-D,Northern Ireland,Paper/card,Tertiary,Exported,3.66101,2024-04-10
REC-2256-Q2 2024-SITE-A-PC01,2024-Q2,ORG-12345,SITE-A,England,Paper/card,Secondary,Exported,0.9154,2024-06-29
REC-2257-2024-Q3-SITE-C-ST01,2024-Q3,ORG-12345,SITE-C,Wales,Steel,Secondary,Imported,283.39,2024-07-21
REC-2258-2024-Q1-SITE-B-ST01,2024-Q1,ORG-12345,SITE-B,Scotland,Steel,Tertiary,Imported,1.72577,2024-03-26
REC-2259-Q4 2024-SITE-E-AL01,,ORG-12345,SITE-E,England,Aluminium,Primary,Exported,4924.39,2024-11-27
REC-2260-Q2 2024-SITE-B-PL02,2024-Q2,ORG-12345,SITE-B,Scotland,Plastic,Secondary,Imported,4510.79,2024-06-13
REC-2261-2024-Q1-SITE-B-GL01,2024-Q1,ORG-12345,SITE-B,Scotland,Glass,Secondary,Supplied as goods,201.99,2024-07-14
REC-2262-Q4 2024-SITE-E-PL01,,ORG-12345,SITE-E,England,Plastic,Tertiary,Exported,0.35085000000000005,2024-02-05
REC-2263-Q2 2024-SITE-D-ST01,2024-Q2,ORG-12345,SITE-D,Northern Ireland,Steel,Secondary,Exported,3.1949400000000003,2024-10-20
REC-2264-Q2 2024-SITE-C-OT01,2024-Q2,ORG-12345,SITE-C,Wales,Other,Tertiary,Supplied as goods,1.37049,2024-01-21
REC-2265-2024-Q1-SITE-E-PL01,2024-Q1,ORG-12345,SITE-E,England,Plastic,Tertiary,Exported,3.9498,2024-08-04
REC-2266-2024-Q3-SITE-D-WD01,2024-Q3,ORG-12345,SITE-D,Northern Ireland,Wood,Secondary,Exported,1.4687000000000001,2024-06-05
REC-2267-Q4 2024-SITE-C-ST01,,ORG-12345,SITE-C,Wales,Steel,Secondary,Exported,4779.78,2024-10-13
REC-2268-Q2 2024-SITE-D-AL01,2024-Q2,ORG-12345,SITE-D,Northern Ireland,Aluminium,Tertiary,Exported,4.40109,2025-01-09
REC-2269-2024-Q1-SITE-B-OT01,2024-Q1,ORG-12345,SITE-B,Scotland,Other,Primary,Supplied as goods,3226.85,2024-10-15
REC-2270-Q4 2024-SITE-E-WD01,,ORG-12345,SITE-E,England,Wood,Shipment,Exported,3322.3,2024-10-11
REC-2271-2024-Q3-SITE-C-OT01,2024-Q3,ORG-12345,SITE-C,Wales,Other,Tertiary,Supplied as goods,4.42976,2024-11-06
REC-2272-2024-Q3-SITE-B-GL01,2024-Q3,ORG-12345,SITE-B,Scotland,Glass,Tertiary,Imported,568.04,2024-05-13
REC-2273-Q2 2024-SITE-C-PL01,2024-Q2,ORG-12345,SITE-C,Wales,Plastic,Tertiary,Supplied as goods,4316.15,2024-03-22
REC-2274-Q2 2024-SITE-B-AL01,2024-Q2,ORG-12345,SITE-B,Scotland,Aluminium,Tertiary,Exported,3261.05,2024-10-31
REC-2275-Q4 2024-SITE-A-PL02,,ORG-12345,SITE-A,England,Plastic,Primary,Supplied as goods,4927.39,2024-10-31
REC-2276-Q2 2024-SITE-E-AL01,2024-Q2,ORG-12345,SITE-E,England,Aluminium,Primary,Exported,4.34132,2024-03-29
REC-2277-2024-Q1-SITE-B-PL02,2024-Q1,ORG-12345,SITE-B,Scotland,Plastic,Primary,Supplied as goods,0.12377,2024-02-16
REC-2278-2024-Q1-SITE-A-OT01,2024-Q1,ORG-12345,SITE-A,England,Other,Secondary,Imported,2.19815,2024-12-03
REC-2279-2024-Q1-SITE-A-OT01,2024-Q1,ORG-12345,SITE-A,England,Other,Tertiary,Exported,2430.19,2024-02-26
REC-2280-2024-Q1-SITE-C-ST01,2024-Q1,ORG-12345,SITE-C,Wales,Steel,Primary,Imported,1.9493900000000002,2024-05-14
REC-2281-2024-Q1-SITE-E-OT01,2024-Q1,ORG-12345,SITE-E,England,Other,Secondary,Imported,3.26688,2024-06-04
REC-2282-2024-Q3-SITE-C-FB01,2024-Q3,ORG-12345,SITE-C,Wales,Fibre-based composite,Tertiary,Exported,3.2255000000000003,2024-11-11
REC-2283-Q2 2024-SITE-A-PC01,2024-Q2,ORG-12345,SITE-A,England,Paper/card,Tertiary,Exported,3.96102,2024-01-23
REC-2284-2024-Q3-SITE-C-WD01,2024-Q3,ORG-12345,SITE-C,Wales,Wood,Tertiary,Imported,4.5842,2024-11-11
REC-2285-Q4 2024-SITE-D-FB01,,ORG-12345,SITE-D,Northern Ireland,Fibre-based composite,Secondary,Supplied as goods,1.6904700000000001,2024-08-01
REC-2286-2024-Q3-SITE-C-FB01,2024-Q3,ORG-12345,SITE-C,Wales,Fibre-based composite,Secondary,Supplied as goods,415.44,2024-03-01
REC-2287-Q4 2024-SITE-A-AL01,,ORG-12345,SITE-A,England,Aluminium,Secondary,Supplied as goods,4048.43,2024-11-12
REC-2288-Q2 2024-SITE-C-ST01,2024-Q2,ORG-12345,SITE-C,Wales,Steel,Tertiary,Exported,2.3737,2024-08-16
REC-2289-Q4 2024-SITE-E-OT01,,ORG-12345,SITE-E,England,Other,Primary,Imported,2792.11,2024-07-31
REC-2290-2024-Q1-SITE-E-WD01,2024-Q1,ORG-12345,SITE-E,England,Wood,Tertiary,Supplied as goods,2663.37,2024-10-11
REC-2291-Q4 2024-SITE-C-WD01,,ORG-12345,SITE-C,Wales,Wood,Tertiary,Exported,0.40961000000000003,2024-07-18
REC-2292-Q2 2024-SITE-A-WD01,2024-Q2,ORG-12345,SITE-A,England,Wood,Tertiary,Supplied as goods,2868.28,2024-01-26
REC-2293-Q2 2024-SITE-D-PL02,2024-Q2,ORG-12345,SITE-D,Northern Ireland,Plastic,Primary,Imported,4411.84,2024-01-22
REC-2294-2024-Q1-SITE-B-ST01,2024-Q1,ORG-12345,SITE-B,Scotland,Steel,Primary,Exported,4281.16,2024-07-17
REC-2295-Q4 2024-SITE-D-PC01,,ORG-12345,SITE-D,Northern Ireland,Paper/card,Shipment,Imported,4.859,2024-06-11
REC-2296-Q2 2024-SITE-D-PL02,2024-Q2,ORG-12345,SITE-D,Northern Ireland,Plastic,Tertiary,Exported,732.95,2024-03-04
REC-2297-Q4 2024-SITE-A-OT01,,ORG-12345,SITE-A,England,Other,Tertiary,Exported,2779.56,2024-08-25
REC-2298-2024-Q1-SITE-C-ST01,2024-Q1,ORG-12345,SITE-C,Wales,Steel,Primary,Supplied as goods,747.52,2024-02-11
REC-2299-2024-Q3-SITE-A-ST01,2024-Q3,ORG-12345,SITE-A,England,Steel,Tertiary,Exported,1.8638800000000002,2024-06-13
REC-2300-Q2 2024-SITE-A-PC01,2024-Q2,ORG-12345,SITE-A,England,Paper/card,Secondary,Supplied as goods,1.62885,2024-07-20
REC-2301-2024Q2-SITE-A-WD01,2024-Q2,ORG-12345,SITE-A,England,Wood,Tertiary,Supplied as goods,3.56602,2024-08-06
REC-2302-Q2 2024-SITE-D-AL01,2024-Q2,ORG-12345,SITE-D,Northern Ireland,Aluminium,Tertiary,Imported,2.07954,2024-03-24
REC-2303-2024-Q3-SITE-E-ST01,2024-Q3,ORG-12345,SITE-E,England,Steel,Primary,Imported,4.9598,2024-06-06
REC-2304-2024-Q3-SITE-B-PL01,2024-Q3,ORG-12345,SITE-B,Scotland,Plastic,Primary,Supplied as goods,2.4531,2024-09-02
REC-2305-2024-Q3-SITE-D-AL01,2024-Q3,ORG-12345,SITE-D,Northern Ireland,Aluminium,Primary,Supplied as goods,4.9687399999999995,2024-09-17
REC-2306-2024-Q1-SITE-A-PL02,2024-Q1,ORG-12345,SITE-A,England,Plastic,Primary,Imported,4.71771,2024-07-23
REC-2307-2024-Q3-SITE-A-PL01,2024-Q3,ORG-12345,SITE-A,England,Plastic,Shipment,Supplied as goods,4.22701,2024-03-15
REC-2308-2024-Q1-SITE-D-PL02,2024-Q1,ORG-12345,SITE-D,Northern Ireland,Plastic,Tertiary,Supplied as goods,3.7321500000000003,2024-03-24
REC-2309-2024-Q3-SITE-E-AL01,2024-Q3,ORG-12345,SITE-E,England,Aluminium,Primary,Supplied as goods,2338.76,2024-01-22
REC-2310-2024-Q3-SITE-E-PL01,2024-Q3,ORG-12345,SITE-E,England,Plastic,Secondary,Imported,4.53495,2024-06-30
REC-2311-Q2 2024-SITE-D-ST01,2024-Q2,ORG-12345,SITE-D,Northern Ireland,Steel,Primary,Exported,747.2,2024-07-09
REC-2312-Q4 2024-SITE-A-GL01,,ORG-12345,SITE-A,England,Glass,Shipment,Imported,1431.19,2024-02-29
REC-2313-2024-Q1-SITE-E-OT01,2024-Q1,ORG-12345,SITE-E,England,Other,Primary,Imported,,2024-02-20
REC-2314-Q4 2024-SITE-E-PL01,,ORG-12345,SITE-E,England,Plastic,Secondary,Imported,274.75,2024-12-30
REC-2315-Q4 2024-SITE-C-UNKNOWN,,ORG-12345,SITE-C,Wales,,Primary,Imported,4.467390000000001,2024-10-09
REC-2316-2024-Q3-SITE-D-AL01,2024-Q3,ORG-12345,SITE-D,Northern Ireland,Aluminium,Secondary,Supplied as goods,2.1323499999999997,2024-08-24
REC-2317-2024-Q3-SITE-Z-PL01,2024-Q3,ORG-12345,SITE-Z,,Plastic,Tertiary,Imported,2.26663,2024-09-28
REC-2318-Q4 2024-SITE-B-AL01,,ORG-12345,SITE-B,Scotland,Aluminium,Shipment,Imported,4839.98,2024-06-15
REC-2319-Q4 2024-SITE-A-FB01,,ORG-12345,SITE-A,England,Fibre-based composite,Primary,Exported,284.79,2024-06-04
REC-2320-2024-Q1-SITE-C-PL01,2024-Q1,ORG-12345,SITE-C,Wales,Plastic,Secondary,Imported,2272.48,2024-08-05
REC-2321-2024-Q1-SITE-E-GL01,2024-Q1,ORG-12345,SITE-E,England,Glass,Primary,Exported,0.95472,2024-07-03
REC-2322-2024-Q1-SITE-A-PC01,2024-Q1,ORG-12345,SITE-A,England,Paper/card,Primary,Supplied as goods,2492.25,2024-03-06
REC-2323-2024-Q1-SITE-A-PL02,2024-Q1,ORG-12345,SITE-A,England,Plastic,Primary,Imported,3905.6,2024-07-01
REC-2324-Q2 2024-SITE-B-ST01,2024-Q2,ORG-12345,SITE-B,Scotland,Steel,Tertiary,Imported,3.42579,2024-01-27
REC-2325-2024-Q3-SITE-C-FB01,2024-Q3,ORG-12345,SITE-C,Wales,Fibre-based composite,Tertiary,Exported,1.8862,2024-02-26
REC-2326-2024-Q3-SITE-D-GL01,2024-Q3,ORG-12345,SITE-D,Northern Ireland,Glass,Primary,Supplied as goods,3.35096,2024-07-15
REC-2327-2024-Q3-SITE-A-PL01,2024-Q3,ORG-12345,SITE-A,England,Plastic,Primary,Supplied as goods,4.30666,2024-07-05
REC-2328-2024-Q3-SITE-E-AL01,2024-Q3,ORG-12345,SITE-E,England,Aluminium,Tertiary,Exported,4655.98,2024-12-04
REC-2329-Q4 2024-SITE-A-PC01,,ORG-12345,SITE-A,England,Paper/card,Primary,Imported,1448.47,2024-04-21
REC-2330-2024-Q3-SITE-E-GL01,2024-Q3,ORG-12345,SITE-E,England,Glass,Secondary,Exported,2776.19,2024-01-29
REC-2331-Q2 2024-SITE-C-AL01,2024-Q2,ORG-12345,SITE-C,Wales,Aluminium,Tertiary,Supplied as goods,288.32,2024-01-21
REC-2332-Q2 2024-SITE-C-AL01,2024-Q2,ORG-12345,SITE-C,Wales,Aluminium,Tertiary,Exported,636.66,2024-05-03
REC-2333-2024-Q1-SITE-A-FB01,2024-Q1,ORG-12345,SITE-A,England,Fibre-based composite,Primary,Exported,3077.29,2024-06-16
REC-2334-2024-Q3-SITE-E-PL02,2024-Q3,ORG-12345,SITE-E,England,Plastic,Primary,Exported,1.7172100000000001,2024-05-18
REC-2335-Q4 2024-SITE-C-PC01,,ORG-12345,SITE-C,Wales,Paper/card,Tertiary,Exported,1.73531,2024-02-01
REC-2336-Q4 2024-SITE-A-PL01,,ORG-12345,SITE-A,England,Plastic,Secondary,Imported,2.8685,2024-08-21
REC-2337-2024-Q3-SITE-D-OT01,2024-Q3,ORG-12345,SITE-D,Northern Ireland,Other,Primary,Supplied as goods,2756.34,2025-01-05
REC-2338-Q2 2024-SITE-B-AL01,2024-Q2,ORG-12345,SITE-B,Scotland,Aluminium,Secondary,Exported,1.37193,2024-06-10
REC-2339-2024-Q1-SITE-B-ST01,2024-Q1,ORG-12345,SITE-B,Scotland,Steel,Shipment,Exported,4817.74,2024-08-03
REC-2340-2024-Q3-SITE-C-WD01,2024-Q3,ORG-12345,SITE-C,Wales,Wood,Secondary,Imported,3.80588,2024-05-05
REC-2341-Q2 2024-SITE-D-GL01,2024-Q2,ORG-12345,SITE-D,Northern Ireland,Glass,Tertiary,Imported,4.15079,2024-06-23
REC-2342-2024-Q3-SITE-D-ST01,2024-Q3,ORG-12345,SITE-D,Northern Ireland,Steel,Primary,Imported,0.95904,2024-11-08
REC-2343-Q2 2024-SITE-B-PL01,2024-Q2,ORG-12345,SITE-B,Scotland,Plastic,Tertiary,Supplied as goods,3.32438,2024-07-02
REC-2344-2024-Q1-SITE-E-PL02,2024-Q1,ORG-12345,SITE-E,England,Plastic,Primary,Supplied as goods,3.6992800000000003,2024-08-17
REC-2345-2024-Q3-SITE-E-PL01,2024-Q3,ORG-12345,SITE-E,England,Plastic,Secondary,Supplied as goods,77.81,2024-01-22
REC-2346-Q2 2024-SITE-B-GL01,2024-Q2,ORG-12345,SITE-B,Scotland,Glass,Primary,Supplied as goods,1950.93,2024-01-18
REC-2347-Q4 2024-SITE-C-ST01,,ORG-12345,SITE-C,Wales,Steel,Tertiary,Imported,4790.55,2024-10-30
REC-2348-Q2 2024-SITE-C-GL01,2024-Q2,ORG-12345,SITE-C,Wales,Glass,Primary,Supplied as goods,2987.42,2024-02-07
REC-2349-Q2 2024-SITE-A-AL01,2024-Q2,ORG-12345,SITE-A,England,Aluminium,Tertiary,Supplied as goods,2.12445,2024-07-22
REC-2350-2024-Q1-SITE-D-PC01,2024-Q1,ORG-12345,SITE-D,Northern Ireland,Paper/card,Shipment,Supplied as goods,434.8,2024-11-15
REC-2351-Q2 2024-SITE-B-GL01,2024-Q2,ORG-12345,SITE-B,Scotland,Glass,Primary,Imported,616.95,2024-10-22
REC-2352-Q2 2024-SITE-A-PL01,2024-Q2,ORG-12345,SITE-A,England,Plastic,Primary,Supplied as goods,2.18567,2024-07-13
REC-2353-2024-Q3-SITE-A-OT01,2024-Q3,ORG-12345,SITE-A,England,Other,Tertiary,Supplied as goods,2635.16,2024-03-03
REC-2354-2024-Q3-SITE-E-FB01,2024-Q3,ORG-12345,SITE-E,England,Fibre-based composite,Primary,Supplied as goods,2.5405100000000003,2024-10-22
REC-2355-Q4 2024-SITE-E-OT01,,ORG-12345,SITE-E,England,Other,Primary,Exported,2963.28,2024-09-11
REC-2356-2024-Q3-SITE-A-GL01,2024-Q3,ORG-12345,SITE-A,England,Glass,Tertiary,Exported,0.51627,2024-09-16
REC-2357-Q4 2024-SITE-A-OT01,,ORG-12345,SITE-A,England,Other,Tertiary,Exported,3.03918,2024-04-03
REC-2358-2024-Q3-SITE-C-OT01,2024-Q3,ORG-12345,SITE-C,Wales,Other,Shipment,Imported,4501.11,2024-12-16
REC-2359-2024-Q1-SITE-B-PL02,2024-Q1,ORG-12345,SITE-B,Scotland,Plastic,Shipment,Supplied as goods,882.2,2024-04-14
REC-2360-Q2 2024-SITE-B-OT01,2024-Q2,ORG-12345,SITE-B,Scotland,Other,Primary,Exported,1.508,2024-04-03
REC-2361-Q2 2024-SITE-C-PL01,2024-Q2,ORG-12345,SITE-C,Wales,Plastic,Secondary,Supplied as goods,1423.25,2024-03-22
REC-2362-Q2 2024-SITE-E-OT01,2024-Q2,ORG-12345,SITE-E,England,Other,Tertiary,Supplied as goods,376.89,2024-01-20
REC-2363-Q2 2024-SITE-A-GL01,2024-Q2,ORG-12345,SITE-A,England,Glass,Tertiary,Exported,3.68719,2024-06-04
REC-2364-2024-Q3-SITE-D-GL01,2024-Q3,ORG-12345,SITE-D,Northern Ireland,Glass,Primary,Supplied as goods,696.39,2025-01-05
REC-2365-2024-Q1-SITE-B-PL02,2024-Q1,ORG-12345,SITE-B,Scotland,Plastic,Primary,Imported,3.60337,2024-07-04
REC-2366-2024-Q3-SITE-A-PL01,2024-Q3,ORG-12345,SITE-A,England,Plastic,Secondary,Imported,2.00957,2024-11-14
REC-2367-2024-Q1-SITE-D-AL01,2024-Q1,ORG-12345,SITE-D,Northern Ireland,Aluminium,Tertiary,Imported,2311.74,2024-10-16
REC-2368-2024-Q1-SITE-E-AL01,2024-Q1,ORG-12345,SITE-E,England,Aluminium,Primary,Supplied as goods,3.43475,2024-12-29
REC-2369-Q2 2024-SITE-B-PL02,2024-Q2,ORG-12345,SITE-B,Scotland,Plastic,Secondary,Imported,1.9216900000000001,2024-01-29
REC-2370-Q4 2024-SITE-A-ST01,,ORG-12345,SITE-A,England,Steel,Primary,Exported,2729.0,2024-04-07
REC-2371-Q4 2024-SITE-A-GL01,,ORG-12345,SITE-A,England,Glass,Shipment,Supplied as goods,4.01722,2024-01-22
REC-2372-Q4 2024-SITE-D-OT01,,ORG-12345,SITE-D,Northern Ireland,Other,Primary,Imported,2059.02,2024-02-04
REC-2373-Q4 2024-SITE-A-FB01,,ORG-12345,SITE-A,England,Fibre-based composite,Primary,Exported,2.00031,2024-07-18
REC-2374-2024-Q1-SITE-C-PL01,2024-Q1,ORG-12345,SITE-C,Wales,Plastic,Secondary,Exported,1470.35,2024-08-22
REC-2375-Q4 2024-SITE-B-FB01,,ORG-12345,SITE-B,Scotland,Fibre-based composite,Primary,Exported,1.56554,2024-01-19
REC-2376-Q2 2024-SITE-B-ST01,2024-Q2,ORG-12345,SITE-B,Scotland,Steel,Tertiary,Exported,1915.8,2024-07-30
REC-2377-Q2 2024-SITE-C-GL01,2024-Q2,ORG-12345,SITE-C,Wales,Glass,Secondary,Supplied as goods,0.48788,2024-12-20
REC-2378-Q2 2024-SITE-C-GL01,2024-Q2,ORG-12345,SITE-C,Wales,Glass,Tertiary,Exported,1750.44,2024-12-27
REC-2379-Q4 2024-SITE-E-OT01,,ORG-12345,SITE-E,England,Other,Tertiary,Exported,3.19935,2024-12-31
REC-2380-2024-Q3-SITE-B-PL02,2024-Q3,ORG-12345,SITE-B,Scotland,Plastic,Tertiary,Exported,4.655010000000001,2024-02-27
REC-2381-Q2 2024-SITE-B-FB01,2024-Q2,ORG-12345,SITE-B,Scotland,Fibre-based composite,Secondary,Supplied as goods,1045.02,2024-06-07
REC-2382-Q2 2024-SITE-E-WD01,2024-Q2,ORG-12345,SITE-E,England,Wood,Primary,Imported,3350.22,2024-05-19
REC-2383-2024-Q1-SITE-A-ST01,2024-Q1,ORG-12345,SITE-A,England,Steel,Primary,Supplied as goods,4.05414,2024-07-20
REC-2384-Q4 2024-SITE-C-OT01,,ORG-12345,SITE-C,Wales,Other,Secondary,Imported,188.55,2024-08-01
REC-2385-2024-Q3-SITE-E-ST01,2024-Q3,ORG-12345,SITE-E,England,Steel,Secondary,Imported,3990.53,2024-12-05
REC-2386-Q4 2024-SITE-C-PC01,,ORG-12345,SITE-C,Wales,Paper/card,Primary,Imported,4836.92,2024-08-03
REC-2387-Q4 2024-SITE-A-FB01,,ORG-12345,SITE-A,England,Fibre-based composite,Tertiary,Exported,3895.76,2024-06-06
REC-2388-2024-Q1-SITE-A-GL01,2024-Q1,ORG-12345,SITE-A,England,Glass,Primary,Supplied as goods,1749.12,2024-07-03
REC-2389-Q2 2024-SITE-D-ST01,2024-Q2,ORG-12345,SITE-D,Northern Ireland,Steel,Shipment,Supplied as goods,4.08309,2024-07-23
REC-2390-Q2 2024-SITE-A-FB01,2024-Q2,ORG-12345,SITE-A,England,Fibre-based composite,Secondary,Imported,4.22899,2024-09-03
REC-2391-Q2 2024-SITE-C-ST01,2024-Q2,ORG-12345,SITE-C,Wales,Steel,Primary,Supplied as goods,1.8713199999999999,2024-03-17
REC-2392-Q2 2024-SITE-B-ST01,2024-Q2,ORG-12345,SITE-B,Scotland,Steel,Primary,Exported,4.770600000000001,2024-03-14
REC-2393-Q4 2024-SITE-A-ST01,,ORG-12345,SITE-A,England,Steel,Tertiary,Imported,4.43635,2024-08-13
REC-2394-2024-Q1-SITE-A-AL01,2024-Q1,ORG-12345,SITE-A,England,Aluminium,Tertiary,Imported,1.16873,2024-10-12
REC-2395-Q4 2024-SITE-C-PC01,,ORG-12345,SITE-C,Wales,Paper/card,Primary,Supplied as goods,4.66301,2024-10-26
REC-2396-Q4 2024-SITE-B-ST01,,ORG-12345,SITE-B,Scotland,Steel,Secondary,Supplied as goods,1085.12,2024-09-06
REC-2397-2024-Q1-SITE-A-ST01,2024-Q1,ORG-12345,SITE-A,England,Steel,Secondary,Exported,3269.91,2024-04-23
REC-2398-Q4 2024-SITE-E-GL01,,ORG-12345,SITE-E,England,Glass,Tertiary,Exported,4.67211,2024-03-30
REC-2399-2024-Q3-SITE-D-AL01,2024-Q3,ORG-12345,SITE-D,Northern Ireland,Aluminium,Secondary,Imported,2292.18,2024-04-20
REC-2400-2024-Q3-SITE-A-AL01,2024-Q3,ORG-12345,SITE-A,England,Aluminium,Secondary,Supplied as goods,0.6018,2024-08-26
REC-2401-2024Q2-SITE-C-OT01,2024-Q2,ORG-12345,SITE-C,Wales,Other,Primary,Supplied as goods,4641.48,2024-01-27
REC-2402-2024-Q3-SITE-A-GL01,2024-Q3,ORG-12345,SITE-A,England,Glass,Secondary,Exported,0.932,2024-06-26
REC-2403-2024-Q3-SITE-E-WD01,2024-Q3,ORG-12345,SITE-E,England,Wood,Primary,Supplied as goods,0.64358,2024-11-03
REC-2404-Q2 2024-SITE-D-PL02,2024-Q2,ORG-12345,SITE-D,Northern Ireland,Plastic,Tertiary,Supplied as goods,3.82717,2024-04-25
REC-2405-Q4 2024-SITE-B-PL02,,ORG-12345,SITE-B,Scotland,Plastic,Primary,Imported,3.13105,2024-01-28
REC-2406-2024-Q3-SITE-B-GL01,2024-Q3,ORG-12345,SITE-B,Scotland,Glass,Shipment,Exported,3174.28,2024-07-24
REC-2407-Q2 2024-SITE-B-PC01,2024-Q2,ORG-12345,SITE-B,Scotland,Paper/card,Tertiary,Exported,3.43028,2024-03-15
REC-2408-2024-Q3-SITE-A-WD01,2024-Q3,ORG-12345,SITE-A,England,Wood,Primary,Exported,3.09895,2024-09-13
REC-2409-Q4 2024-SITE-D-AL01,,ORG-12345,SITE-D,Northern Ireland,Aluminium,Tertiary,Imported,1.16623,2024-09-30
REC-2410-Q4 2024-SITE-E-PC01,,ORG-12345,SITE-E,England,Paper/card,Primary,Imported,2.0156300000000003,2024-10-02
REC-2411-Q2 2024-SITE-E-GL01,2024-Q2,ORG-12345,SITE-E,England,Glass,Secondary,Exported,2.5142800000000003,2024-07-28
REC-2412-2024-Q1-SITE-D-PL01,2024-Q1,ORG-12345,SITE-D,Northern Ireland,Plastic,Primary,Supplied as goods,2.48239,2024-12-10
REC-2413-Q4 2024-SITE-A-OT01,,ORG-12345,SITE-A,England,Other,Primary,Exported,,2024-12-02
REC-2414-Q4 2024-SITE-D-FB01,,ORG-12345,SITE-D,Northern Ireland,Fibre-based composite,Tertiary,Imported,2693.96,2024-06-29
REC-2415-Q2 2024-SITE-B-UNKNOWN,2024-Q2,ORG-12345,SITE-B,Scotland,,Tertiary,Imported,0.69857,2024-04-06
REC-2416-Q2 2024-SITE-C-OT01,2024-Q2,ORG-12345,SITE-C,Wales,Other,Primary,Exported,575.35,2024-10-27
REC-2417-2024-Q3-SITE-Z-GL01,2024-Q3,ORG-12345,SITE-Z,,Glass,Tertiary,Exported,4.9545200000000005,2024-02-13
REC-2418-2024-Q3-SITE-B-FB01,2024-Q3,ORG-12345,SITE-B,Scotland,Fibre-based composite,Primary,Exported,4964.87,2024-02-09
REC-2419-2024-Q1-SITE-B-FB01,2024-Q1,ORG-12345,SITE-B,Scotland,Fibre-based composite,Primary,Exported,3962.26,2024-03-13
REC-2420-2024-Q1-SITE-C-OT01,2024-Q1,ORG-12345,SITE-C,Wales,Other,Primary,Imported,2014.26,2024-01-18
REC-2421-2024-Q3-SITE-A-WD01,2024-Q3,ORG-12345,SITE-A,England,Wood,Tertiary,Imported,1184.12,2024-01-21
REC-2422-2024-Q3-SITE-E-PL02,2024-Q3,ORG-12345,SITE-E,England,Plastic,Primary,Imported,0.91385,2024-08-06
REC-2423-2024-Q1-SITE-D-AL01,2024-Q1,ORG-12345,SITE-D,Northern Ireland,Aluminium,Shipment,Exported,2393.96,2024-06-04
REC-2424-2024-Q1-SITE-B-WD01,2024-Q1,ORG-12345,SITE-B,Scotland,Wood,Primary,Imported,1.6261800000000002,2024-02-28
REC-2425-Q4 2024-SITE-C-FB01,,ORG-12345,SITE-C,Wales,Fibre-based composite,Tertiary,Imported,406.5,2024-01-23
REC-2426-2024-Q3-SITE-E-PL02,2024-Q3,ORG-12345,SITE-E,England,Plastic,Shipment,Exported,1.91108,2024-10-21
REC-2427-2024-Q1-SITE-B-WD01,2024-Q1,ORG-12345,SITE-B,Scotland,Wood,Secondary,Supplied as goods,0.34798,2024-04-10
REC-2428-Q2 2024-SITE-A-FB01,2024-Q2,ORG-12345,SITE-A,England,Fibre-based composite,Primary,Exported,123.8,2024-12-18
REC-2429-Q2 2024-SITE-E-PL02,2024-Q2,ORG-12345,SITE-E,England,Plastic,Primary,Imported,0.41279000000000005,2024-08-22
REC-2430-2024-Q1-SITE-D-FB01,2024-Q1,ORG-12345,SITE-D,Northern Ireland,Fibre-based composite,Secondary,Exported,2854.32,2024-10-08
REC-2431-Q2 2024-SITE-D-WD01,2024-Q2,ORG-12345,SITE-D,Northern Ireland,Wood,Primary,Supplied as goods,866.62,2024-11-18
REC-2432-2024-Q3-SITE-D-GL01,2024-Q3,ORG-12345,SITE-D,Northern Ireland,Glass,Primary,Imported,3.2775700000000003,2024-11-05
REC-2433-Q2 2024-SITE-C-OT01,2024-Q2,ORG-12345,SITE-C,Wales,Other,Shipment,Exported,2402.01,2024-04-30
REC-2434-2024-Q3-SITE-C-ST01,2024-Q3,ORG-12345,SITE-C,Wales,Steel,Primary,Supplied as goods,3032.96,2024-01-30
REC-2435-Q2 2024-SITE-B-OT01,2024-Q2,ORG-12345,SITE-B,Scotland,Other,Tertiary,Exported,3938.91,2024-03-29
REC-2436-2024-Q3-SITE-A-PL01,2024-Q3,ORG-12345,SITE-A,England,Plastic,Primary,Supplied as goods,2951.16,2024-07-26
REC-2437-2024-Q1-SITE-D-ST01,2024-Q1,ORG-12345,SITE-D,Northern Ireland,Steel,Secondary,Exported,3218.42,2024-02-09
REC-2438-2024-Q3-SITE-D-PL01,2024-Q3,ORG-12345,SITE-D,Northern Ireland,Plastic,Primary,Imported,4842.44,2024-10-19
REC-2439-Q4 2024-SITE-E-FB01,,ORG-12345,SITE-E,England,Fibre-based composite,Secondary,Imported,1523.83,2024-02-29
REC-2440-2024-Q1-SITE-D-FB01,2024-Q1,ORG-12345,SITE-D,Northern Ireland,Fibre-based composite,Tertiary,Supplied as goods,1959.0,2024-07-02
REC-2441-Q4 2024-SITE-B-PL01,,ORG-12345,SITE-B,Scotland,Plastic,Primary,Imported,1259.11,2024-02-03
REC-2442-Q4 2024-SITE-D-FB01,,ORG-12345,SITE-D,Northern Ireland,Fibre-based composite,Secondary,Exported,2.16179,2024-03-11
REC-2443-Q2 2024-SITE-C-PC01,2024-Q2,ORG-12345,SITE-C,Wales,Paper/card,Primary,Exported,3.49493,2025-01-04
REC-2444-2024-Q3-SITE-C-PC01,2024-Q3,ORG-12345,SITE-C,Wales,Paper/card,Shipment,Imported,3.6091300000000004,2024-04-06
REC-2445-2024-Q3-SITE-D-OT01,2024-Q3,ORG-12345,SITE-D,Northern Ireland,Other,Primary,Imported,2.0969499999999996,2024-02-24
REC-2446-Q4 2024-SITE-E-PC01,,ORG-12345,SITE-E,England,Paper/card,Shipment,Imported,4585.02,2024-06-07
REC-2447-2024-Q3-SITE-C-FB01,2024-Q3,ORG-12345,SITE-C,Wales,Fibre-based composite,Tertiary,Imported,1277.67,2024-05-07
REC-2448-2024-Q1-SITE-E-ST01,2024-Q1,ORG-12345,SITE-E,England,Steel,Tertiary,Imported,3938.54,2024-11-01
REC-2449-Q4 2024-SITE-C-AL01,,ORG-12345,SITE-C,Wales,Aluminium,Tertiary,Exported,1250.17,2024-05-09
REC-2450-Q2 2024-SITE-B-ST01,2024-Q2,ORG-12345,SITE-B,Scotland,Steel,Secondary,Imported,0.13502,2024-11-13
REC-2451-2024-Q3-SITE-B-PC01,2024-Q3,ORG-12345,SITE-B,Scotland,Paper/card,Shipment,Imported,685.1,2024-05-21
REC-2452-2024-Q1-SITE-B-GL01,2024-Q1,ORG-12345,SITE-B,Scotland,Glass,Primary,Supplied as goods,4988.65,2024-04-12
REC-2453-2024-Q3-SITE-C-PL02,2024-Q3,ORG-12345,SITE-C,Wales,Plastic,Tertiary,Imported,3820.33,2024-07-11
REC-2454-2024-Q3-SITE-C-AL01,2024-Q3,ORG-12345,SITE-C,Wales,Aluminium,Secondary,Exported,3563.29,2024-11-09
REC-2455-2024-Q3-SITE-A-GL01,2024-Q3,ORG-12345,SITE-A,England,Glass,Tertiary,Supplied as goods,0.2346,2024-10-31
REC-2456-Q2 2024-SITE-B-FB01,2024-Q2,ORG-12345,SITE-B,Scotland,Fibre-based composite,Tertiary,Imported,1.93843,2024-02-11
REC-2457-2024-Q1-SITE-B-PL01,2024-Q1,ORG-12345,SITE-B,Scotland,Plastic,Primary,Exported,4.37948,2024-09-07
REC-2458-2024-Q3-SITE-B-PC01,2024-Q3,ORG-12345,SITE-B,Scotland,Paper/card,Tertiary,Imported,4328.38,2024-07-05
REC-2459-Q2 2024-SITE-E-WD01,2024-Q2,ORG-12345,SITE-E,England,Wood,Primary,Exported,4.70261,2024-05-27
REC-2460-Q4 2024-SITE-D-PC01,,ORG-12345,SITE-D,Northern Ireland,Paper/card,Shipment,Imported,986.31,2024-02-27
REC-2461-2024-Q3-SITE-B-PL02,2024-Q3,ORG-12345,SITE-B,Scotland,Plastic,Primary,Exported,2.77611,2024-04-21
REC-2462-Q2 2024-SITE-B-FB01,2024-Q2,ORG-12345,SITE-B,Scotland,Fibre-based composite,Primary,Exported,3.71727,2024-09-05
REC-2463-2024-Q3-SITE-A-ST01,2024-Q3,ORG-12345,SITE-A,England,Steel,Primary,Imported,2.06256,2024-12-19
REC-2464-2024-Q1-SITE-E-WD01,2024-Q1,ORG-12345,SITE-E,England,Wood,Tertiary,Exported,2107.64,2024-10-23
REC-2465-2024-Q1-SITE-D-PC01,2024-Q1,ORG-12345,SITE-D,Northern Ireland,Paper/card,Tertiary,Exported,4491.07,2024-12-14
REC-2466-2024-Q1-SITE-C-PL02,2024-Q1,ORG-12345,SITE-C,Wales,Plastic,Tertiary,Exported,4862.78,2024-05-28
REC-2467-Q2 2024-SITE-A-AL01,2024-Q2,ORG-12345,SITE-A,England,Aluminium,Primary,Imported,1078.8,2024-10-15
REC-2468-Q4 2024-SITE-D-PC01,,ORG-12345,SITE-D,Northern Ireland,Paper/card,Primary,Supplied as goods,851.84,2024-04-16
REC-2469-Q2 2024-SITE-B-WD01,2024-Q2,ORG-12345,SITE-B,Scotland,Wood,Tertiary,Imported,3.6626700000000003,2024-10-07
REC-2470-2024-Q3-SITE-B-GL01,2024-Q3,ORG-12345,SITE-B,Scotland,Glass,Shipment,Supplied as goods,0.09613,2024-11-03
REC-2471-Q2 2024-SITE-A-PL02,2024-Q2,ORG-12345,SITE-A,England,Plastic,Primary,Supplied as goods,4.395180000000001,2024-05-23
REC-2472-Q4 2024-SITE-D-FB01,,ORG-12345,SITE-D,Northern Ireland,Fibre-based composite,Secondary,Imported,0.38522000000000006,2024-01-20
REC-2473-2024-Q3-SITE-E-WD01,2024-Q3,ORG-12345,SITE-E,England,Wood,Tertiary,Imported,752.87,2024-05-21
REC-2474-2024-Q1-SITE-A-PL01,2024-Q1,ORG-12345,SITE-A,England,Plastic,Primary,Imported,3.22669,2024-05-12
REC-2475-2024-Q1-SITE-B-OT01,2024-Q1,ORG-12345,SITE-B,Scotland,Other,Tertiary,Imported,4.08952,2024-06-01
REC-2476-2024-Q1-SITE-A-GL01,2024-Q1,ORG-12345,SITE-A,England,Glass,Primary,Supplied as goods,2723.91,2024-09-03
REC-2477-2024-Q3-SITE-A-GL01,2024-Q3,ORG-12345,SITE-A,England,Glass,Primary,Exported,3995.49,2024-08-26
REC-2478-Q4 2024-SITE-A-FB01,,ORG-12345,SITE-A,England,Fibre-based composite,Tertiary,Imported,3319.74,2024-12-05
REC-2479-2024-Q1-SITE-C-WD01,2024-Q1,ORG-12345,SITE-C,Wales,Wood,Secondary,Imported,2.0989,2024-07-17
REC-2480-Q4 2024-SITE-B-OT01,,ORG-12345,SITE-B,Scotland,Other,Primary,Exported,4368.37,2024-03-30
REC-2481-2024-Q1-SITE-E-PC01,2024-Q1,ORG-12345,SITE-E,England,Paper/card,Shipment,Supplied as goods,940.4,2025-01-01
REC-2482-Q2 2024-SITE-C-PC01,2024-Q2,ORG-12345,SITE-C,Wales,Paper/card,Secondary,Imported,3803.33,2024-09-19
REC-2483-2024-Q1-SITE-B-AL01,2024-Q1,ORG-12345,SITE-B,Scotland,Aluminium,Tertiary,Supplied as goods,2.2842800000000003,2024-02-27
REC-2484-2024-Q3-SITE-B-PL02,2024-Q3,ORG-12345,SITE-B,Scotland,Plastic,Primary,Supplied as goods,2.67803,2024-10-24
REC-2485-2024-Q1-SITE-D-FB01,2024-Q1,ORG-12345,SITE-D,Northern Ireland,Fibre-based composite,Tertiary,Exported,3.0902399999999997,2024-06-12
REC-2486-2024-Q1-SITE-C-PL01,2024-Q1,ORG-12345,SITE-C,Wales,Plastic,Tertiary,Exported,4.66604,2024-11-27
REC-2487-Q4 2024-SITE-A-ST01,,ORG-12345,SITE-A,England,Steel,Tertiary,Imported,932.1,2024-04-12
REC-2488-Q2 2024-SITE-B-GL01,2024-Q2,ORG-12345,SITE-B,Scotland,Glass,Primary,Imported,4729.46,2024-09-03
REC-2489-Q2 2024-SITE-B-GL01,2024-Q2,ORG-12345,SITE-B,Scotland,Glass,Primary,Supplied as goods,1835.55,2024-07-25
REC-2490-Q4 2024-SITE-E-GL01,,ORG-12345,SITE-E,England,Glass,Secondary,Exported,1636.49,2024-04-23
REC-2491-2024-Q3-SITE-C-PL01,2024-Q3,ORG-12345,SITE-C,Wales,Plastic,Tertiary,Exported,4.09145,2024-08-28
REC-2492-2024-Q3-SITE-E-PL01,2024-Q3,ORG-12345,SITE-E,England,Plastic,Secondary,Exported,4211.06,2024-06-01
REC-2493-Q4 2024-SITE-E-WD01,,ORG-12345,SITE-E,England,Wood,Primary,Supplied as goods,101.11,2024-12-30
REC-2494-Q4 2024-SITE-B-PC01,,ORG-12345,SITE-B,Scotland,Paper/card,Primary,Exported,3842.14,2024-05-25
REC-2495-2024-Q3-SITE-B-GL01,2024-Q3,ORG-12345,SITE-B,Scotland,Glass,Secondary,Imported,3.19157,2024-05-13
REC-2496-Q2 2024-SITE-C-ST01,2024-Q2,ORG-12345,SITE-C,Wales,Steel,Primary,Imported,4610.35,2024-07-16
REC-2497-2024-Q1-SITE-C-GL01,2024-Q1,ORG-12345,SITE-C,Wales,Glass,Primary,Imported,448.74,2024-11-19
REC-2498-2024-Q3-SITE-B-GL01,2024-Q3,ORG-12345,SITE-B,Scotland,Glass,Primary,Exported,1.87598,2024-02-20
REC-2499-2024-Q3-SITE-E-PC01,2024-Q3,ORG-12345,SITE-E,England,Paper/card,Tertiary,Imported,1.13091,2024-12-20
REC-2500-Q2 2024-SITE-D-FB01,2024-Q2,ORG-12345,SITE-D,Northern Ireland,Fibre-based composite,Primary,Imported,1.2595999999999998,2024-06-14
REC-2501-2024Q2-SITE-C-GL01,2024-Q2,ORG-12345,SITE-C,Wales,Glass,Primary,Imported,1916.07,2024-12-22
REC-2502-2024-Q1-SITE-B-OT01,2024-Q1,ORG-12345,SITE-B,Scotland,Other,Secondary,Supplied as goods,1.0129299999999999,2024-06-02
REC-2503-2024-Q1-SITE-A-OT01,2024-Q1,ORG-12345,SITE-A,England,Other,Primary,Supplied as goods,3.53664,2024-04-01
REC-2504-2024-Q1-SITE-C-PL02,2024-Q1,ORG-12345,SITE-C,Wales,Plastic,Tertiary,Supplied as goods,3921.45,2024-07-23
REC-2505-2024-Q3-SITE-D-OT01,2024-Q3,ORG-12345,SITE-D,Northern Ireland,Other,Primary,Imported,2.7400300000000004,2024-03-08
REC-2506-2024-Q3-SITE-D-PL02,2024-Q3,ORG-12345,SITE-D,Northern Ireland,Plastic,Shipment,Imported,1.34761,2024-03-23
REC-2507-Q4 2024-SITE-D-PL01,,ORG-12345,SITE-D,Northern Ireland,Plastic,Primary,Imported,929.42,2024-03-15
REC-2508-Q4 2024-SITE-C-OT01,,ORG-12345,SITE-C,Wales,Other,Secondary,Exported,4800.83,2024-06-22
REC-2509-Q2 2024-SITE-C-PL02,2024-Q2,ORG-12345,SITE-C,Wales,Plastic,Shipment,Imported,3.63489,2024-11-22
REC-2510-Q2 2024-SITE-A-GL01,2024-Q2,ORG-12345,SITE-A,England,Glass,Tertiary,Imported,4.05288,2024-01-23
REC-2511-2024-Q3-SITE-E-ST01,2024-Q3,ORG-12345,SITE-E,England,Steel,Tertiary,Supplied as goods,0.27509,2024-05-05
REC-2512-Q4 2024-SITE-A-PL02,,ORG-12345,SITE-A,England,Plastic,Secondary,Exported,2.45371,2024-08-30
REC-2513-2024-Q1-SITE-E-GL01,2024-Q1,ORG-12345,SITE-E,England,Glass,Tertiary,Imported,,2024-04-06
REC-2514-Q2 2024-SITE-A-OT01,2024-Q2,ORG-12345,SITE-A,England,Other,Tertiary,Supplied as goods,0.59892,2024-08-18
REC-2515-2024-Q1-SITE-A-UNKNOWN,2024-Q1,ORG-12345,SITE-A,England,,Primary,Exported,3.45654,2024-07-11
REC-2516-Q4 2024-SITE-E-AL01,,ORG-12345,SITE-E,England,Aluminium,Tertiary,Supplied as goods,2.7192399999999997,2024-03-04
REC-2517-Q2 2024-SITE-Z-PL01,2024-Q2,ORG-12345,SITE-Z,,Plastic,Secondary,Exported,0.27975,2024-05-14
REC-2518-Q2 2024-SITE-D-OT01,2024-Q2,ORG-12345,SITE-D,Northern Ireland,Other,Tertiary,Supplied as goods,4.679819999999999,2024-10-30
REC-2519-Q4 2024-SITE-B-PL01,,ORG-12345,SITE-B,Scotland,Plastic,Primary,Imported,2020.63,2024-05-18
REC-2520-Q4 2024-SITE-E-AL01,,ORG-12345,SITE-E,England,Aluminium,Primary,Exported,4.96507,2024-04-28
REC-2521-2024-Q3-SITE-E-AL01,2024-Q3,ORG-12345,SITE-E,England,Aluminium,Tertiary,Imported,2.06717,2024-03-13
REC-2522-Q2 2024-SITE-A-OT01,2024-Q2,ORG-12345,SITE-A,England,Other,Tertiary,Imported,926.31,2024-10-23
REC-2523-Q2 2024-SITE-B-ST01,2024-Q2,ORG-12345,SITE-B,Scotland,Steel,Tertiary,Supplied as goods,0.054060000000000004,2024-09-29
REC-2524-Q2 2024-SITE-A-GL01,2024-Q2,ORG-12345,SITE-A,England,Glass,Primary,Supplied as goods,3.59864,2024-04-19
REC-2525-Q4 2024-SITE-E-WD01,,ORG-12345,SITE-E,England,Wood,Tertiary,Exported,3.6552,2025-01-07
REC-2526-Q4 2024-SITE-A-PL01,,ORG-12345,SITE-A,England,Plastic,Secondary,Imported,2.49039,2024-07-22
REC-2527-Q2 2024-SITE-C-GL01,2024-Q2,ORG-12345,SITE-C,Wales,Glass,Primary,Exported,4.49933,2024-11-28
REC-2528-Q4 2024-SITE-A-GL01,,ORG-12345,SITE-A,England,Glass,Secondary,Exported,2250.74,2025-01-04
REC-2529-2024-Q3-SITE-E-PL02,2024-Q3,ORG-12345,SITE-E,England,Plastic,Secondary,Exported,2.1240500000000004,2024-12-18
REC-2530-Q4 2024-SITE-D-WD01,,ORG-12345,SITE-D,Northern Ireland,Wood,Primary,Exported,3.39401,2025-01-05
REC-2531-2024-Q1-SITE-E-FB01,2024-Q1,ORG-12345,SITE-E,England,Fibre-based composite,Shipment,Imported,3830.41,2024-06-28
REC-2532-2024-Q3-SITE-C-WD01,2024-Q3,ORG-12345,SITE-C,Wales,Wood,Primary,Imported,3.1028800000000003,2024-11-18
REC-2533-2024-Q3-SITE-D-ST01,2024-Q3,ORG-12345,SITE-D,Northern Ireland,Steel,Tertiary,Imported,3.1599600000000003,2024-11-06
REC-2534-Q4 2024-SITE-E-PL01,,ORG-12345,SITE-E,England,Plastic,Secondary,Imported,3.15564,2024-11-12
REC-2535-2024-Q1-SITE-D-ST01,2024-Q1,ORG-12345,SITE-D,Northern Ireland,Steel,Primary,Imported,2891.77,2024-01-16
REC-2536-2024-Q3-SITE-C-OT01,2024-Q3,ORG-12345,SITE-C,Wales,Other,Tertiary,Exported,2313.56,2024-11-26
REC-2537-2024-Q3-SITE-E-ST01,2024-Q3,ORG-12345,SITE-E,England,Steel,Secondary,Imported,0.42258,2024-08-12
REC-2538-Q4 2024-SITE-B-WD01,,ORG-12345,SITE-B,Scotland,Wood,Primary,Imported,4202.53,2024-11-07
REC-2539-2024-Q1-SITE-C-OT01,2024-Q1,ORG-12345,SITE-C,Wales,Other,Tertiary,Exported,578.75,2024-06-11
REC-2540-2024-Q3-SITE-A-PC01,2024-Q3,ORG-12345,SITE-A,England,Paper/card,Primary,Exported,874.99,2024-03-15
REC-2541-Q4 2024-SITE-A-PL01,,ORG-12345,SITE-A,England,Plastic,Primary,Imported,740.73,2024-06-11
REC-2542-2024-Q3-SITE-C-OT01,2024-Q3,ORG-12345,SITE-C,Wales,Other,Shipment,Supplied as goods,0.13949,2024-10-07
REC-2543-2024-Q3-SITE-A-PL02,2024-Q3,ORG-12345,SITE-A,England,Plastic,Tertiary,Supplied as goods,0.052700000000000004,2024-06-19
REC-2544-2024-Q1-SITE-C-OT01,2024-Q1,ORG-12345,SITE-C,Wales,Other,Shipment,Supplied as goods,3113.33,2024-07-10
REC-2545-2024-Q1-SITE-C-FB01,2024-Q1,ORG-12345,SITE-C,Wales,Fibre-based composite,Tertiary,Supplied as goods,122.12,2024-01-15
REC-2546-2024-Q1-SITE-D-AL01,2024-Q1,ORG-12345,SITE-D,Northern Ireland,Aluminium,Primary,Exported,1757.32,2024-11-15
REC-2547-2024-Q3-SITE-D-PC01,2024-Q3,ORG-12345,SITE-D,Northern Ireland,Paper/card,Tertiary,Supplied as goods,135.57,2024-10-26
REC-2548-2024-Q3-SITE-E-ST01,2024-Q3,ORG-12345,SITE-E,England,Steel,Tertiary,Exported,998.33,2024-08-31
REC-2549-Q4 2024-SITE-A-PL01,,ORG-12345,SITE-A,England,Plastic,Shipment,Imported,4.5742,2024-08-14
REC-2550-2024-Q3-SITE-D-PL01,2024-Q3,ORG-12345,SITE-D,Northern Ireland,Plastic,Primary,Supplied as goods,3.1735700000000002,2024-03-17
REC-2551-Q2 2024-SITE-C-PL01,2024-Q2,ORG-12345,SITE-C,Wales,Plastic,Primary,Imported,4598.72,2024-11-14
REC-2552-Q4 2024-SITE-D-PL01,,ORG-12345,SITE-D,Northern Ireland,Plastic,Secondary,Imported,1407.58,2024-04-08
REC-2553-2024-Q3-SITE-A-ST01,2024-Q3,ORG-12345,SITE-A,England,Steel,Primary,Imported,0.75173,2024-11-22
REC-2554-Q2 2024-SITE-B-FB01,2024-Q2,ORG-12345,SITE-B,Scotland,Fibre-based composite,Tertiary,Imported,727.79,2024-03-18
REC-2555-2024-Q1-SITE-D-PL01,2024-Q1,ORG-12345,SITE-D,Northern Ireland,Plastic,Secondary,Supplied as goods,1116.5,2024-09-26
REC-2556-2024-Q3-SITE-C-ST01,2024-Q3,ORG-12345,SITE-C,Wales,Steel,Secondary,Imported,1552.69,2024-05-08
REC-2557-Q2 2024-SITE-E-FB01,2024-Q2,ORG-12345,SITE-E,England,Fibre-based composite,Secondary,Supplied as goods,0.52713,2024-01-18
REC-2558-2024-Q3-SITE-C-WD01,2024-Q3,ORG-12345,SITE-C,Wales,Wood,Tertiary,Supplied as goods,4848.77,2024-03-07
REC-2559-Q2 2024-SITE-D-GL01,2024-Q2,ORG-12345,SITE-D,Northern Ireland,Glass,Tertiary,Exported,0.32897000000000004,2024-04-18
REC-2560-Q2 2024-SITE-B-PL02,2024-Q2,ORG-12345,SITE-B,Scotland,Plastic,Tertiary,Supplied as goods,4650.01,2024-09-08
REC-2561-2024-Q3-SITE-E-WD01,2024-Q3,ORG-12345,SITE-E,England,Wood,Primary,Imported,3.87338,2024-06-27
REC-2562-2024-Q3-SITE-B-PC01,2024-Q3,ORG-12345,SITE-B,Scotland,Paper/card,Shipment,Imported,896.3,2024-06-23
REC-2563-2024-Q3-SITE-D-PL02,2024-Q3,ORG-12345,SITE-D,Northern Ireland,Plastic,Secondary,Supplied as goods,4888.62,2024-02-27
REC-2564-2024-Q1-SITE-E-WD01,2024-Q1,ORG-12345,SITE-E,England,Wood,Primary,Supplied as goods,1.71314,2024-06-20
REC-2565-Q2 2024-SITE-D-PL02,2024-Q2,ORG-12345,SITE-D,Northern Ireland,Plastic,Secondary,Imported,2297.83,2024-12-06
REC-2566-Q4 2024-SITE-A-AL01,,ORG-12345,SITE-A,England,Aluminium,Secondary,Supplied as goods,1522.94,2024-07-15
REC-2567-Q2 2024-SITE-C-ST01,2024-Q2,ORG-12345,SITE-C,Wales,Steel,Tertiary,Exported,2324.34,2024-07-03
REC-2568-2024-Q1-SITE-B-AL01,2024-Q1,ORG-12345,SITE-B,Scotland,Aluminium,Secondary,Exported,2.6948600000000003,2024-05-05
REC-2569-Q2 2024-SITE-E-FB01,2024-Q2,ORG-12345,SITE-E,England,Fibre-based composite,Primary,Supplied as goods,3.45749,2024-02-03
REC-2570-2024-Q1-SITE-E-OT01,2024-Q1,ORG-12345,SITE-E,England,Other,Secondary,Exported,2.69799,2024-04-13
REC-2571-Q4 2024-SITE-E-WD01,,ORG-12345,SITE-E,England,Wood,Shipment,Imported,1021.68,2024-06-24
REC-2572-2024-Q3-SITE-D-PL02,2024-Q3,ORG-12345,SITE-D,Northern Ireland,Plastic,Secondary,Supplied as goods,655.02,2024-05-02
REC-2573-2024-Q1-SITE-A-PC01,2024-Q1,ORG-12345,SITE-A,England,Paper/card,Tertiary,Supplied as goods,2.43902,2024-08-19
REC-2574-2024-Q1-SITE-D-WD01,2024-Q1,ORG-12345,SITE-D,Northern Ireland,Wood,Primary,Imported,1432.12,2024-09-16
REC-2575-2024-Q1-SITE-E-WD01,2024-Q1,ORG-12345,SITE-E,England,Wood,Tertiary,Imported,4670.9,2024-05-08
REC-2576-Q4 2024-SITE-D-AL01,,ORG-12345,SITE-D,Northern Ireland,Aluminium,Tertiary,Imported,725.93,2024-07-07
REC-2577-2024-Q1-SITE-A-PL01,2024-Q1,ORG-12345,SITE-A,England,Plastic,Shipment,Exported,2.8968200000000004,2024-10-13
REC-2578-Q2 2024-SITE-E-OT01,2024-Q2,ORG-12345,SITE-E,England,Other,Secondary,Imported,1.17798,2024-07-07
REC-2579-2024-Q3-SITE-E-GL01,2024-Q3,ORG-12345,SITE-E,England,Glass,Primary,Exported,470.67,2024-04-11
REC-2580-Q4 2024-SITE-E-ST01,,ORG-12345,SITE-E,England,Steel,Secondary,Imported,3693.81,2024-07-22
REC-2581-2024-Q3-SITE-D-WD01,2024-Q3,ORG-12345,SITE-D,Northern Ireland,Wood,Primary,Exported,4558.65,2024-11-02
REC-2582-2024-Q1-SITE-E-PC01,2024-Q1,ORG-12345,SITE-E,England,Paper/card,Tertiary,Exported,0.67577,2024-03-28
REC-2583-2024-Q3-SITE-B-PL02,2024-Q3,ORG-12345,SITE-B,Scotland,Plastic,Secondary,Exported,2.9398400000000002,2024-10-17
REC-2584-Q4 2024-SITE-A-AL01,,ORG-12345,SITE-A,England,Aluminium,Tertiary,Exported,4541.15,2024-07-01
REC-2585-Q2 2024-SITE-C-OT01,2024-Q2,ORG-12345,SITE-C,Wales,Other,Secondary,Imported,4.63093,2024-09-25
REC-2586-Q2 2024-SITE-A-GL01,2024-Q2,ORG-12345,SITE-A,England,Glass,Shipment,Imported,4.91111,2024-05-05
REC-2587-2024-Q1-SITE-E-PL01,2024-Q1,ORG-12345,SITE-E,England,Plastic,Primary,Exported,2538.75,2024-11-05
REC-2588-2024-Q3-SITE-C-AL01,2024-Q3,ORG-12345,SITE-C,Wales,Aluminium,Shipment,Imported,4.17975,2024-01-20
REC-2589-Q4 2024-SITE-A-PL01,,ORG-12345,SITE-A,England,Plastic,Tertiary,Exported,3.30062,2024-11-05
REC-2590-Q2 2024-SITE-D-PL01,2024-Q2,ORG-12345,SITE-D,Northern Ireland,Plastic,Secondary,Imported,781.64,2024-07-24
REC-2591-2024-Q1-SITE-D-PL02,2024-Q1,ORG-12345,SITE-D,Northern Ireland,Plastic,Tertiary,Exported,1.59975,2024-06-26
REC-2592-Q2 2024-SITE-A-AL01,2024-Q2,ORG-12345,SITE-A,England,Aluminium,Primary,Exported,2.00309,2024-02-24
REC-2593-Q2 2024-SITE-C-PL01,2024-Q2,ORG-12345,SITE-C,Wales,Plastic,Primary,Exported,671.97,2024-06-24
REC-2594-2024-Q1-SITE-E-PC01,2024-Q1,ORG-12345,SITE-E,England,Paper/card,Primary,Supplied as goods,3.6313600000000004,2024-10-12
REC-2595-2024-Q3-SITE-A-PC01,2024-Q3,ORG-12345,SITE-A,England,Paper/card,Tertiary,Exported,3.99813,2024-02-15
REC-2596-2024-Q1-SITE-D-GL01,2024-Q1,ORG-12345,SITE-D,Northern Ireland,Glass,Secondary,Supplied as goods,3.58744,2025-01-05
REC-2597-Q4 2024-SITE-B-OT01,,ORG-12345,SITE-B,Scotland,Other,Secondary,Supplied as goods,1926.62,2024-05-05
REC-2598-2024-Q3-SITE-B-PC01,2024-Q3,ORG-12345,SITE-B,Scotland,Paper/card,Shipment,Exported,3.0179400000000003,2024-11-26
REC-2599-2024-Q1-SITE-D-PL01,2024-Q1,ORG-12345,SITE-D,Northern Ireland,Plastic,Tertiary,Supplied as goods,3151.83,2024-12-04
REC-2600-Q4 2024-SITE-D-ST01,,ORG-12345,SITE-D,Northern Ireland,Steel,Secondary,Exported,1269.24,2024-11-09
REC-2601-2024Q2-SITE-A-WD01,2024-Q2,ORG-12345,SITE-A,England,Wood,Shipment,Supplied as goods,1.81749,2024-05-20
REC-2602-Q2 2024-SITE-E-FB01,2024-Q2,ORG-12345,SITE-E,England,Fibre-based composite,Tertiary,Exported,0.26081,2024-09-19
REC-2603-Q4 2024-SITE-D-GL01,,ORG-12345,SITE-D,Northern Ireland,Glass,Primary,Supplied as goods,4283.54,2024-07-08
REC-2604-2024-Q3-SITE-C-AL01,2024-Q3,ORG-12345,SITE-C,Wales,Aluminium,Secondary,Supplied as goods,2630.14,2025-01-09
REC-2605-Q2 2024-SITE-C-FB01,2024-Q2,ORG-12345,SITE-C,Wales,Fibre-based composite,Primary,Supplied as goods,4.47184,2024-10-15
REC-2606-2024-Q1-SITE-A-ST01,2024-Q1,ORG-12345,SITE-A,England,Steel,Secondary,Imported,262.13,2024-12-22
REC-2607-2024-Q3-SITE-A-OT01,2024-Q3,ORG-12345,SITE-A,England,Other,Shipment,Supplied as goods,0.72008,2024-03-15
REC-2608-2024-Q3-SITE-C-FB01,2024-Q3,ORG-12345,SITE-C,Wales,Fibre-based composite,Primary,Imported,0.71489,2024-06-01
REC-2609-2024-Q3-SITE-E-WD01,2024-Q3,ORG-12345,SITE-E,England,Wood,Primary,Exported,3.78714,2024-01-26
REC-2610-2024-Q1-SITE-C-FB01,2024-Q1,ORG-12345,SITE-C,Wales,Fibre-based composite,Shipment,Supplied as goods,2121.03,2024-04-12
REC-2611-Q4 2024-SITE-E-GL01,,ORG-12345,SITE-E,England,Glass,Shipment,Exported,3829.48,2024-06-26
REC-2612-Q4 2024-SITE-E-PC01,,ORG-12345,SITE-E,England,Paper/card,Primary,Exported,1223.79,2024-09-22
REC-2613-2024-Q1-SITE-D-PL02,2024-Q1,ORG-12345,SITE-D,Northern Ireland,Plastic,Secondary,Imported,,2024-07-29
REC-2614-2024-Q3-SITE-B-ST01,2024-Q3,ORG-12345,SITE-B,Scotland,Steel,Tertiary,Exported,3.84005,2024-11-12
REC-2615-Q4 2024-SITE-B-UNKNOWN,,ORG-12345,SITE-B,Scotland,,Tertiary,Exported,4510.67,2024-12-13
REC-2616-2024-Q3-SITE-D-PC01,2024-Q3,ORG-12345,SITE-D,Northern Ireland,Paper/card,Shipment,Supplied as goods,3.6748800000000004,2024-09-01
REC-2617-2024-Q1-SITE-Z-PL01,2024-Q1,ORG-12345,SITE-Z,,Plastic,Tertiary,Imported,0.51675,2024-03-12
REC-2618-Q2 2024-SITE-A-PC01,2024-Q2,ORG-12345,SITE-A,England,Paper/card,Primary,Exported,4138.23,2024-03-20
REC-2619-2024-Q3-SITE-A-FB01,2024-Q3,ORG-12345,SITE-A,England,Fibre-based composite,Primary,Imported,1.35931,2024-12-15
REC-2620-Q4 2024-SITE-C-GL01,,ORG-12345,SITE-C,Wales,Glass,Tertiary,Supplied as goods,4.47747,2024-03-23
REC-2621-2024-Q3-SITE-D-PL01,2024-Q3,ORG-12345,SITE-D,Northern Ireland,Plastic,Secondary,Imported,0.37811,2024-10-30
REC-2622-2024-Q1-SITE-E-AL01,2024-Q1,ORG-12345,SITE-E,England,Aluminium,Primary,Imported,1.8876,2024-11-28
REC-2623-2024-Q3-SITE-B-WD01,2024-Q3,ORG-12345,SITE-B,Scotland,Wood,Tertiary,Exported,1.58235,2024-09-09
REC-2624-Q4 2024-SITE-B-PL01,,ORG-12345,SITE-B,Scotland,Plastic,Shipment,Exported,3690.12,2024-11-04
REC-2625-2024-Q3-SITE-D-FB01,2024-Q3,ORG-12345,SITE-D,Northern Ireland,Fibre-based composite,Primary,Supplied as goods,0.92841,2024-04-18
REC-2626-Q4 2024-SITE-B-ST01,,ORG-12345,SITE-B,Scotland,Steel,Primary,Imported,4.17029,2024-03-10
REC-2627-Q4 2024-SITE-C-OT01,,ORG-12345,SITE-C,Wales,Other,Tertiary,Exported,0.30551,2024-08-22
REC-2628-Q2 2024-SITE-A-PL02,2024-Q2,ORG-12345,SITE-A,England,Plastic,Tertiary,Imported,1114.81,2024-08-06
REC-2629-2024-Q1-SITE-A-WD01,2024-Q1,ORG-12345,SITE-A,England,Wood,Tertiary,Exported,0.8906799999999999,2024-07-04
REC-2630-2024-Q3-SITE-E-AL01,2024-Q3,ORG-12345,SITE-E,England,Aluminium,Secondary,Imported,3.62114,2024-08-11
REC-2631-2024-Q3-SITE-D-OT01,2024-Q3,ORG-12345,SITE-D,Northern Ireland,Other,Shipment,Supplied as goods,99.38,2024-02-14
REC-2632-Q4 2024-SITE-A-PL02,,ORG-12345,SITE-A,England,Plastic,Secondary,Supplied as goods,0.7259800000000001,2024-11-25
REC-2633-Q2 2024-SITE-D-WD01,2024-Q2,ORG-12345,SITE-D,Northern Ireland,Wood,Primary,Supplied as goods,3.77554,2024-03-02
REC-2634-Q4 2024-SITE-E-PL02,,ORG-12345,SITE-E,England,Plastic,Primary,Exported,4.07433,2024-12-15
REC-2635-2024-Q3-SITE-C-FB01,2024-Q3,ORG-12345,SITE-C,Wales,Fibre-based composite,Secondary,Supplied as goods,0.9689099999999999,2024-06-06
REC-2636-Q2 2024-SITE-E-FB01,2024-Q2,ORG-12345,SITE-E,England,Fibre-based composite,Tertiary,Supplied as goods,4.9940299999999995,2024-02-19
REC-2637-Q4 2024-SITE-B-WD01,,ORG-12345,SITE-B,Scotland,Wood,Tertiary,Supplied as goods,2301.2,2024-03-29
REC-2638-2024-Q3-SITE-B-AL01,2024-Q3,ORG-12345,SITE-B,Scotland,Aluminium,Tertiary,Imported,1.50102,2024-03-02
REC-2639-2024-Q3-SITE-E-FB01,2024-Q3,ORG-12345,SITE-E,England,Fibre-based composite,Primary,Supplied as goods,1.74449,2024-03-27
REC-2640-Q2 2024-SITE-D-PL01,2024-Q2,ORG-12345,SITE-D,Northern Ireland,Plastic,Shipment,Imported,1560.2,2024-11-25
REC-2641-2024-Q1-SITE-C-PL01,2024-Q1,ORG-12345,SITE-C,Wales,Plastic,Primary,Exported,954.03,2024-03-21
REC-2642-2024-Q1-SITE-E-WD01,2024-Q1,ORG-12345,SITE-E,England,Wood,Secondary,Supplied as goods,3275.15,2024-03-23
REC-2643-Q4 2024-SITE-A-ST01,,ORG-12345,SITE-A,England,Steel,Secondary,Exported,1827.5,2024-03-22
REC-2644-2024-Q1-SITE-E-PL02,2024-Q1,ORG-12345,SITE-E,England,Plastic,Primary,Exported,3353.7,2024-08-22
REC-2645-Q4 2024-SITE-C-OT01,,ORG-12345,SITE-C,Wales,Other,Secondary,Exported,1463.4,2024-08-21
REC-2646-2024-Q1-SITE-D-OT01,2024-Q1,ORG-12345,SITE-D,Northern Ireland,Other,Tertiary,Imported,678.16,2024-09-27
REC-2647-Q2 2024-SITE-E-OT01,2024-Q2,ORG-12345,SITE-E,England,Other,Secondary,Imported,2.3081199999999997,2024-12-16
REC-2648-2024-Q3-SITE-D-OT01,2024-Q3,ORG-12345,SITE-D,Northern Ireland,Other,Primary,Exported,0.5922000000000001,2024-10-31
REC-2649-Q2 2024-SITE-D-GL01,2024-Q2,ORG-12345,SITE-D,Northern Ireland,Glass,Primary,Imported,1.53884,2024-11-21
REC-2650-2024-Q3-SITE-C-GL01,2024-Q3,ORG-12345,SITE-C,Wales,Glass,Tertiary,Supplied as goods,3.93784,2024-08-25
REC-2651-Q4 2024-SITE-B-ST01,,ORG-12345,SITE-B,Scotland,Steel,Secondary,Supplied as goods,2.54564,2024-06-03
REC-2652-2024-Q1-SITE-B-FB01,2024-Q1,ORG-12345,SITE-B,Scotland,Fibre-based composite,Primary,Supplied as goods,3.58636,2024-04-26
REC-2653-2024-Q3-SITE-C-WD01,2024-Q3,ORG-12345,SITE-C,Wales,Wood,Tertiary,Exported,0.7845,2024-04-30
REC-2654-2024-Q3-SITE-B-AL01,2024-Q3,ORG-12345,SITE-B,Scotland,Aluminium,Primary,Supplied as goods,152.07,2024-08-08
REC-2655-2024-Q1-SITE-A-WD01,2024-Q1,ORG-12345,SITE-A,England,Wood,Primary,Exported,0.6005900000000001,2024-05-23
REC-2656-Q2 2024-SITE-D-PL02,2024-Q2,ORG-12345,SITE-D,Northern Ireland,Plastic,Secondary,Supplied as goods,0.16456,2024-03-26
REC-2657-2024-Q1-SITE-E-WD01,2024-Q1,ORG-12345,SITE-E,England,Wood,Primary,Imported,3723.71,2024-01-19
REC-2658-Q4 2024-SITE-E-OT01,,ORG-12345,SITE-E,England,Other,Tertiary,Exported,1.71735,2024-05-26
REC-2659-Q2 2024-SITE-B-FB01,2024-Q2,ORG-12345,SITE-B,Scotland,Fibre-based composite,Primary,Supplied as goods,300.78,2024-03-15
REC-2660-2024-Q1-SITE-A-PL02,2024-Q1,ORG-12345,SITE-A,England,Plastic,Tertiary,Supplied as goods,4.767810000000001,2024-03-02
REC-2661-Q2 2024-SITE-E-OT01,2024-Q2,ORG-12345,SITE-E,England,Other,Tertiary,Imported,3486.8,2024-06-21
REC-2662-2024-Q3-SITE-A-GL01,2024-Q3,ORG-12345,SITE-A,England,Glass,Primary,Supplied as goods,3.19781,2024-06-28
REC-2663-Q4 2024-SITE-C-AL01,,ORG-12345,SITE-C,Wales,Aluminium,Secondary,Imported,2085.02,2024-11-20
REC-2664-Q4 2024-SITE-D-ST01,,ORG-12345,SITE-D,Northern Ireland,Steel,Secondary,Exported,4458.33,2024-03-30
REC-2665-Q2 2024-SITE-A-PL01,2024-Q2,ORG-12345,SITE-A,England,Plastic,Primary,Supplied as goods,2775.16,2024-10-17
REC-2666-Q4 2024-SITE-B-PL02,,ORG-12345,SITE-B,Scotland,Plastic,Tertiary,Exported,0.80343,2024-06-10
REC-2667-2024-Q1-SITE-E-PL01,2024-Q1,ORG-12345,SITE-E,England,Plastic,Primary,Imported,746.66,2024-05-28
REC-2668-Q4 2024-SITE-B-PC01,,ORG-12345,SITE-B,Scotland,Paper/card,Primary,Imported,1175.64,2024-04-05
REC-2669-Q2 2024-SITE-A-AL01,2024-Q2,ORG-12345,SITE-A,England,Aluminium,Secondary,Imported,136.11,2024-03-03
REC-2670-2024-Q1-SITE-E-OT01,2024-Q1,ORG-12345,SITE-E,England,Other,Primary,Exported,3.52104,2024-08-16
REC-2671-2024-Q1-SITE-C-PL02,2024-Q1,ORG-12345,SITE-C,Wales,Plastic,Tertiary,Supplied as goods,3942.19,2024-12-20
REC-2672-2024-Q1-SITE-B-FB01,2024-Q1,ORG-12345,SITE-B,Scotland,Fibre-based composite,Primary,Supplied as goods,0.35112,2024-08-20
REC-2673-Q2 2024-SITE-E-FB01,2024-Q2,ORG-12345,SITE-E,England,Fibre-based composite,Primary,Supplied as goods,0.47200000000000003,2024-02-28
REC-2674-Q2 2024-SITE-B-PL01,2024-Q2,ORG-12345,SITE-B,Scotland,Plastic,Primary,Exported,4.400939999999999,2024-12-01
REC-2675-2024-Q3-SITE-C-FB01,2024-Q3,ORG-12345,SITE-C,Wales,Fibre-based composite,Primary,Imported,0.49338,2024-09-25
REC-2676-Q4 2024-SITE-C-FB01,,ORG-12345,SITE-C,Wales,Fibre-based composite,Secondary,Imported,1160.72,2024-02-07
REC-2677-Q2 2024-SITE-D-ST01,2024-Q2,ORG-12345,SITE-D,Northern Ireland,Steel,Tertiary,Supplied as goods,4474.48,2024-06-16
REC-2678-Q2 2024-SITE-C-FB01,2024-Q2,ORG-12345,SITE-C,Wales,Fibre-based composite,Tertiary,Supplied as goods,0.58,2024-07-20
REC-2679-Q4 2024-SITE-C-WD01,,ORG-12345,SITE-C,Wales,Wood,Tertiary,Exported,4.00282,2024-05-26
REC-2680-Q4 2024-SITE-D-AL01,,ORG-12345,SITE-D,Northern Ireland,Aluminium,Secondary,Exported,4.80746,2024-04-10
REC-2681-Q2 2024-SITE-D-GL01,2024-Q2,ORG-12345,SITE-D,Northern Ireland,Glass,Secondary,Supplied as goods,3.75979,2024-09-02
REC-2682-Q4 2024-SITE-C-PL01,,ORG-12345,SITE-C,Wales,Plastic,Shipment,Imported,4244.15,2024-03-21
REC-2683-Q4 2024-SITE-E-ST01,,ORG-12345,SITE-E,England,Steel,Primary,Exported,4402.64,2024-06-01
REC-2684-2024-Q1-SITE-E-ST01,2024-Q1,ORG-12345,SITE-E,England,Steel,Secondary,Imported,4.157850000000001,2024-04-30
REC-2685-2024-Q3-SITE-E-PC01,2024-Q3,ORG-12345,SITE-E,England,Paper/card,Primary,Supplied as goods,2.09327,2024-10-30
REC-2686-Q2 2024-SITE-C-WD01,2024-Q2,ORG-12345,SITE-C,Wales,Wood,Secondary,Supplied as goods,671.49,2024-02-11
REC-2687-Q2 2024-SITE-E-ST01,2024-Q2,ORG-12345,SITE-E,England,Steel,Tertiary,Imported,4399.59,2024-04-01
REC-2688-2024-Q3-SITE-E-PL02,2024-Q3,ORG-12345,SITE-E,England,Plastic,Secondary,Exported,2192.48,2024-07-15
REC-2689-2024-Q3-SITE-C-ST01,2024-Q3,ORG-12345,SITE-C,Wales,Steel,Shipment,Supplied as goods,135.1,2024-02-29
REC-2690-2024-Q1-SITE-B-PL02,2024-Q1,ORG-12345,SITE-B,Scotland,Plastic,Primary,Exported,3565.77,2024-03-30
REC-2691-2024-Q3-SITE-B-WD01,2024-Q3,ORG-12345,SITE-B,Scotland,Wood,Primary,Supplied as goods,4293.01,2024-07-05
REC-2692-2024-Q3-SITE-E-ST01,2024-Q3,ORG-12345,SITE-E,England,Steel,Shipment,Exported,4.04114,2024-08-16
REC-2693-2024-Q1-SITE-C-OT01,2024-Q1,ORG-12345,SITE-C,Wales,Other,Primary,Imported,2.0555,2024-02-06
REC-2694-Q2 2024-SITE-C-GL01,2024-Q2,ORG-12345,SITE-C,Wales,Glass,Primary,Supplied as goods,4085.13,2024-06-05
REC-2695-Q4 2024-SITE-A-PL02,,ORG-12345,SITE-A,England,Plastic,Tertiary,Exported,0.97312,2024-06-22
REC-2696-Q2 2024-SITE-D-OT01,2024-Q2,ORG-12345,SITE-D,Northern Ireland,Other,Secondary,Supplied as goods,4.12779,2024-12-08
REC-2697-2024-Q1-SITE-B-OT01,2024-Q1,ORG-12345,SITE-B,Scotland,Other,Secondary,Supplied as goods,4.9379,2024-04-27
REC-2698-2024-Q1-SITE-A-PL02,2024-Q1,ORG-12345,SITE-A,England,Plastic,Shipment,Imported,2.77626,2024-01-31
REC-2699-Q2 2024-SITE-A-PL01,2024-Q2,ORG-12345,SITE-A,England,Plastic,Primary,Imported,4598.97,2025-01-02
REC-2700-Q4 2024-SITE-E-WD01,,ORG-12345,SITE-E,England,Wood,Tertiary,Supplied as goods,2968.99,2024-03-08
REC-2701-2024Q2-SITE-E-FB01,2024-Q2,ORG-12345,SITE-E,England,Fibre-based composite,Primary,Imported,3.43453,2024-11-07
REC-2702-2024-Q1-SITE-C-ST01,2024-Q1,ORG-12345,SITE-C,Wales,Steel,Tertiary,Exported,2359.96,2024-03-16
REC-2703-Q2 2024-SITE-E-PL02,2024-Q2,ORG-12345,SITE-E,England,Plastic,Primary,Imported,1736.59,2024-03-16
REC-2704-2024-Q1-SITE-E-PL01,2024-Q1,ORG-12345,SITE-E,England,Plastic,Secondary,Supplied as goods,2812.65,2024-03-25
REC-2705-Q4 2024-SITE-A-WD01,,ORG-12345,SITE-A,England,Wood,Shipment,Supplied as goods,3.58954,2024-08-20
REC-2706-Q2 2024-SITE-B-PL01,2024-Q2,ORG-12345,SITE-B,Scotland,Plastic,Shipment,Exported,2584.33,2024-12-26
REC-2707-Q2 2024-SITE-E-FB01,2024-Q2,ORG-12345,SITE-E,England,Fibre-based composite,Secondary,Imported,2.4775300000000002,2024-03-15
REC-2708-Q2 2024-SITE-A-AL01,2024-Q2,ORG-12345,SITE-A,England,Aluminium,Primary,Imported,4.39762,2024-10-21
REC-2709-Q4 2024-SITE-C-PL01,,ORG-12345,SITE-C,Wales,Plastic,Tertiary,Exported,3595.77,2024-01-31
REC-2710-Q2 2024-SITE-B-PL01,2024-Q2,ORG-12345,SITE-B,Scotland,Plastic,Primary,Exported,1321.62,2024-08-04
REC-2711-Q4 2024-SITE-D-GL01,,ORG-12345,SITE-D,Northern Ireland,Glass,Primary,Supplied as goods,1.98398,2024-07-13
REC-2712-Q4 2024-SITE-D-WD01,,ORG-12345,SITE-D,Northern Ireland,Wood,Secondary,Imported,3.34859,2024-12-29
REC-2713-2024-Q3-SITE-B-PC01,2024-Q3,ORG-12345,SITE-B,Scotland,Paper/card,Primary,Imported,,2024-03-27
REC-2714-Q2 2024-SITE-C-PL02,2024-Q2,ORG-12345,SITE-C,Wales,Plastic,Secondary,Supplied as goods,3692.21,2024-02-21
REC-2715-2024-Q3-SITE-A-UNKNOWN,2024-Q3,ORG-12345,SITE-A,England,,Secondary,Supplied as goods,1127.05,2024-06-07
REC-2716-Q2 2024-SITE-E-AL01,2024-Q2,ORG-12345,SITE-E,England,Aluminium,Tertiary,Exported,3.4894499999999997,2024-10-18
REC-2717-2024-Q1-SITE-Z-ST01,2024-Q1,ORG-12345,SITE-Z,,Steel,Shipment,Supplied as goods,1.14093,2024-08-19
REC-2718-Q2 2024-SITE-A-PL02,2024-Q2,ORG-12345,SITE-A,England,Plastic,Tertiary,Supplied as goods,1.6161400000000001,2024-07-21
REC-2719-Q4 2024-SITE-C-PL02,,ORG-12345,SITE-C,Wales,Plastic,Secondary,Imported,3612.49,2024-05-19
REC-2720-2024-Q1-SITE-C-AL01,2024-Q1,ORG-12345,SITE-C,Wales,Aluminium,Tertiary,Exported,4.31938,2024-01-16
REC-2721-Q4 2024-SITE-D-PC01,,ORG-12345,SITE-D,Northern Ireland,Paper/card,Primary,Supplied as goods,4408.3,2024-04-03
REC-2722-Q4 2024-SITE-C-WD01,,ORG-12345,SITE-C,Wales,Wood,Shipment,Exported,3.94683,2024-10-23
REC-2723-2024-Q1-SITE-B-PC01,2024-Q1,ORG-12345,SITE-B,Scotland,Paper/card,Secondary,Exported,3.83635,2024-09-23
REC-2724-Q4 2024-SITE-E-PC01,,ORG-12345,SITE-E,England,Paper/card,Tertiary,Supplied as goods,713.23,2024-03-05
REC-2725-Q4 2024-SITE-E-PC01,,ORG-12345,SITE-E,England,Paper/card,Secondary,Imported,0.81608,2024-05-10
REC-2726-2024-Q3-SITE-D-FB01,2024-Q3,ORG-12345,SITE-D,Northern Ireland,Fibre-based composite,Primary,Supplied as goods,1513.4,2024-08-18
REC-2727-2024-Q1-SITE-D-WD01,2024-Q1,ORG-12345,SITE-D,Northern Ireland,Wood,Secondary,Supplied as goods,0.23156000000000002,2024-09-06
REC-2728-2024-Q3-SITE-D-AL01,2024-Q3,ORG-12345,SITE-D,Northern Ireland,Aluminium,Primary,Exported,2346.03,2024-09-17
REC-2729-2024-Q1-SITE-B-OT01,2024-Q1,ORG-12345,SITE-B,Scotland,Other,Tertiary,Supplied as goods,2.4317100000000003,2024-06-25
REC-2730-2024-Q3-SITE-D-ST01,2024-Q3,ORG-12345,SITE-D,Northern Ireland,Steel,Primary,Exported,0.12893000000000002,2024-06-17
REC-2731-2024-Q1-SITE-D-OT01,2024-Q1,ORG-12345,SITE-D,Northern Ireland,Other,Tertiary,Imported,3.54311,2024-10-29
REC-2732-Q4 2024-SITE-E-GL01,,ORG-12345,SITE-E,England,Glass,Secondary,Imported,3864.36,2024-09-01
REC-2733-Q4 2024-SITE-D-GL01,,ORG-12345,SITE-D,Northern Ireland,Glass,Shipment,Exported,4.17783,2024-05-22
REC-2734-Q2 2024-SITE-B-GL01,2024-Q2,ORG-12345,SITE-B,Scotland,Glass,Primary,Imported,3280.88,2024-02-18
REC-2735-Q4 2024-SITE-D-AL01,,ORG-12345,SITE-D,Northern Ireland,Aluminium,Secondary,Supplied as goods,3646.81,2024-03-25
REC-2736-Q4 2024-SITE-E-PC01,,ORG-12345,SITE-E,England,Paper/card,Shipment,Supplied as goods,1128.55,2024-02-10
REC-2737-Q4 2024-SITE-E-FB01,,ORG-12345,SITE-E,England,Fibre-based composite,Tertiary,Exported,199.54,2024-12-27
REC-2738-2024-Q3-SITE-B-AL01,2024-Q3,ORG-12345,SITE-B,Scotland,Aluminium,Primary,Supplied as goods,3484.91,2024-07-10
REC-2739-Q2 2024-SITE-D-PL01,2024-Q2,ORG-12345,SITE-D,Northern Ireland,Plastic,Tertiary,Exported,4.720770000000001,2024-08-16
REC-2740-2024-Q1-SITE-C-PL02,2024-Q1,ORG-12345,SITE-C,Wales,Plastic,Secondary,Exported,4276.08,2024-04-22
REC-2741-Q4 2024-SITE-E-PC01,,ORG-12345,SITE-E,England,Paper/card,Secondary,Imported,335.98,2024-07-06
REC-2742-2024-Q1-SITE-E-PC01,2024-Q1,ORG-12345,SITE-E,England,Paper/card,Secondary,Supplied as goods,2.20985,2024-10-10
REC-2743-Q4 2024-SITE-B-ST01,,ORG-12345,SITE-B,Scotland,Steel,Primary,Supplied as goods,2410.44,2024-04-29
REC-2744-2024-Q1-SITE-D-GL01,2024-Q1,ORG-12345,SITE-D,Northern Ireland,Glass,Primary,Exported,0.92152,2024-02-22
REC-2745-2024-Q1-SITE-D-WD01,2024-Q1,ORG-12345,SITE-D,Northern Ireland,Wood,Tertiary,Imported,3273.68,2024-03-09
REC-2746-2024-Q3-SITE-E-FB01,2024-Q3,ORG-12345,SITE-E,England,Fibre-based composite,Primary,Supplied as goods,3.90822,2024-06-10
REC-2747-2024-Q3-SITE-A-ST01,2024-Q3,ORG-12345,SITE-A,England,Steel,Tertiary,Exported,2.05053,2024-03-08
REC-2748-2024-Q1-SITE-B-FB01,2024-Q1,ORG-12345,SITE-B,Scotland,Fibre-based composite,Shipment,Supplied as goods,1.07629,2024-08-13
REC-2749-Q4 2024-SITE-B-OT01,,ORG-12345,SITE-B,Scotland,Other,Primary,Supplied as goods,4984.58,2024-09-24
REC-2750-Q4 2024-SITE-D-PL02,,ORG-12345,SITE-D,Northern Ireland,Plastic,Primary,Imported,2.75452,2024-05-04
REC-2751-2024-Q1-SITE-C-PL02,2024-Q1,ORG-12345,SITE-C,Wales,Plastic,Secondary,Supplied as goods,2.25596,2024-06-12
REC-2752-2024-Q3-SITE-B-AL01,2024-Q3,ORG-12345,SITE-B,Scotland,Aluminium,Primary,Supplied as goods,2095.68,2024-07-25
REC-2753-2024-Q3-SITE-B-AL01,2024-Q3,ORG-12345,SITE-B,Scotland,Aluminium,Tertiary,Supplied as goods,4321.98,2024-08-23
REC-2754-2024-Q3-SITE-D-AL01,2024-Q3,ORG-12345,SITE-D,Northern Ireland,Aluminium,Shipment,Supplied as goods,2.72266,2024-02-15
REC-2755-Q2 2024-SITE-A-GL01,2024-Q2,ORG-12345,SITE-A,England,Glass,Secondary,Exported,3656.21,2024-11-19
REC-2756-2024-Q1-SITE-B-AL01,2024-Q1,ORG-12345,SITE-B,Scotland,Aluminium,Primary,Imported,3518.54,2024-11-03
REC-2757-Q4 2024-SITE-C-PL02,,ORG-12345,SITE-C,Wales,Plastic,Tertiary,Imported,1.1499300000000001,2024-03-19
REC-2758-Q4 2024-SITE-B-FB01,,ORG-12345,SITE-B,Scotland,Fibre-based composite,Tertiary,Imported,2290.18,2024-10-24
REC-2759-2024-Q3-SITE-E-ST01,2024-Q3,ORG-12345,SITE-E,England,Steel,Secondary,Supplied as goods,2961.15,2024-09-02
REC-2760-Q4 2024-SITE-D-PL01,,ORG-12345,SITE-D,Northern Ireland,Plastic,Shipment,Exported,2.2025,2024-08-13
REC-2761-Q2 2024-SITE-E-PL01,2024-Q2,ORG-12345,SITE-E,England,Plastic,Primary,Supplied as goods,2.7509200000000003,2024-02-07
REC-2762-2024-Q1-SITE-B-GL01,2024-Q1,ORG-12345,SITE-B,Scotland,Glass,Primary,Supplied as goods,4525.39,2024-05-26
REC-2763-2024-Q3-SITE-B-OT01,2024-Q3,ORG-12345,SITE-B,Scotland,Other,Shipment,Supplied as goods,2.9446700000000003,2024-05-20
REC-2764-2024-Q1-SITE-C-AL01,2024-Q1,ORG-12345,SITE-C,Wales,Aluminium,Primary,Supplied as goods,4.789149999999999,2024-04-02
REC-2765-Q2 2024-SITE-A-PC01,2024-Q2,ORG-12345,SITE-A,England,Paper/card,Tertiary,Imported,1.75306,2024-06-08
REC-2766-Q4 2024-SITE-B-PC01,,ORG-12345,SITE-B,Scotland,Paper/card,Tertiary,Exported,3.4306,2024-09-29
REC-2767-Q2 2024-SITE-E-OT01,2024-Q2,ORG-12345,SITE-E,England,Other,Tertiary,Exported,1.45994,2024-04-22
REC-2768-Q4 2024-SITE-E-GL01,,ORG-12345,SITE-E,England,Glass,Secondary,Supplied as goods,2.00087,2024-01-18
REC-2769-Q2 2024-SITE-A-OT01,2024-Q2,ORG-12345,SITE-A,England,Other,Primary,Imported,2.84344,2024-06-01
REC-2770-Q4 2024-SITE-E-PL02,,ORG-12345,SITE-E,England,Plastic,Primary,Exported,334.78,2024-11-23
REC-2771-Q2 2024-SITE-D-GL01,2024-Q2,ORG-12345,SITE-D,Northern Ireland,Glass,Primary,Supplied as goods,756.08,2024-09-17
REC-2772-2024-Q1-SITE-A-WD01,2024-Q1,ORG-12345,SITE-A,England,Wood,Secondary,Exported,1.88989,2024-04-17
REC-2773-2024-Q1-SITE-C-ST01,2024-Q1,ORG-12345,SITE-C,Wales,Steel,Tertiary,Supplied as goods,2853.47,2024-03-22
REC-2774-Q4 2024-SITE-A-GL01,,ORG-12345,SITE-A,England,Glass,Secondary,Imported,0.42627,2024-05-12
REC-2775-2024-Q3-SITE-D-FB01,2024-Q3,ORG-12345,SITE-D,Northern Ireland,Fibre-based composite,Primary,Imported,4282.11,2024-12-21
REC-2776-2024-Q1-SITE-B-OT01,2024-Q1,ORG-12345,SITE-B,Scotland,Other,Tertiary,Imported,1.29678,2024-08-19
REC-2777-2024-Q3-SITE-E-PL02,2024-Q3,ORG-12345,SITE-E,England,Plastic,Secondary,Supplied as goods,0.18093,2024-03-25
REC-2778-2024-Q3-SITE-A-ST01,2024-Q3,ORG-12345,SITE-A,England,Steel,Primary,Supplied as goods,0.87277,2024-05-11
REC-2779-Q2 2024-SITE-B-PC01,2024-Q2,ORG-12345,SITE-B,Scotland,Paper/card,Secondary,Supplied as goods,1623.09,2024-11-07
REC-2780-Q4 2024-SITE-E-PL02,,ORG-12345,SITE-E,England,Plastic,Secondary,Supplied as goods,3.3476399999999997,2024-11-12
REC-2781-2024-Q3-SITE-C-WD01,2024-Q3,ORG-12345,SITE-C,Wales,Wood,Tertiary,Supplied as goods,1.3416,2024-04-02
REC-2782-2024-Q1-SITE-C-PL02,2024-Q1,ORG-12345,SITE-C,Wales,Plastic,Shipment,Exported,1219.52,2024-04-16
REC-2783-Q4 2024-SITE-D-PL01,,ORG-12345,SITE-D,Northern Ireland,Plastic,Secondary,Exported,2.44136,2024-07-28
REC-2784-2024-Q1-SITE-C-AL01,2024-Q1,ORG-12345,SITE-C,Wales,Aluminium,Primary,Supplied as goods,3799.89,2024-11-26
REC-2785-2024-Q3-SITE-D-PL01,2024-Q3,ORG-12345,SITE-D,Northern Ireland,Plastic,Primary,Imported,2362.99,2024-10-07
REC-2786-Q2 2024-SITE-E-PC01,2024-Q2,ORG-12345,SITE-E,England,Paper/card,Tertiary,Exported,3938.77,2024-10-18
REC-2787-Q4 2024-SITE-B-GL01,,ORG-12345,SITE-B,Scotland,Glass,Tertiary,Imported,3512.38,2024-01-24
REC-2788-2024-Q3-SITE-C-OT01,2024-Q3,ORG-12345,SITE-C,Wales,Other,Secondary,Imported,2.43716,2024-12-06
REC-2789-Q2 2024-SITE-B-PC01,2024-Q2,ORG-12345,SITE-B,Scotland,Paper/card,Tertiary,Imported,446.76,2024-04-17
REC-2790-Q2 2024-SITE-D-PC01,2024-Q2,ORG-12345,SITE-D,Northern Ireland,Paper/card,Primary,Supplied as goods,2689.75,2024-08-30
REC-2791-2024-Q1-SITE-B-GL01,2024-Q1,ORG-12345,SITE-B,Scotland,Glass,Shipment,Imported,984.08,2024-04-10
REC-2792-2024-Q1-SITE-E-GL01,2024-Q1,ORG-12345,SITE-E,England,Glass,Primary,Imported,0.48158999999999996,2024-11-20
REC-2793-Q2 2024-SITE-A-FB01,2024-Q2,ORG-12345,SITE-A,England,Fibre-based composite,Secondary,Supplied as goods,4165.8,2024-08-06
REC-2794-2024-Q3-SITE-E-PL01,2024-Q3,ORG-12345,SITE-E,England,Plastic,Secondary,Imported,4.14875,2024-04-23
REC-2795-Q2 2024-SITE-A-GL01,2024-Q2,ORG-12345,SITE-A,England,Glass,Primary,Imported,4.18797,2024-02-22
REC-2796-Q2 2024-SITE-C-PL01,2024-Q2,ORG-12345,SITE-C,Wales,Plastic,Tertiary,Supplied as goods,2.8958600000000003,2024-11-27
REC-2797-2024-Q1-SITE-A-GL01,2024-Q1,ORG-12345,SITE-A,England,Glass,Primary,Supplied as goods,1524.5,2024-05-07
REC-2798-Q2 2024-SITE-A-FB01,2024-Q2,ORG-12345,SITE-A,England,Fibre-based composite,Tertiary,Supplied as goods,3489.4,2024-09-19
REC-2799-2024-Q1-SITE-D-PL01,2024-Q1,ORG-12345,SITE-D,Northern Ireland,Plastic,Secondary,Imported,1.4408800000000002,2024-08-25
REC-2800-2024-Q1-SITE-A-GL01,2024-Q1,ORG-12345,SITE-A,England,Glass,Secondary,Imported,1131.02,2024-06-29
REC-2801-2024Q2-SITE-A-AL01,2024-Q2,ORG-12345,SITE-A,England,Aluminium,Secondary,Supplied as goods,1039.43,2024-12-17
REC-2802-Q4 2024-SITE-B-GL01,,ORG-12345,SITE-B,Scotland,Glass,Tertiary,Supplied as goods,3.38282,2024-01-21
REC-2803-Q2 2024-SITE-C-ST01,2024-Q2,ORG-12345,SITE-C,Wales,Steel,Primary,Exported,511.11,2024-03-05
REC-2804-Q2 2024-SITE-A-FB01,2024-Q2,ORG-12345,SITE-A,England,Fibre-based composite,Secondary,Imported,4504.64,2024-04-15
REC-2805-Q4 2024-SITE-D-WD01,,ORG-12345,SITE-D,Northern Ireland,Wood,Secondary,Exported,4.4790600000000005,2024-08-18
REC-2806-2024-Q1-SITE-E-AL01,2024-Q1,ORG-12345,SITE-E,England,Aluminium,Tertiary,Imported,3.04181,2024-08-21
REC-2807-Q4 2024-SITE-E-PL02,,ORG-12345,SITE-E,England,Plastic,Secondary,Imported,4.29882,2024-03-15
REC-2808-Q2 2024-SITE-C-WD01,2024-Q2,ORG-12345,SITE-C,Wales,Wood,Shipment,Exported,2.8449299999999997,2024-04-10
REC-2809-2024-Q1-SITE-C-ST01,2024-Q1,ORG-12345,SITE-C,Wales,Steel,Shipment,Supplied as goods,2254.22,2024-04-10
REC-2810-Q4 2024-SITE-B-AL01,,ORG-12345,SITE-B,Scotland,Aluminium,Secondary,Imported,2170.58,2024-05-24
REC-2811-2024-Q3-SITE-E-WD01,2024-Q3,ORG-12345,SITE-E,England,Wood,Shipment,Supplied as goods,869.26,2024-05-09
REC-2812-Q4 2024-SITE-C-FB01,,ORG-12345,SITE-C,Wales,Fibre-based composite,Tertiary,Supplied as goods,2.1192100000000003,2024-04-25
REC-2813-2024-Q1-SITE-A-OT01,2024-Q1,ORG-12345,SITE-A,England,Other,Secondary,Exported,,2024-07-06
REC-2814-2024-Q3-SITE-D-AL01,2024-Q3,ORG-12345,SITE-D,Northern Ireland,Aluminium,Shipment,Imported,3147.82,2024-03-01
REC-2815-Q2 2024-SITE-A-UNKNOWN,2024-Q2,ORG-12345,SITE-A,England,,Tertiary,Imported,1.21056,2024-10-14
REC-2816-Q4 2024-SITE-D-PL02,,ORG-12345,SITE-D,Northern Ireland,Plastic,Secondary,Exported,2165.34,2024-03-03
REC-2817-Q2 2024-SITE-Z-ST01,2024-Q2,ORG-12345,SITE-Z,,Steel,Primary,Imported,2550.68,2024-02-10
REC-2818-Q4 2024-SITE-C-FB01,,ORG-12345,SITE-C,Wales,Fibre-based composite,Tertiary,Imported,457.65,2024-08-14
REC-2819-2024-Q1-SITE-D-WD01,2024-Q1,ORG-12345,SITE-D,Northern Ireland,Wood,Primary,Exported,4.390350000000001,2024-12-17
REC-2820-Q2 2024-SITE-A-ST01,2024-Q2,ORG-12345,SITE-A,England,Steel,Tertiary,Supplied as goods,2.62136,2024-09-14
REC-2821-2024-Q1-SITE-C-GL01,2024-Q1,ORG-12345,SITE-C,Wales,Glass,Shipment,Supplied as goods,104.91,2024-09-03
REC-2822-Q4 2024-SITE-C-OT01,,ORG-12345,SITE-C,Wales,Other,Secondary,Supplied as goods,1.48578,2024-02-01
REC-2823-Q4 2024-SITE-C-PC01,,ORG-12345,SITE-C,Wales,Paper/card,Primary,Supplied as goods,3544.15,2024-10-01
REC-2824-2024-Q1-SITE-B-AL01,2024-Q1,ORG-12345,SITE-B,Scotland,Aluminium,Primary,Supplied as goods,2011.97,2024-09-12
REC-2825-Q4 2024-SITE-D-PL02,,ORG-12345,SITE-D,Northern Ireland,Plastic,Shipment,Supplied as goods,0.95603,2024-11-04
REC-2826-Q4 2024-SITE-E-ST01,,ORG-12345,SITE-E,England,Steel,Tertiary,Supplied as goods,3090.83,2024-05-05
REC-2827-Q4 2024-SITE-D-OT01,,ORG-12345,SITE-D,Northern Ireland,Other,Tertiary,Imported,3.39745,2024-11-03
REC-2828-Q4 2024-SITE-E-FB01,,ORG-12345,SITE-E,England,Fibre-based composite,Primary,Imported,3.4147,2024-01-27
REC-2829-Q2 2024-SITE-C-PC01,2024-Q2,ORG-12345,SITE-C,Wales,Paper/card,Tertiary,Exported,1.6471300000000002,2024-03-15
REC-2830-Q4 2024-SITE-A-WD01,,ORG-12345,SITE-A,England,Wood,Primary,Imported,3257.16,2024-08-28
REC-2831-Q4 2024-SITE-A-PL01,,ORG-12345,SITE-A,England,Plastic,Secondary,Imported,1.06937,2024-11-05
REC-2832-2024-Q1-SITE-E-PL01,2024-Q1,ORG-12345,SITE-E,England,Plastic,Secondary,Supplied as goods,4.720350000000001,2024-10-31
REC-2833-2024-Q3-SITE-D-OT01,2024-Q3,ORG-12345,SITE-D,Northern Ireland,Other,Primary,Imported,0.6439900000000001,2024-05-13
REC-2834-Q4 2024-SITE-E-WD01,,ORG-12345,SITE-E,England,Wood,Primary,Imported,3.70081,2024-11-22
REC-2835-Q2 2024-SITE-A-ST01,2024-Q2,ORG-12345,SITE-A,England,Steel,Primary,Imported,2.9572,2025-01-05
REC-2836-2024-Q3-SITE-B-OT01,2024-Q3,ORG-12345,SITE-B,Scotland,Other,Tertiary,Exported,1.21037,2024-12-31
REC-2837-2024-Q1-SITE-D-PL01,2024-Q1,ORG-12345,SITE-D,Northern Ireland,Plastic,Primary,Imported,1826.02,2024-11-16
REC-2838-2024-Q1-SITE-B-GL01,2024-Q1,ORG-12345,SITE-B,Scotland,Glass,Primary,Exported,1732.89,2024-05-26
REC-2839-2024-Q1-SITE-B-OT01,2024-Q1,ORG-12345,SITE-B,Scotland,Other,Primary,Imported,1198.4,2024-03-30
REC-2840-2024-Q1-SITE-D-PL02,2024-Q1,ORG-12345,SITE-D,Northern Ireland,Plastic,Secondary,Exported,2716.95,2024-12-04
REC-2841-2024-Q1-SITE-C-FB01,2024-Q1,ORG-12345,SITE-C,Wales,Fibre-based composite,Tertiary,Imported,3.33345,2024-07-27
REC-2842-2024-Q1-SITE-E-ST01,2024-Q1,ORG-12345,SITE-E,England,Steel,Tertiary,Exported,4.6089899999999995,2024-01-15
REC-2843-Q2 2024-SITE-E-AL01,2024-Q2,ORG-12345,SITE-E,England,Aluminium,Secondary,Supplied as goods,0.6164700000000001,2024-12-02
REC-2844-2024-Q1-SITE-A-ST01,2024-Q1,ORG-12345,SITE-A,England,Steel,Primary,Imported,4.405189999999999,2024-12-07
REC-2845-Q4 2024-SITE-E-PL02,,ORG-12345,SITE-E,England,Plastic,Secondary,Supplied as goods,2.04045,2024-04-13
REC-2846-2024-Q1-SITE-A-ST01,2024-Q1,ORG-12345,SITE-A,England,Steel,Tertiary,Imported,4220.11,2024-03-30
REC-2847-Q2 2024-SITE-E-OT01,2024-Q2,ORG-12345,SITE-E,England,Other,Shipment,Exported,2918.3,2024-12-11
REC-2848-2024-Q1-SITE-E-WD01,2024-Q1,ORG-12345,SITE-E,England,Wood,Tertiary,Imported,489.65,2024-11-13
REC-2849-Q2 2024-SITE-A-PL02,2024-Q2,ORG-12345,SITE-A,England,Plastic,Tertiary,Exported,4428.56,2024-08-09
REC-2850-Q2 2024-SITE-A-FB01,2024-Q2,ORG-12345,SITE-A,England,Fibre-based composite,Primary,Supplied as goods,2.8094699999999997,2024-03-16
REC-2851-Q2 2024-SITE-D-WD01,2024-Q2,ORG-12345,SITE-D,Northern Ireland,Wood,Primary,Exported,3.79918,2024-05-29
REC-2852-2024-Q3-SITE-B-ST01,2024-Q3,ORG-12345,SITE-B,Scotland,Steel,Secondary,Supplied as goods,1664.01,2024-10-08
REC-2853-2024-Q3-SITE-B-WD01,2024-Q3,ORG-12345,SITE-B,Scotland,Wood,Primary,Supplied as goods,934.28,2024-12-16
REC-2854-Q2 2024-SITE-B-PC01,2024-Q2,ORG-12345,SITE-B,Scotland,Paper/card,Primary,Imported,3.00352,2024-07-19
REC-2855-Q4 2024-SITE-E-AL01,,ORG-12345,SITE-E,England,Aluminium,Primary,Supplied as goods,2779.03,2025-01-09
REC-2856-Q2 2024-SITE-A-PL01,2024-Q2,ORG-12345,SITE-A,England,Plastic,Primary,Exported,1914.78,2024-05-18
REC-2857-2024-Q3-SITE-A-FB01,2024-Q3,ORG-12345,SITE-A,England,Fibre-based composite,Secondary,Supplied as goods,4230.09,2024-05-07
REC-2858-2024-Q3-SITE-C-FB01,2024-Q3,ORG-12345,SITE-C,Wales,Fibre-based composite,Secondary,Exported,3781.8,2024-01-23
REC-2859-Q2 2024-SITE-E-AL01,2024-Q2,ORG-12345,SITE-E,England,Aluminium,Tertiary,Imported,4143.99,2024-07-13
REC-2860-Q4 2024-SITE-D-WD01,,ORG-12345,SITE-D,Northern Ireland,Wood,Secondary,Supplied as goods,2612.97,2024-04-25
REC-2861-Q4 2024-SITE-D-GL01,,ORG-12345,SITE-D,Northern Ireland,Glass,Primary,Imported,240.28,2024-11-09
REC-2862-Q2 2024-SITE-B-PL02,2024-Q2,ORG-12345,SITE-B,Scotland,Plastic,Primary,Imported,2928.31,2024-02-09
REC-2863-Q4 2024-SITE-B-ST01,,ORG-12345,SITE-B,Scotland,Steel,Primary,Exported,2.64595,2024-11-27
REC-2864-Q4 2024-SITE-D-GL01,,ORG-12345,SITE-D,Northern Ireland,Glass,Primary,Imported,2.1139200000000002,2024-04-20
REC-2865-Q2 2024-SITE-E-PC01,2024-Q2,ORG-12345,SITE-E,England,Paper/card,Secondary,Exported,4.92707,2024-06-27
REC-2866-Q4 2024-SITE-E-OT01,,ORG-12345,SITE-E,England,Other,Tertiary,Imported,4332.55,2024-09-24
REC-2867-2024-Q3-SITE-A-WD01,2024-Q3,ORG-12345,SITE-A,England,Wood,Shipment,Supplied as goods,1892.24,2024-05-20
REC-2868-Q2 2024-SITE-E-ST01,2024-Q2,ORG-12345,SITE-E,England,Steel,Shipment,Supplied as goods,291.84,2024-06-30
REC-2869-Q2 2024-SITE-B-AL01,2024-Q2,ORG-12345,SITE-B,Scotland,Aluminium,Shipment,Exported,3.74288,2024-01-20
REC-2870-Q4 2024-SITE-D-PL01,,ORG-12345,SITE-D,Northern Ireland,Plastic,Primary,Supplied as goods,1.4834800000000001,2024-11-25
REC-2871-2024-Q3-SITE-A-PL02,2024-Q3,ORG-12345,SITE-A,England,Plastic,Tertiary,Imported,3.7189,2024-10-29
REC-2872-Q4 2024-SITE-E-PL02,,ORG-12345,SITE-E,England,Plastic,Primary,Imported,0.63513,2024-04-01
REC-2873-Q4 2024-SITE-C-OT01,,ORG-12345,SITE-C,Wales,Other,Secondary,Supplied as goods,214.2,2024-04-05
REC-2874-Q2 2024-SITE-A-GL01,2024-Q2,ORG-12345,SITE-A,England,Glass,Secondary,Supplied as goods,1.68106,2024-07-05
REC-2875-2024-Q1-SITE-D-AL01,2024-Q1,ORG-12345,SITE-D,Northern Ireland,Aluminium,Primary,Exported,4665.82,2024-05-27
REC-2876-Q4 2024-SITE-C-OT01,,ORG-12345,SITE-C,Wales,Other,Shipment,Imported,0.66926,2024-03-22
REC-2877-Q4 2024-SITE-A-PL01,,ORG-12345,SITE-A,England,Plastic,Primary,Imported,3.3114600000000003,2024-08-11
REC-2878-Q2 2024-SITE-D-FB01,2024-Q2,ORG-12345,SITE-D,Northern Ireland,Fibre-based composite,Primary,Exported,2181.54,2024-12-08
REC-2879-2024-Q3-SITE-D-ST01,2024-Q3,ORG-12345,SITE-D,Northern Ireland,Steel,Tertiary,Supplied as goods,1582.62,2024-04-07
REC-2880-2024-Q3-SITE-E-PC01,2024-Q3,ORG-12345,SITE-E,England,Paper/card,Primary,Supplied as goods,3300.41,2024-03-04
REC-2881-2024-Q1-SITE-B-PL01,2024-Q1,ORG-12345,SITE-B,Scotland,Plastic,Primary,Imported,2.47645,2024-07-12
REC-2882-Q2 2024-SITE-A-PL01,2024-Q2,ORG-12345,SITE-A,England,Plastic,Primary,Imported,0.47650000000000003,2024-07-03
REC-2883-Q4 2024-SITE-B-PL02,,ORG-12345,SITE-B,Scotland,Plastic,Shipment,Supplied as goods,2.6024000000000003,2024-04-21
REC-2884-Q4 2024-SITE-C-ST01,,ORG-12345,SITE-C,Wales,Steel,Tertiary,Supplied as goods,4061.31,2024-10-22
REC-2885-Q4 2024-SITE-D-PL01,,ORG-12345,SITE-D,Northern Ireland,Plastic,Tertiary,Imported,2.49224,2024-05-09
REC-2886-2024-Q3-SITE-D-PC01,2024-Q3,ORG-12345,SITE-D,Northern Ireland,Paper/card,Primary,Supplied as goods,3474.55,2024-11-21
REC-2887-Q4 2024-SITE-A-PL02,,ORG-12345,SITE-A,England,Plastic,Tertiary,Imported,3167.88,2024-05-16
REC-2888-2024-Q3-SITE-C-GL01,2024-Q3,ORG-12345,SITE-C,Wales,Glass,Tertiary,Exported,2.98579,2024-04-22
REC-2889-2024-Q1-SITE-E-ST01,2024-Q1,ORG-12345,SITE-E,England,Steel,Primary,Exported,4079.02,2024-07-10
REC-2890-Q4 2024-SITE-C-OT01,,ORG-12345,SITE-C,Wales,Other,Tertiary,Supplied as goods,3.65815,2024-06-01
REC-2891-2024-Q1-SITE-D-FB01,2024-Q1,ORG-12345,SITE-D,Northern Ireland,Fibre-based composite,Tertiary,Imported,1.28194,2024-09-22
REC-2892-2024-Q3-SITE-A-WD01,2024-Q3,ORG-12345,SITE-A,England,Wood,Primary,Supplied as goods,1.46103,2024-06-22
REC-2893-Q2 2024-SITE-E-PL02,2024-Q2,ORG-12345,SITE-E,England,Plastic,Shipment,Imported,4.92432,2024-02-25
REC-2894-Q2 2024-SITE-D-OT01,2024-Q2,ORG-12345,SITE-D,Northern Ireland,Other,Primary,Exported,1084.58,2024-02-04
REC-2895-2024-Q1-SITE-C-AL01,2024-Q1,ORG-12345,SITE-C,Wales,Aluminium,Shipment,Imported,4580.93,2024-08-29
REC-2896-2024-Q3-SITE-B-OT01,2024-Q3,ORG-12345,SITE-B,Scotland,Other,Shipment,Supplied as goods,800.18,2024-07-28
REC-2897-Q2 2024-SITE-B-ST01,2024-Q2,ORG-12345,SITE-B,Scotland,Steel,Tertiary,Imported,3.5610100000000005,2024-08-15
REC-2898-2024-Q3-SITE-C-GL01,2024-Q3,ORG-12345,SITE-C,Wales,Glass,Primary,Supplied as goods,4666.08,2024-09-28
REC-2899-Q2 2024-SITE-A-OT01,2024-Q2,ORG-12345,SITE-A,England,Other,Primary,Imported,2462.54,2024-12-27
REC-2900-2024-Q1-SITE-B-PL02,2024-Q1,ORG-12345,SITE-B,Scotland,Plastic,Shipment,Exported,3094.91,2024-04-26
REC-2901-2024Q2-SITE-C-GL01,2024-Q2,ORG-12345,SITE-C,Wales,Glass,Tertiary,Imported,1.9239300000000001,2024-07-06
REC-2902-Q2 2024-SITE-B-OT01,2024-Q2,ORG-12345,SITE-B,Scotland,Other,Primary,Imported,856.9,2024-03-16
REC-2903-Q2 2024-SITE-D-PL02,2024-Q2,ORG-12345,SITE-D,Northern Ireland,Plastic,Primary,Exported,2046.23,2024-01-24
REC-2904-Q4 2024-SITE-D-PC01,,ORG-12345,SITE-D,Northern Ireland,Paper/card,Primary,Exported,4.52967,2024-07-19
REC-2905-Q2 2024-SITE-E-ST01,2024-Q2,ORG-12345,SITE-E,England,Steel,Secondary,Imported,3.64573,2024-04-24
REC-2906-2024-Q3-SITE-E-PL02,2024-Q3,ORG-12345,SITE-E,England,Plastic,Secondary,Supplied as goods,1.48191,2024-05-18
REC-2907-Q4 2024-SITE-B-ST01,,ORG-12345,SITE-B,Scotland,Steel,Secondary,Imported,4029.34,2024-03-15
REC-2908-Q2 2024-SITE-C-PC01,2024-Q2,ORG-12345,SITE-C,Wales,Paper/card,Tertiary,Exported,1.9108399999999999,2024-03-25
REC-2909-2024-Q3-SITE-B-FB01,2024-Q3,ORG-12345,SITE-B,Scotland,Fibre-based composite,Primary,Exported,2.69637,2024-10-25
REC-2910-2024-Q3-SITE-A-WD01,2024-Q3,ORG-12345,SITE-A,England,Wood,Primary,Supplied as goods,4538.91,2024-08-03
REC-2911-2024-Q3-SITE-A-AL01,2024-Q3,ORG-12345,SITE-A,England,Aluminium,Primary,Imported,2009.26,2024-03-21
REC-2912-2024-Q1-SITE-C-OT01,2024-Q1,ORG-12345,SITE-C,Wales,Other,Tertiary,Supplied as goods,3252.55,2024-10-20
REC-2913-2024-Q1-SITE-B-PL02,2024-Q1,ORG-12345,SITE-B,Scotland,Plastic,Primary,Supplied as goods,,2024-05-15
REC-2914-Q2 2024-SITE-C-PL01,2024-Q2,ORG-12345,SITE-C,Wales,Plastic,Primary,Imported,719.52,2024-04-26
REC-2915-2024-Q1-SITE-B-UNKNOWN,2024-Q1,ORG-12345,SITE-B,Scotland,,Tertiary,Imported,2863.7,2024-12-12
REC-2916-Q2 2024-SITE-A-GL01,2024-Q2,ORG-12345,SITE-A,England,Glass,Secondary,Supplied as goods,295.22,2024-07-11
REC-2917-Q2 2024-SITE-Z-WD01,2024-Q2,ORG-12345,SITE-Z,,Wood,Secondary,Exported,1642.32,2024-06-26
REC-2918-2024-Q3-SITE-C-ST01,2024-Q3,ORG-12345,SITE-C,Wales,Steel,Tertiary,Exported,4815.09,2024-10-04
REC-2919-Q4 2024-SITE-E-PL02,,ORG-12345,SITE-E,England,Plastic,Primary,Exported,0.13063999999999998,2024-12-02
REC-2920-Q4 2024-SITE-C-PC01,,ORG-12345,SITE-C,Wales,Paper/card,Shipment,Supplied as goods,1452.8,2024-04-04
REC-2921-Q4 2024-SITE-D-GL01,,ORG-12345,SITE-D,Northern Ireland,Glass,Shipment,Exported,1.8864200000000002,2024-06-24
REC-2922-Q4 2024-SITE-A-FB01,,ORG-12345,SITE-A,England,Fibre-based composite,Secondary,Supplied as goods,1211.93,2024-06-21
REC-2923-Q2 2024-SITE-D-OT01,2024-Q2,ORG-12345,SITE-D,Northern Ireland,Other,Secondary,Supplied as goods,2265.84,2024-08-09
REC-2924-2024-Q3-SITE-C-PL01,2024-Q3,ORG-12345,SITE-C,Wales,Plastic,Primary,Supplied as goods,1.7989300000000001,2024-02-20
REC-2925-2024-Q1-SITE-B-PC01,2024-Q1,ORG-12345,SITE-B,Scotland,Paper/card,Primary,Exported,71.62,2024-09-25
REC-2926-2024-Q1-SITE-E-PL02,2024-Q1,ORG-12345,SITE-E,England,Plastic,Secondary,Imported,317.14,2024-03-21
REC-2927-2024-Q3-SITE-E-GL01,2024-Q3,ORG-12345,SITE-E,England,Glass,Secondary,Imported,0.42151,2024-08-28
REC-2928-Q2 2024-SITE-C-ST01,2024-Q2,ORG-12345,SITE-C,Wales,Steel,Primary,Exported,1908.11,2024-12-28
REC-2929-2024-Q1-SITE-D-PC01,2024-Q1,ORG-12345,SITE-D,Northern Ireland,Paper/card,Tertiary,Imported,2938.45,2024-02-24
REC-2930-Q4 2024-SITE-C-OT01,,ORG-12345,SITE-C,Wales,Other,Tertiary,Exported,2681.01,2024-05-03
REC-2931-2024-Q3-SITE-B-FB01,2024-Q3,ORG-12345,SITE-B,Scotland,Fibre-based composite,Secondary,Imported,4.43161,2024-11-20
REC-2932-2024-Q1-SITE-D-WD01,2024-Q1,ORG-12345,SITE-D,Northern Ireland,Wood,Secondary,Exported,3369.24,2024-12-31
REC-2933-2024-Q1-SITE-D-WD01,2024-Q1,ORG-12345,SITE-D,Northern Ireland,Wood,Primary,Supplied as goods,4854.32,2024-05-29
REC-2934-Q2 2024-SITE-E-AL01,2024-Q2,ORG-12345,SITE-E,England,Aluminium,Tertiary,Supplied as goods,4.03827,2024-01-28
REC-2935-Q4 2024-SITE-B-PC01,,ORG-12345,SITE-B,Scotland,Paper/card,Secondary,Imported,1.2473800000000002,2024-12-29
REC-2936-2024-Q3-SITE-C-GL01,2024-Q3,ORG-12345,SITE-C,Wales,Glass,Primary,Exported,4991.54,2024-04-19
REC-2937-Q4 2024-SITE-D-OT01,,ORG-12345,SITE-D,Northern Ireland,Other,Primary,Imported,1.23836,2024-11-26
REC-2938-Q2 2024-SITE-E-GL01,2024-Q2,ORG-12345,SITE-E,England,Glass,Secondary,Supplied as goods,2.22452,2024-10-14
REC-2939-2024-Q1-SITE-B-PC01,2024-Q1,ORG-12345,SITE-B,Scotland,Paper/card,Tertiary,Supplied as goods,0.28132999999999997,2024-03-03
REC-2940-Q2 2024-SITE-B-ST01,2024-Q2,ORG-12345,SITE-B,Scotland,Steel,Tertiary,Supplied as goods,0.37303,2024-06-05
REC-2941-Q2 2024-SITE-A-ST01,2024-Q2,ORG-12345,SITE-A,England,Steel,Primary,Supplied as goods,4809.56,2024-01-19
REC-2942-2024-Q3-SITE-C-WD01,2024-Q3,ORG-12345,SITE-C,Wales,Wood,Secondary,Imported,4316.99,2024-08-01
REC-2943-Q2 2024-SITE-B-PL01,2024-Q2,ORG-12345,SITE-B,Scotland,Plastic,Secondary,Imported,2.21027,2024-01-30
REC-2944-Q2 2024-SITE-B-PL01,2024-Q2,ORG-12345,SITE-B,Scotland,Plastic,Tertiary,Imported,3.95358,2024-08-23
REC-2945-Q2 2024-SITE-B-GL01,2024-Q2,ORG-12345,SITE-B,Scotland,Glass,Primary,Imported,2274.53,2024-08-14
REC-2946-Q4 2024-SITE-C-OT01,,ORG-12345,SITE-C,Wales,Other,Tertiary,Supplied as goods,4776.96,2024-08-28
REC-2947-2024-Q1-SITE-D-PL01,2024-Q1,ORG-12345,SITE-D,Northern Ireland,Plastic,Primary,Exported,1.83946,2024-11-24
REC-2948-2024-Q3-SITE-B-PC01,2024-Q3,ORG-12345,SITE-B,Scotland,Paper/card,Primary,Exported,2541.95,2024-02-03
REC-2949-Q4 2024-SITE-B-WD01,,ORG-12345,SITE-B,Scotland,Wood,Tertiary,Exported,1.52268,2024-01-24
REC-2950-Q4 2024-SITE-D-FB01,,ORG-12345,SITE-D,Northern Ireland,Fibre-based composite,Secondary,Imported,2556.38,2024-07-23
REC-2951-Q2 2024-SITE-A-PL01,2024-Q2,ORG-12345,SITE-A,England,Plastic,Tertiary,Imported,4.16051,2024-08-09
REC-2952-2024-Q3-SITE-D-AL01,2024-Q3,ORG-12345,SITE-D,Northern Ireland,Aluminium,Tertiary,Exported,3328.68,2024-02-20
REC-2953-Q2 2024-SITE-E-ST01,2024-Q2,ORG-12345,SITE-E,England,Steel,Shipment,Imported,1372.97,2024-10-08
REC-2954-2024-Q3-SITE-E-AL01,2024-Q3,ORG-12345,SITE-E,England,Aluminium,Shipment,Exported,3861.87,2024-02-23
REC-2955-2024-Q3-SITE-E-ST01,2024-Q3,ORG-12345,SITE-E,England,Steel,Shipment,Exported,2.55513,2024-01-22
REC-2956-Q4 2024-SITE-B-ST01,,ORG-12345,SITE-B,Scotland,Steel,Shipment,Exported,4.01216,2024-06-14
REC-2957-2024-Q1-SITE-D-AL01,2024-Q1,ORG-12345,SITE-D,Northern Ireland,Aluminium,Primary,Supplied as goods,3739.24,2024-03-06
REC-2958-2024-Q3-SITE-A-GL01,2024-Q3,ORG-12345,SITE-A,England,Glass,Tertiary,Exported,2.94933,2024-06-10
REC-2959-Q2 2024-SITE-A-OT01,2024-Q2,ORG-12345,SITE-A,England,Other,Secondary,Supplied as goods,1.2948199999999999,2024-09-01
REC-2960-Q2 2024-SITE-B-FB01,2024-Q2,ORG-12345,SITE-B,Scotland,Fibre-based composite,Tertiary,Exported,4.93917,2024-10-12
REC-2961-Q4 2024-SITE-C-ST01,,ORG-12345,SITE-C,Wales,Steel,Secondary,Imported,0.90449,2024-09-07
REC-2962-Q2 2024-SITE-B-OT01,2024-Q2,ORG-12345,SITE-B,Scotland,Other,Tertiary,Imported,0.36786,2024-10-10
REC-2963-Q4 2024-SITE-A-OT01,,ORG-12345,SITE-A,England,Other,Tertiary,Imported,336.15,2024-02-09
REC-2964-2024-Q3-SITE-C-FB01,2024-Q3,ORG-12345,SITE-C,Wales,Fibre-based composite,Tertiary,Supplied as goods,4.93788,2024-06-19
REC-2965-2024-Q1-SITE-D-WD01,2024-Q1,ORG-12345,SITE-D,Northern Ireland,Wood,Tertiary,Exported,3017.32,2024-06-29
REC-2966-Q4 2024-SITE-E-OT01,,ORG-12345,SITE-E,England,Other,Secondary,Exported,2246.92,2024-12-27
REC-2967-Q2 2024-SITE-B-OT01,2024-Q2,ORG-12345,SITE-B,Scotland,Other,Primary,Supplied as goods,4288.76,2024-03-16
REC-2968-2024-Q1-SITE-D-PL01,2024-Q1,ORG-12345,SITE-D,Northern Ireland,Plastic,Tertiary,Exported,0.3438,2024-08-07
REC-2969-Q4 2024-SITE-C-GL01,,ORG-12345,SITE-C,Wales,Glass,Primary,Supplied as goods,2122.54,2024-09-30
REC-2970-2024-Q3-SITE-C-FB01,2024-Q3,ORG-12345,SITE-C,Wales,Fibre-based composite,Secondary,Imported,2521.35,2024-09-23
REC-2971-2024-Q1-SITE-C-PC01,2024-Q1,ORG-12345,SITE-C,Wales,Paper/card,Primary,Supplied as goods,1311.09,2024-02-10
REC-2972-Q2 2024-SITE-E-FB01,2024-Q2,ORG-12345,SITE-E,England,Fibre-based composite,Shipment,Imported,1721.01,2024-12-29
REC-2973-2024-Q3-SITE-C-PL01,2024-Q3,ORG-12345,SITE-C,Wales,Plastic,Secondary,Supplied as goods,2102.88,2024-04-02
REC-2974-2024-Q1-SITE-C-GL01,2024-Q1,ORG-12345,SITE-C,Wales,Glass,Secondary,Imported,1337.06,2024-04-27
REC-2975-Q2 2024-SITE-A-AL01,2024-Q2,ORG-12345,SITE-A,England,Aluminium,Shipment,Imported,4565.14,2024-09-11
REC-2976-Q2 2024-SITE-D-PL01,2024-Q2,ORG-12345,SITE-D,Northern Ireland,Plastic,Tertiary,Supplied as goods,2.29054,2024-11-28
REC-2977-Q4 2024-SITE-E-ST01,,ORG-12345,SITE-E,England,Steel,Tertiary,Imported,0.81172,2024-04-12
REC-2978-Q2 2024-SITE-E-PL01,2024-Q2,ORG-12345,SITE-E,England,Plastic,Tertiary,Exported,1.69728,2024-11-21
REC-2979-Q4 2024-SITE-E-ST01,,ORG-12345,SITE-E,England,Steel,Tertiary,Supplied as goods,1.10233,2024-02-17
REC-2980-2024-Q3-SITE-B-WD01,2024-Q3,ORG-12345,SITE-B,Scotland,Wood,Shipment,Imported,4346.63,2024-04-02
REC-2981-2024-Q3-SITE-E-OT01,2024-Q3,ORG-12345,SITE-E,England,Other,Secondary,Supplied as goods,1088.24,2024-01-21
REC-2982-Q4 2024-SITE-D-ST01,,ORG-12345,SITE-D,Northern Ireland,Steel,Secondary,Supplied as goods,2346.99,2024-10-01
REC-2983-2024-Q3-SITE-E-PL01,2024-Q3,ORG-12345,SITE-E,England,Plastic,Shipment,Imported,2.51641,2024-01-24
REC-2984-Q4 2024-SITE-B-PC01,,ORG-12345,SITE-B,Scotland,Paper/card,Shipment,Exported,3.81828,2024-04-10
REC-2985-2024-Q1-SITE-B-ST01,2024-Q1,ORG-12345,SITE-B,Scotland,Steel,Secondary,Supplied as goods,3.27083,2024-10-12
REC-2986-Q2 2024-SITE-D-GL01,2024-Q2,ORG-12345,SITE-D,Northern Ireland,Glass,Secondary,Exported,1.4378199999999999,2024-04-02
REC-2987-Q4 2024-SITE-D-PL01,,ORG-12345,SITE-D,Northern Ireland,Plastic,Primary,Supplied as goods,2839.43,2024-10-13
REC-2988-2024-Q1-SITE-C-FB01,2024-Q1,ORG-12345,SITE-C,Wales,Fibre-based composite,Secondary,Imported,3.06783,2024-08-19
REC-2989-Q2 2024-SITE-A-ST01,2024-Q2,ORG-12345,SITE-A,England,Steel,Tertiary,Exported,3.62209,2024-06-26
REC-2990-Q4 2024-SITE-A-OT01,,ORG-12345,SITE-A,England,Other,Tertiary,Imported,3496.84,2024-05-19
REC-2991-Q4 2024-SITE-E-AL01,,ORG-12345,SITE-E,England,Aluminium,Primary,Imported,204.08,2024-11-28
REC-2992-Q2 2024-SITE-C-ST01,2024-Q2,ORG-12345,SITE-C,Wales,Steel,Primary,Imported,2128.95,2024-08-29
REC-2993-Q2 2024-SITE-E-AL01,2024-Q2,ORG-12345,SITE-E,England,Aluminium,Tertiary,Supplied as goods,1.95055,2024-12-08
REC-2994-Q2 2024-SITE-D-PL02,2024-Q2,ORG-12345,SITE-D,Northern Ireland,Plastic,Secondary,Supplied as goods,4.90954,2024-03-30
REC-2995-2024-Q1-SITE-D-FB01,2024-Q1,ORG-12345,SITE-D,Northern Ireland,Fibre-based composite,Tertiary,Imported,4117.43,2024-04-02
REC-2996-2024-Q1-SITE-D-AL01,2024-Q1,ORG-12345,SITE-D,Northern Ireland,Aluminium,Primary,Imported,3.63842,2024-11-29
REC-2997-Q4 2024-SITE-B-OT01,,ORG-12345,SITE-B,Scotland,Other,Shipment,Supplied as goods,4.90445,2024-11-03
REC-2998-2024-Q3-SITE-C-PL01,2024-Q3,ORG-12345,SITE-C,Wales,Plastic,Primary,Exported,4072.13,2024-10-18
REC-2999-Q4 2024-SITE-D-WD01,,ORG-12345,SITE-D,Northern Ireland,Wood,Primary,Exported,4448.43,2024-06-28
REC-3000-2024-Q3-SITE-D-ST01,2024-Q3,ORG-12345,SITE-D,Northern Ireland,Steel,Primary,Exported,3965.76,2024-04-27
