submission_id,reporting_period,organisation_id,site_id,nation,packaging_material,packaging_class,submission_date,weight_tonnes,activity
REC-0001-2024Q2-SITE-B-PL02,2024-Q2,ORG-12345,SITE-B,Scotland,Plastic,Primary,2024-10-20,1.4114000000000002,Exported
REC-0002-Q2 2024-SITE-B-PL02,2024-Q2,ORG-12345,SITE-B,Scotland,Plastic,Shipment,2024-11-18,0.20732,Imported
REC-0003-Q4 2024-SITE-B-PL01,2024-Q4,ORG-12345,SITE-B,Scotland,Plastic,Primary,2024-06-05,3594.3,Supplied as goods
REC-0004-Q2 2024-SITE-C-PL01,2024-Q2,ORG-12345,SITE-C,Wales,Plastic,Tertiary,2024-07-05,3505.79,Supplied as goods
REC-0005-2024-Q3-SITE-E-PL02,2024-Q3,ORG-12345,SITE-E,England,Plastic,Primary,2024-09-06,0.52875,Imported
REC-0006-2024-Q3-SITE-E-OT01,2024-Q3,ORG-12345,SITE-E,England,Other,Primary,2024-04-22,440.06,Imported
REC-0007-Q2 2024-SITE-A-PL02,2024-Q2,ORG-12345,SITE-A,England,Plastic,Primary,2024-03-15,1178.1,Exported
REC-0008-2024-Q3-SITE-C-ST01,2024-Q3,ORG-12345,SITE-C,Wales,Steel,Secondary,2024-12-23,4.178850000000001,Exported
REC-0010-2024-Q1-SITE-C-FB01,2024-Q1,ORG-12345,SITE-C,Wales,Fibre-based composite,Secondary,2024-01-31,3.4564000000000004,Exported
REC-0012-Q4 2024-SITE-E-WD01,2024-Q4,ORG-12345,SITE-E,England,Wood,Primary,2024-08-06,741.17,Imported
REC-0013-2024-Q1-SITE-A-PC01,2024-Q1,ORG-12345,SITE-A,England,Paper/card,Primary,2024-12-01,,Supplied as goods
REC-0014-Q4 2024-SITE-D-GL01,2024-Q4,ORG-12345,SITE-D,Northern Ireland,Glass,Tertiary,2024-09-10,2.1396900000000003,Exported
REC-0015-2024-Q3-SITE-A-UNKNOWN,2024-Q3,ORG-12345,SITE-A,England,,Secondary,2024-07-07,4.31086,Exported
REC-0016-Q2 2024-SITE-C-PL02,2024-Q2,ORG-12345,SITE-C,Wales,Plastic,Secondary,2024-03-09,0.8328800000000001,Imported
REC-0017-2024-Q3-SITE-Z-ST01,2024-Q3,ORG-12345,SITE-Z,,Steel,Tertiary,2024-10-17,2.5629299999999997,Exported
REC-0018-2024-Q3-SITE-A-OT01,2024-Q3,ORG-12345,SITE-A,England,Other,Primary,2024-05-16,1.6545699999999999,Exported
REC-0019-2024-Q1-SITE-D-PL01,2024-Q1,ORG-12345,SITE-D,Northern Ireland,Plastic,Primary,2024-03-19,4.7374,Exported
REC-0020-Q4 2024-SITE-C-GL01,2024-Q4,ORG-12345,SITE-C,Wales,Glass,Tertiary,2024-10-17,4.7368999999999994,Imported
REC-0021-Q4 2024-SITE-D-AL01,2024-Q4,ORG-12345,SITE-D,Northern Ireland,Aluminium,Tertiary,2024-05-20,2025.01,Imported
REC-0022-Q2 2024-SITE-E-AL01,2024-Q2,ORG-12345,SITE-E,England,Aluminium,Primary,2024-02-20,0.15412,Imported
REC-0023-Q2 2024-SITE-A-PL01,2024-Q2,ORG-12345,SITE-A,England,Plastic,Primary,2024-12-22,4531.83,Supplied as goods
REC-0024-Q4 2024-SITE-B-WD01,2024-Q4,ORG-12345,SITE-B,Scotland,Wood,Primary,2024-04-21,704.94,Exported
REC-0025-Q4 2024-SITE-D-PL02,2024-Q4,ORG-12345,SITE-D,Northern Ireland,Plastic,Primary,2024-02-11,2183.7,Exported
REC-0026-Q2 2024-SITE-B-PL02,2024-Q2,ORG-12345,SITE-B,Scotland,Plastic,Primary,2024-10-15,3.65466,Imported
REC-0027-2024-Q1-SITE-B-WD01,2024-Q1,ORG-12345,SITE-B,Scotland,Wood,Primary,2024-10-22,958.27,Imported
REC-0028-Q2 2024-SITE-A-PL02,2024-Q2,ORG-12345,SITE-A,England,Plastic,Primary,2024-08-10,4.99645,Exported
REC-0029-Q4 2024-SITE-B-WD01,2024-Q4,ORG-12345,SITE-B,Scotland,Wood,Secondary,2024-08-01,4.33002,Supplied as goods
REC-0030-Q2 2024-SITE-B-ST01,2024-Q2,ORG-12345,SITE-B,Scotland,Steel,Tertiary,2024-05-05,1461.98,Imported
REC-0031-2024-Q1-SITE-A-PL01,2024-Q1,ORG-12345,SITE-A,England,Plastic,Shipment,2024-09-15,2733.87,Exported
REC-0032-2024-Q1-SITE-B-OT01,2024-Q1,ORG-12345,SITE-B,Scotland,Other,Tertiary,2024-02-18,0.82929,Exported
REC-0033-2024-Q1-SITE-E-AL01,2024-Q1,ORG-12345,SITE-E,England,Aluminium,Secondary,2024-02-25,4.7109,Supplied as goods
REC-0034-Q2 2024-SITE-C-FB01,2024-Q2,ORG-12345,SITE-C,Wales,Fibre-based composite,Tertiary,2024-06-23,2847.87,Exported
REC-0035-2024-Q3-SITE-D-AL01,2024-Q3,ORG-12345,SITE-D,Northern Ireland,Aluminium,Secondary,2024-01-19,697.85,Imported
REC-0036-Q2 2024-SITE-E-WD01,2024-Q2,ORG-12345,SITE-E,England,Wood,Shipment,2024-05-29,4.98068,Exported
REC-0037-Q2 2024-SITE-C-GL01,2024-Q2,ORG-12345,SITE-C,Wales,Glass,Secondary,2024-10-19,4402.39,Supplied as goods
REC-0038-Q2 2024-SITE-A-ST01,2024-Q2,ORG-12345,SITE-A,England,Steel,Shipment,2024-03-14,2668.26,Exported
REC-0039-Q2 2024-SITE-E-PL02,2024-Q2,ORG-12345,SITE-E,England,Plastic,Tertiary,2024-07-08,819.47,Exported
REC-0040-2024-Q1-SITE-C-AL01,2024-Q1,ORG-12345,SITE-C,Wales,Aluminium,Tertiary,2024-12-04,4271.92,Exported
REC-0041-2024-Q3-SITE-B-FB01,2024-Q3,ORG-12345,SITE-B,Scotland,Fibre-based composite,Tertiary,2024-08-28,268.23,Imported
REC-0042-Q2 2024-SITE-A-OT01,2024-Q2,ORG-12345,SITE-A,England,Other,Tertiary,2024-02-02,2.8264899999999997,Imported
REC-0043-2024-Q3-SITE-A-PC01,2024-Q3,ORG-12345,SITE-A,England,Paper/card,Shipment,2024-02-04,0.78306,Exported
REC-0044-Q4 2024-SITE-C-PC01,2024-Q4,ORG-12345,SITE-C,Wales,Paper/card,Primary,2024-04-03,1.2851700000000001,Exported
REC-0045-2024-Q1-SITE-D-AL01,2024-Q1,ORG-12345,SITE-D,Northern Ireland,Aluminium,Tertiary,2024-07-03,4.88222,Supplied as goods
REC-0046-Q2 2024-SITE-C-FB01,2024-Q2,ORG-12345,SITE-C,Wales,Fibre-based composite,Tertiary,2024-03-10,4.32712,Exported
REC-0047-Q4 2024-SITE-B-FB01,2024-Q4,ORG-12345,SITE-B,Scotland,Fibre-based composite,Tertiary,2024-06-19,4.30004,Supplied as goods
REC-0048-2024-Q3-SITE-C-AL01,2024-Q3,ORG-12345,SITE-C,Wales,Aluminium,Primary,2024-06-05,3317.16,Supplied as goods
REC-0049-2024-Q1-SITE-A-PC01,2024-Q1,ORG-12345,SITE-A,England,Paper/card,Tertiary,2024-04-15,2028.41,Exported
REC-0050-Q4 2024-SITE-C-ST01,2024-Q4,ORG-12345,SITE-C,Wales,Steel,Primary,2024-10-02,3003.03,Supplied as goods
REC-0051-2024-Q1-SITE-D-PL02,2024-Q1,ORG-12345,SITE-D,Northern Ireland,Plastic,Secondary,2024-10-16,0.99089,Exported
REC-0052-2024-Q3-SITE-E-AL01,2024-Q3,ORG-12345,SITE-E,England,Aluminium,Secondary,2024-03-18,396.37,Imported
REC-0053-2024-Q3-SITE-D-ST01,2024-Q3,ORG-12345,SITE-D,Northern Ireland,Steel,Shipment,2024-03-20,3351.12,Imported
REC-0054-2024-Q3-SITE-E-AL01,2024-Q3,ORG-12345,SITE-E,England,Aluminium,Secondary,2024-10-21,4.7048000000000005,Exported
REC-0055-Q4 2024-SITE-D-PL01,2024-Q4,ORG-12345,SITE-D,Northern Ireland,Plastic,Secondary,2024-12-25,1090.4,Imported
REC-0056-2024-Q3-SITE-A-AL01,2024-Q3,ORG-12345,SITE-A,England,Aluminium,Shipment,2024-12-19,3.97899,Imported
REC-0057-Q2 2024-SITE-B-PC01,2024-Q2,ORG-12345,SITE-B,Scotland,Paper/card,Primary,2024-02-07,3.3803400000000003,Supplied as goods
REC-0058-Q4 2024-SITE-D-AL01,2024-Q4,ORG-12345,SITE-D,Northern Ireland,Aluminium,Secondary,2024-11-04,4.2562,Exported
REC-0059-Q2 2024-SITE-B-AL01,2024-Q2,ORG-12345,SITE-B,Scotland,Aluminium,Tertiary,2025-01-01,1950.69,Exported
REC-0060-Q4 2024-SITE-B-PL01,2024-Q4,ORG-12345,SITE-B,Scotland,Plastic,Tertiary,2024-10-26,3.90318,Supplied as goods
REC-0061-2024-Q3-SITE-E-AL01,2024-Q3,ORG-12345,SITE-E,England,Aluminium,Tertiary,2024-11-23,2309.49,Supplied as goods
REC-0062-Q4 2024-SITE-D-OT01,2024-Q4,ORG-12345,SITE-D,Northern Ireland,Other,Secondary,2024-05-20,2.25727,Exported
REC-0063-Q4 2024-SITE-C-ST01,2024-Q4,ORG-12345,SITE-C,Wales,Steel,Tertiary,2024-06-09,2.44876,Exported
REC-0064-Q2 2024-SITE-B-AL01,2024-Q2,ORG-12345,SITE-B,Scotland,Aluminium,Secondary,2024-07-29,1.63256,Imported
REC-0065-Q4 2024-SITE-C-GL01,2024-Q4,ORG-12345,SITE-C,Wales,Glass,Tertiary,2024-02-15,367.93,Supplied as goods
REC-0066-Q4 2024-SITE-E-AL01,2024-Q4,ORG-12345,SITE-E,England,Aluminium,Tertiary,2024-01-18,1.97791,Imported
REC-0067-Q2 2024-SITE-E-PC01,2024-Q2,ORG-12345,SITE-E,England,Paper/card,Secondary,2024-05-06,4274.57,Imported
REC-0068-Q2 2024-SITE-D-ST01,2024-Q2,ORG-12345,SITE-D,Northern Ireland,Steel,Secondary,2024-03-20,193.67,Imported
REC-0069-Q4 2024-SITE-A-OT01,2024-Q4,ORG-12345,SITE-A,England,Other,Primary,2024-09-07,2.97987,Imported
REC-0070-2024-Q3-SITE-D-GL01,2024-Q3,ORG-12345,SITE-D,Northern Ireland,Glass,Primary,2024-07-27,1.92656,Imported
REC-0071-2024-Q1-SITE-D-ST01,2024-Q1,ORG-12345,SITE-D,Northern Ireland,Steel,Tertiary,2024-10-17,1.29874,Imported
REC-0072-Q2 2024-SITE-A-PL01,2024-Q2,ORG-12345,SITE-A,England,Plastic,Secondary,2024-01-25,3.2682100000000003,Supplied as goods
REC-0073-Q2 2024-SITE-E-GL01,2024-Q2,ORG-12345,SITE-E,England,Glass,Primary,2025-01-07,2.39413,Supplied as goods
REC-0074-2024-Q3-SITE-B-ST01,2024-Q3,ORG-12345,SITE-B,Scotland,Steel,Tertiary,2024-11-06,0.88056,Imported
REC-0075-Q2 2024-SITE-D-PL01,2024-Q2,ORG-12345,SITE-D,Northern Ireland,Plastic,Secondary,2024-11-13,3402.87,Exported
REC-0076-2024-Q1-SITE-E-AL01,2024-Q1,ORG-12345,SITE-E,England,Aluminium,Primary,2024-10-13,3.8737800000000004,Exported
REC-0077-Q4 2024-SITE-A-FB01,2024-Q4,ORG-12345,SITE-A,England,Fibre-based composite,Tertiary,2024-03-09,391.34,Imported
REC-0078-Q4 2024-SITE-B-FB01,2024-Q4,ORG-12345,SITE-B,Scotland,Fibre-based composite,Secondary,2024-10-08,4463.3,Exported
REC-0079-2024-Q3-SITE-D-ST01,2024-Q3,ORG-12345,SITE-D,Northern Ireland,Steel,Shipment,2024-05-19,3884.48,Exported
REC-0080-Q4 2024-SITE-E-PL02,2024-Q4,ORG-12345,SITE-E,England,Plastic,Secondary,2024-01-29,1257.12,Imported
REC-0081-2024-Q3-SITE-C-WD01,2024-Q3,ORG-12345,SITE-C,Wales,Wood,Tertiary,2024-06-06,0.95011,Imported
REC-0082-Q2 2024-SITE-A-ST01,2024-Q2,ORG-12345,SITE-A,England,Steel,Shipment,2024-08-10,2.6073000000000004,Supplied as goods
REC-0083-2024-Q1-SITE-D-WD01,2024-Q1,ORG-12345,SITE-D,Northern Ireland,Wood,Shipment,2024-06-13,3468.52,Supplied as goods
REC-0084-2024-Q3-SITE-D-AL01,2024-Q3,ORG-12345,SITE-D,Northern Ireland,Aluminium,Secondary,2024-10-22,1254.36,Exported
REC-0085-Q2 2024-SITE-C-PC01,2024-Q2,ORG-12345,SITE-C,Wales,Paper/card,Secondary,2024-04-22,2296.04,Exported
REC-0086-Q2 2024-SITE-B-PC01,2024-Q2,ORG-12345,SITE-B,Scotland,Paper/card,Primary,2024-09-18,2.7025300000000003,Exported
REC-0087-Q2 2024-SITE-A-ST01,2024-Q2,ORG-12345,SITE-A,England,Steel,Tertiary,2024-05-10,4884.2,Exported
REC-0088-2024-Q1-SITE-C-PC01,2024-Q1,ORG-12345,SITE-C,Wales,Paper/card,Primary,2024-10-24,0.12003,Imported
REC-0089-2024-Q1-SITE-A-ST01,2024-Q1,ORG-12345,SITE-A,England,Steel,Tertiary,2024-06-08,3207.45,Supplied as goods
REC-0090-Q4 2024-SITE-C-WD01,2024-Q4,ORG-12345,SITE-C,Wales,Wood,Secondary,2024-02-17,1.73649,Imported
REC-0091-Q2 2024-SITE-B-FB01,2024-Q2,ORG-12345,SITE-B,Scotland,Fibre-based composite,Secondary,2024-06-18,2.90625,Supplied as goods
REC-0092-Q2 2024-SITE-E-PL02,2024-Q2,ORG-12345,SITE-E,England,Plastic,Primary,2024-07-27,2812.46,Supplied as goods
REC-0093-2024-Q1-SITE-C-WD01,2024-Q1,ORG-12345,SITE-C,Wales,Wood,Secondary,2024-03-05,4307.82,Imported
REC-0094-Q2 2024-SITE-B-AL01,2024-Q2,ORG-12345,SITE-B,Scotland,Aluminium,Tertiary,2024-10-23,1.36,Supplied as goods
REC-0095-2024-Q1-SITE-C-PL02,2024-Q1,ORG-12345,SITE-C,Wales,Plastic,Primary,2024-06-10,2072.16,Supplied as goods
REC-0096-Q2 2024-SITE-C-ST01,2024-Q2,ORG-12345,SITE-C,Wales,Steel,Tertiary,2024-03-13,0.40234,Imported
REC-0097-2024-Q1-SITE-B-OT01,2024-Q1,ORG-12345,SITE-B,Scotland,Other,Primary,2024-04-08,787.5,Exported
REC-0098-2024-Q1-SITE-D-ST01,2024-Q1,ORG-12345,SITE-D,Northern Ireland,Steel,Shipment,2025-01-01,4129.99,Exported
REC-0099-2024-Q1-SITE-D-ST01,2024-Q1,ORG-12345,SITE-D,Northern Ireland,Steel,Tertiary,2024-02-04,4716.25,Imported
REC-0100-Q2 2024-SITE-A-FB01,2024-Q2,ORG-12345,SITE-A,England,Fibre-based composite,Tertiary,2024-11-04,3.03838,Imported
REC-0101-2024Q2-SITE-B-PL01,2024-Q2,ORG-12345,SITE-B,Scotland,Plastic,Tertiary,2024-12-13,4.11604,Exported
REC-0102-2024-Q1-SITE-D-WD01,2024-Q1,ORG-12345,SITE-D,Northern Ireland,Wood,Secondary,2024-07-11,4984.88,Supplied as goods
REC-0103-Q4 2024-SITE-C-FB01,2024-Q4,ORG-12345,SITE-C,Wales,Fibre-based composite,Primary,2024-09-24,3.3671599999999997,Imported
REC-0104-2024-Q1-SITE-D-ST01,2024-Q1,ORG-12345,SITE-D,Northern Ireland,Steel,Tertiary,2024-05-23,4.0771500000000005,Imported
REC-0105-Q4 2024-SITE-E-PC01,2024-Q4,ORG-12345,SITE-E,England,Paper/card,Primary,2024-02-11,4.33131,Imported
REC-0106-2024-Q1-SITE-D-AL01,2024-Q1,ORG-12345,SITE-D,Northern Ireland,Aluminium,Shipment,2024-05-30,3132.04,Imported
REC-0107-2024-Q1-SITE-A-OT01,2024-Q1,ORG-12345,SITE-A,England,Other,Primary,2024-03-15,2218.67,Imported
REC-0108-Q4 2024-SITE-E-AL01,2024-Q4,ORG-12345,SITE-E,England,Aluminium,Tertiary,2024-05-09,1.5882100000000001,Supplied as goods
REC-0110-Q2 2024-SITE-D-FB01,2024-Q2,ORG-12345,SITE-D,Northern Ireland,Fibre-based composite,Tertiary,2024-04-21,4.90221,Imported
REC-0112-Q4 2024-SITE-B-PL01,2024-Q4,ORG-12345,SITE-B,Scotland,Plastic,Secondary,2024-09-18,1527.85,Exported
REC-0113-2024-Q3-SITE-D-PC01,2024-Q3,ORG-12345,SITE-D,Northern Ireland,Paper/card,Secondary,2025-01-06,,Exported
REC-0114-2024-Q3-SITE-A-AL01,2024-Q3,ORG-12345,SITE-A,England,Aluminium,Shipment,2024-09-13,1206.13,Imported
REC-0115-2024-Q1-SITE-D-UNKNOWN,2024-Q1,ORG-12345,SITE-D,Northern Ireland,,Secondary,2024-09-28,3.97235,Exported
REC-0116-Q4 2024-SITE-A-PC01,2024-Q4,ORG-12345,SITE-A,England,Paper/card,Tertiary,2024-03-28,4377.24,Supplied as goods
REC-0117-2024-Q3-SITE-Z-FB01,2024-Q3,ORG-12345,SITE-Z,,Fibre-based composite,Tertiary,2024-11-29,4.85129,Exported
REC-0118-Q4 2024-SITE-C-FB01,2024-Q4,ORG-12345,SITE-C,Wales,Fibre-based composite,Tertiary,2024-02-02,4266.24,Supplied as goods
REC-0119-2024-Q1-SITE-B-PL02,2024-Q1,ORG-12345,SITE-B,Scotland,Plastic,Primary,2024-03-05,3437.78,Exported
REC-0120-2024-Q3-SITE-A-PL02,2024-Q3,ORG-12345,SITE-A,England,Plastic,Secondary,2024-06-13,3.48531,Supplied as goods
REC-0121-Q2 2024-SITE-E-PC01,2024-Q2,ORG-12345,SITE-E,England,Paper/card,Secondary,2024-04-13,770.57,Imported
REC-0122-Q2 2024-SITE-D-PL02,2024-Q2,ORG-12345,SITE-D,Northern Ireland,Plastic,Shipment,2024-09-07,3.11757,Imported
REC-0123-Q2 2024-SITE-C-ST01,2024-Q2,ORG-12345,SITE-C,Wales,Steel,Secondary,2024-08-28,3350.86,Imported
REC-0124-Q4 2024-SITE-C-PC01,2024-Q4,ORG-12345,SITE-C,Wales,Paper/card,Shipment,2024-04-25,3212.75,Imported
REC-0125-2024-Q3-SITE-E-FB01,2024-Q3,ORG-12345,SITE-E,England,Fibre-based composite,Tertiary,2024-06-14,577.93,Imported
REC-0126-2024-Q1-SITE-E-ST01,2024-Q1,ORG-12345,SITE-E,England,Steel,Primary,2024-09-25,2.00924,Exported
REC-0127-Q2 2024-SITE-B-ST01,2024-Q2,ORG-12345,SITE-B,Scotland,Steel,Tertiary,2024-05-22,3054.97,Supplied as goods
REC-0128-Q4 2024-SITE-C-GL01,2024-Q4,ORG-12345,SITE-C,Wales,Glass,Tertiary,2024-11-06,4.521850000000001,Supplied as goods
REC-0129-Q4 2024-SITE-C-PC01,2024-Q4,ORG-12345,SITE-C,Wales,Paper/card,Tertiary,2024-04-26,496.16,Supplied as goods
REC-0130-2024-Q3-SITE-E-GL01,2024-Q3,ORG-12345,SITE-E,England,Glass,Tertiary,2024-05-25,4388.48,Exported
REC-0131-Q4 2024-SITE-A-WD01,2024-Q4,ORG-12345,SITE-A,England,Wood,Tertiary,2024-03-27,3745.47,Imported
REC-0132-2024-Q3-SITE-E-AL01,2024-Q3,ORG-12345,SITE-E,England,Aluminium,Tertiary,2024-08-04,3634.87,Exported
REC-0133-Q4 2024-SITE-C-PL01,2024-Q4,ORG-12345,SITE-C,Wales,Plastic,Secondary,2024-07-23,661.76,Exported
REC-0134-Q2 2024-SITE-E-PL02,2024-Q2,ORG-12345,SITE-E,England,Plastic,Tertiary,2024-02-16,2383.81,Supplied as goods
REC-0135-2024-Q1-SITE-B-WD01,2024-Q1,ORG-12345,SITE-B,Scotland,Wood,Tertiary,2024-06-18,3.26374,Imported
REC-0136-Q4 2024-SITE-D-WD01,2024-Q4,ORG-12345,SITE-D,Northern Ireland,Wood,Primary,2024-12-23,1.2122600000000001,Supplied as goods
REC-0137-2024-Q1-SITE-D-OT01,2024-Q1,ORG-12345,SITE-D,Northern Ireland,Other,Secondary,2024-11-25,3.72423,Exported
REC-0138-Q4 2024-SITE-D-FB01,2024-Q4,ORG-12345,SITE-D,Northern Ireland,Fibre-based composite,Secondary,2024-07-18,3.46689,Supplied as goods
REC-0139-Q4 2024-SITE-A-PL02,2024-Q4,ORG-12345,SITE-A,England,Plastic,Tertiary,2024-04-21,2745.11,Imported
REC-0140-2024-Q1-SITE-E-PL02,2024-Q1,ORG-12345,SITE-E,England,Plastic,Tertiary,2024-07-03,0.50378,Imported
REC-0141-Q2 2024-SITE-E-AL01,2024-Q2,ORG-12345,SITE-E,England,Aluminium,Primary,2024-07-01,1.06577,Exported
REC-0142-2024-Q3-SITE-B-GL01,2024-Q3,ORG-12345,SITE-B,Scotland,Glass,Tertiary,2024-03-11,0.06404000000000001,Exported
REC-0143-2024-Q3-SITE-E-PL01,2024-Q3,ORG-12345,SITE-E,England,Plastic,Primary,2024-04-13,1.8233,Supplied as goods
REC-0144-Q4 2024-SITE-A-ST01,2024-Q4,ORG-12345,SITE-A,England,Steel,Primary,2024-07-18,3.7215000000000003,Supplied as goods
REC-0145-2024-Q1-SITE-E-OT01,2024-Q1,ORG-12345,SITE-E,England,Other,Shipment,2024-12-17,2.28743,Supplied as goods
REC-0146-Q4 2024-SITE-A-OT01,2024-Q4,ORG-12345,SITE-A,England,Other,Secondary,2024-08-20,3.23454,Imported
REC-0147-2024-Q3-SITE-A-PL02,2024-Q3,ORG-12345,SITE-A,England,Plastic,Secondary,2024-03-30,4.553020000000001,Exported
REC-0148-2024-Q3-SITE-D-PL02,2024-Q3,ORG-12345,SITE-D,Northern Ireland,Plastic,Primary,2024-09-29,3140.37,Imported
REC-0149-Q4 2024-SITE-D-FB01,2024-Q4,ORG-12345,SITE-D,Northern Ireland,Fibre-based composite,Primary,2024-08-13,0.6163500000000001,Exported
REC-0150-Q4 2024-SITE-C-PC01,2024-Q4,ORG-12345,SITE-C,Wales,Paper/card,Tertiary,2024-12-20,2.02371,Imported
REC-0151-2024-Q1-SITE-A-ST01,2024-Q1,ORG-12345,SITE-A,England,Steel,Secondary,2024-03-02,3449.76,Supplied as goods
REC-0152-2024-Q1-SITE-E-FB01,2024-Q1,ORG-12345,SITE-E,England,Fibre-based composite,Primary,2024-10-28,3.70704,Exported
REC-0153-2024-Q1-SITE-D-OT01,2024-Q1,ORG-12345,SITE-D,Northern Ireland,Other,Secondary,2024-11-17,655.04,Exported
REC-0154-Q4 2024-SITE-B-ST01,2024-Q4,ORG-12345,SITE-B,Scotland,Steel,Secondary,2024-03-10,2.9107,Supplied as goods
REC-0155-Q2 2024-SITE-E-PC01,2024-Q2,ORG-12345,SITE-E,England,Paper/card,Tertiary,2024-10-28,1869.43,Exported
REC-0156-Q2 2024-SITE-A-OT01,2024-Q2,ORG-12345,SITE-A,England,Other,Primary,2025-01-08,4648.97,Exported
REC-0157-Q4 2024-SITE-E-ST01,2024-Q4,ORG-12345,SITE-E,England,Steel,Secondary,2024-03-27,0.08022,Imported
REC-0158-Q4 2024-SITE-D-PL01,2024-Q4,ORG-12345,SITE-D,Northern Ireland,Plastic,Primary,2024-04-04,2675.89,Exported
REC-0159-Q2 2024-SITE-A-PC01,2024-Q2,ORG-12345,SITE-A,England,Paper/card,Secondary,2024-11-26,1.6557000000000002,Exported
REC-0160-Q4 2024-SITE-D-PL01,2024-Q4,ORG-12345,SITE-D,Northern Ireland,Plastic,Tertiary,2024-06-02,1396.91,Supplied as goods
REC-0161-2024-Q3-SITE-A-AL01,2024-Q3,ORG-12345,SITE-A,England,Aluminium,Tertiary,2024-12-27,613.4,Exported
REC-0162-2024-Q1-SITE-D-WD01,2024-Q1,ORG-12345,SITE-D,Northern Ireland,Wood,Shipment,2024-04-28,1.57668,Exported
REC-0163-2024-Q1-SITE-C-ST01,2024-Q1,ORG-12345,SITE-C,Wales,Steel,Primary,2024-09-25,3832.6,Supplied as goods
REC-0164-2024-Q3-SITE-E-FB01,2024-Q3,ORG-12345,SITE-E,England,Fibre-based composite,Primary,2024-08-05,1.93203,Supplied as goods
REC-0165-Q4 2024-SITE-C-PL01,2024-Q4,ORG-12345,SITE-C,Wales,Plastic,Secondary,2024-08-09,2.3257800000000004,Supplied as goods
REC-0166-Q4 2024-SITE-B-FB01,2024-Q4,ORG-12345,SITE-B,Scotland,Fibre-based composite,Secondary,2024-07-18,2054.91,Supplied as goods
REC-0167-2024-Q1-SITE-E-PL02,2024-Q1,ORG-12345,SITE-E,England,Plastic,Secondary,2024-06-21,1254.42,Supplied as goods
REC-0168-2024-Q1-SITE-E-PC01,2024-Q1,ORG-12345,SITE-E,England,Paper/card,Primary,2024-10-02,3.9066300000000003,Imported
REC-0169-2024-Q1-SITE-B-AL01,2024-Q1,ORG-12345,SITE-B,Scotland,Aluminium,Tertiary,2024-05-25,1.78794,Imported
REC-0170-Q4 2024-SITE-B-AL01,2024-Q4,ORG-12345,SITE-B,Scotland,Aluminium,Primary,2024-10-29,0.80671,Exported
REC-0171-Q2 2024-SITE-C-WD01,2024-Q2,ORG-12345,SITE-C,Wales,Wood,Tertiary,2024-02-18,3232.81,Exported
REC-0172-2024-Q1-SITE-E-WD01,2024-Q1,ORG-12345,SITE-E,England,Wood,Secondary,2024-09-30,1548.96,Exported
REC-0173-2024-Q3-SITE-C-PL02,2024-Q3,ORG-12345,SITE-C,Wales,Plastic,Secondary,2024-12-10,2.2869699999999997,Imported
REC-0174-2024-Q1-SITE-E-PL02,2024-Q1,ORG-12345,SITE-E,England,Plastic,Shipment,2024-11-02,2559.99,Exported
REC-0175-Q4 2024-SITE-A-AL01,2024-Q4,ORG-12345,SITE-A,England,Aluminium,Secondary,2024-07-08,2.40436,Exported
REC-0176-Q4 2024-SITE-D-PL02,2024-Q4,ORG-12345,SITE-D,Northern Ireland,Plastic,Shipment,2024-10-08,0.90417,Exported
REC-0177-2024-Q3-SITE-D-GL01,2024-Q3,ORG-12345,SITE-D,Northern Ireland,Glass,Secondary,2024-11-16,4593.79,Imported
REC-0178-2024-Q1-SITE-C-PL01,2024-Q1,ORG-12345,SITE-C,Wales,Plastic,Tertiary,2024-12-27,3.2541599999999997,Exported
REC-0179-2024-Q1-SITE-C-FB01,2024-Q1,ORG-12345,SITE-C,Wales,Fibre-based composite,Secondary,2024-12-19,3.63248,Imported
REC-0180-2024-Q1-SITE-B-GL01,2024-Q1,ORG-12345,SITE-B,Scotland,Glass,Secondary,2024-10-27,4840.1,Imported
REC-0181-2024-Q3-SITE-D-FB01,2024-Q3,ORG-12345,SITE-D,Northern Ireland,Fibre-based composite,Tertiary,2024-07-18,4.07526,Imported
REC-0182-Q2 2024-SITE-B-ST01,2024-Q2,ORG-12345,SITE-B,Scotland,Steel,Primary,2024-04-03,1741.58,Supplied as goods
REC-0183-Q2 2024-SITE-C-PL02,2024-Q2,ORG-12345,SITE-C,Wales,Plastic,Secondary,2024-07-25,2.56306,Supplied as goods
REC-0184-2024-Q1-SITE-D-GL01,2024-Q1,ORG-12345,SITE-D,Northern Ireland,Glass,Primary,2024-07-19,4.16516,Supplied as goods
REC-0185-Q2 2024-SITE-B-AL01,2024-Q2,ORG-12345,SITE-B,Scotland,Aluminium,Secondary,2024-09-11,1460.39,Exported
REC-0186-2024-Q3-SITE-D-AL01,2024-Q3,ORG-12345,SITE-D,Northern Ireland,Aluminium,Secondary,2024-09-28,4738.29,Exported
REC-0187-2024-Q1-SITE-C-OT01,2024-Q1,ORG-12345,SITE-C,Wales,Other,Secondary,2024-09-17,4.09361,Supplied as goods
REC-0188-2024-Q1-SITE-C-PC01,2024-Q1,ORG-12345,SITE-C,Wales,Paper/card,Shipment,2024-06-02,3.57143,Supplied as goods
REC-0189-Q4 2024-SITE-B-WD01,2024-Q4,ORG-12345,SITE-B,Scotland,Wood,Shipment,2024-01-28,4.16368,Supplied as goods
REC-0190-2024-Q1-SITE-D-FB01,2024-Q1,ORG-12345,SITE-D,Northern Ireland,Fibre-based composite,Primary,2024-05-08,2.53494,Imported
REC-0191-Q2 2024-SITE-B-PL01,2024-Q2,ORG-12345,SITE-B,Scotland,Plastic,Secondary,2024-06-09,4203.92,Supplied as goods
REC-0192-2024-Q1-SITE-D-WD01,2024-Q1,ORG-12345,SITE-D,Northern Ireland,Wood,Tertiary,2024-01-24,3806.26,Supplied as goods
REC-0193-2024-Q3-SITE-A-ST01,2024-Q3,ORG-12345,SITE-A,England,Steel,Primary,2024-06-17,2766.58,Supplied as goods
REC-0194-2024-Q1-SITE-A-PL02,2024-Q1,ORG-12345,SITE-A,England,Plastic,Primary,2024-11-15,2128.14,Supplied as goods
REC-0195-2024-Q3-SITE-B-OT01,2024-Q3,ORG-12345,SITE-B,Scotland,Other,Primary,2024-01-15,2.6011100000000003,Exported
REC-0196-2024-Q3-SITE-E-PC01,2024-Q3,ORG-12345,SITE-E,England,Paper/card,Primary,2024-10-10,2.11201,Exported
REC-0197-2024-Q1-SITE-D-OT01,2024-Q1,ORG-12345,SITE-D,Northern Ireland,Other,Shipment,2024-07-31,2793.05,Exported
REC-0198-Q2 2024-SITE-C-PC01,2024-Q2,ORG-12345,SITE-C,Wales,Paper/card,Secondary,2024-12-16,0.13040000000000002,Exported
REC-0199-2024-Q1-SITE-B-PL02,2024-Q1,ORG-12345,SITE-B,Scotland,Plastic,Tertiary,2024-10-20,3689.18,Exported
REC-0200-Q2 2024-SITE-D-PC01,2024-Q2,ORG-12345,SITE-D,Northern Ireland,Paper/card,Tertiary,2024-02-16,916.69,Exported
REC-0201-2024Q2-SITE-A-WD01,2024-Q2,ORG-12345,SITE-A,England,Wood,Primary,2024-10-04,1.0478800000000001,Imported
REC-0202-2024-Q3-SITE-B-FB01,2024-Q3,ORG-12345,SITE-B,Scotland,Fibre-based composite,Tertiary,2024-02-08,2.39333,Exported
REC-0203-Q4 2024-SITE-D-PC01,2024-Q4,ORG-12345,SITE-D,Northern Ireland,Paper/card,Primary,2024-07-06,4006.74,Supplied as goods
REC-0204-Q4 2024-SITE-A-GL01,2024-Q4,ORG-12345,SITE-A,England,Glass,Secondary,2024-08-22,2512.74,Exported
REC-0205-2024-Q3-SITE-C-GL01,2024-Q3,ORG-12345,SITE-C,Wales,Glass,Shipment,2024-08-30,1.6400000000000001,Imported
REC-0206-2024-Q3-SITE-A-FB01,2024-Q3,ORG-12345,SITE-A,England,Fibre-based composite,Primary,2024-08-24,2247.35,Exported
REC-0207-Q2 2024-SITE-C-ST01,2024-Q2,ORG-12345,SITE-C,Wales,Steel,Tertiary,2024-03-15,421.45,Supplied as goods
REC-0208-Q4 2024-SITE-C-WD01,2024-Q4,ORG-12345,SITE-C,Wales,Wood,Primary,2024-01-31,382.81,Supplied as goods
REC-0210-2024-Q1-SITE-B-OT01,2024-Q1,ORG-12345,SITE-B,Scotland,Other,Secondary,2024-04-19,1606.21,Imported
REC-0212-2024-Q1-SITE-B-AL01,2024-Q1,ORG-12345,SITE-B,Scotland,Aluminium,Shipment,2024-02-21,3485.2,Imported
REC-0213-2024-Q3-SITE-C-WD01,2024-Q3,ORG-12345,SITE-C,Wales,Wood,Primary,2024-02-17,,Exported
REC-0214-2024-Q3-SITE-B-OT01,2024-Q3,ORG-12345,SITE-B,Scotland,Other,Shipment,2024-05-08,4.46209,Imported
REC-0215-2024-Q3-SITE-A-UNKNOWN,2024-Q3,ORG-12345,SITE-A,England,,Primary,2024-11-03,1221.84,Supplied as goods
REC-0216-2024-Q3-SITE-A-PC01,2024-Q3,ORG-12345,SITE-A,England,Paper/card,Secondary,2024-09-16,0.69237,Exported
REC-0217-2024-Q3-SITE-Z-OT01,2024-Q3,ORG-12345,SITE-Z,,Other,Secondary,2024-02-21,4.1255299999999995,Imported
REC-0218-Q2 2024-SITE-E-WD01,2024-Q2,ORG-12345,SITE-E,England,Wood,Secondary,2024-08-23,2.6109299999999998,Exported
REC-0219-Q2 2024-SITE-C-OT01,2024-Q2,ORG-12345,SITE-C,Wales,Other,Tertiary,2024-06-28,4.16538,Supplied as goods
REC-0220-Q2 2024-SITE-C-AL01,2024-Q2,ORG-12345,SITE-C,Wales,Aluminium,Secondary,2024-10-23,4.4798800000000005,Exported
REC-0221-Q2 2024-SITE-E-ST01,2024-Q2,ORG-12345,SITE-E,England,Steel,Primary,2024-11-07,1.54898,Exported
REC-0222-2024-Q1-SITE-E-GL01,2024-Q1,ORG-12345,SITE-E,England,Glass,Primary,2024-02-25,3141.17,Exported
REC-0223-Q4 2024-SITE-E-PL01,2024-Q4,ORG-12345,SITE-E,England,Plastic,Tertiary,2024-12-07,1.36005,Exported
REC-0224-Q2 2024-SITE-D-PL01,2024-Q2,ORG-12345,SITE-D,Northern Ireland,Plastic,Secondary,2024-08-09,2750.61,Exported
REC-0225-Q4 2024-SITE-D-ST01,2024-Q4,ORG-12345,SITE-D,Northern Ireland,Steel,Secondary,2024-09-08,3.45864,Supplied as goods
REC-0226-Q4 2024-SITE-C-AL01,2024-Q4,ORG-12345,SITE-C,Wales,Aluminium,Secondary,2024-07-22,761.16,Exported
REC-0227-2024-Q3-SITE-A-OT01,2024-Q3,ORG-12345,SITE-A,England,Other,Shipment,2024-05-20,1629.62,Supplied as goods
REC-0228-Q4 2024-SITE-E-GL01,2024-Q4,ORG-12345,SITE-E,England,Glass,Primary,2024-04-05,1486.55,Supplied as goods
REC-0229-Q4 2024-SITE-D-PC01,2024-Q4,ORG-12345,SITE-D,Northern Ireland,Paper/card,Shipment,2024-06-20,1.5979400000000001,Exported
REC-0230-Q2 2024-SITE-B-WD01,2024-Q2,ORG-12345,SITE-B,Scotland,Wood,Primary,2024-07-13,4728.9,Supplied as goods
REC-0231-2024-Q1-SITE-C-PL01,2024-Q1,ORG-12345,SITE-C,Wales,Plastic,Primary,2024-08-22,2499.73,Imported
REC-0232-2024-Q1-SITE-C-GL01,2024-Q1,ORG-12345,SITE-C,Wales,Glass,Secondary,2024-02-10,1860.6,Exported
REC-0233-Q4 2024-SITE-D-OT01,2024-Q4,ORG-12345,SITE-D,Northern Ireland,Other,Primary,2024-06-06,2.78845,Imported
REC-0234-2024-Q3-SITE-E-PL02,2024-Q3,ORG-12345,SITE-E,England,Plastic,Primary,2024-04-25,1999.82,Supplied as goods
REC-0235-2024-Q3-SITE-B-OT01,2024-Q3,ORG-12345,SITE-B,Scotland,Other,Secondary,2024-10-06,0.24926,Exported
REC-0236-2024-Q3-SITE-C-WD01,2024-Q3,ORG-12345,SITE-C,Wales,Wood,Primary,2024-08-03,4.471,Exported
REC-0237-2024-Q3-SITE-E-ST01,2024-Q3,ORG-12345,SITE-E,England,Steel,Shipment,2024-01-23,2561.21,Imported
REC-0238-2024-Q3-SITE-E-PC01,2024-Q3,ORG-12345,SITE-E,England,Paper/card,Secondary,2025-01-01,592.54,Exported
REC-0239-Q4 2024-SITE-A-PL01,2024-Q4,ORG-12345,SITE-A,England,Plastic,Shipment,2024-10-09,1.3643800000000001,Imported
REC-0240-2024-Q1-SITE-B-FB01,2024-Q1,ORG-12345,SITE-B,Scotland,Fibre-based composite,Primary,2024-06-23,1.24887,Exported
REC-0241-Q4 2024-SITE-E-FB01,2024-Q4,ORG-12345,SITE-E,England,Fibre-based composite,Primary,2024-02-15,3467.98,Imported
REC-0242-Q4 2024-SITE-E-GL01,2024-Q4,ORG-12345,SITE-E,England,Glass,Shipment,2024-04-12,2826.39,Supplied as goods
REC-0243-Q4 2024-SITE-E-WD01,2024-Q4,ORG-12345,SITE-E,England,Wood,Shipment,2024-05-20,2754.05,Imported
REC-0244-Q2 2024-SITE-C-ST01,2024-Q2,ORG-12345,SITE-C,Wales,Steel,Shipment,2025-01-09,1163.09,Imported
REC-0245-2024-Q1-SITE-C-WD01,2024-Q1,ORG-12345,SITE-C,Wales,Wood,Secondary,2024-12-26,1776.58,Imported
REC-0246-2024-Q1-SITE-C-OT01,2024-Q1,ORG-12345,SITE-C,Wales,Other,Secondary,2024-02-24,4.10097,Imported
REC-0247-Q2 2024-SITE-B-PC01,2024-Q2,ORG-12345,SITE-B,Scotland,Paper/card,Secondary,2024-06-01,1319.4,Exported
REC-0248-2024-Q1-SITE-B-OT01,2024-Q1,ORG-12345,SITE-B,Scotland,Other,Tertiary,2024-10-12,0.7295,Imported
REC-0249-Q4 2024-SITE-C-AL01,2024-Q4,ORG-12345,SITE-C,Wales,Aluminium,Tertiary,2024-12-28,309.83,Supplied as goods
REC-0250-Q4 2024-SITE-D-GL01,2024-Q4,ORG-12345,SITE-D,Northern Ireland,Glass,Primary,2024-12-13,4.89066,Exported
REC-0251-Q2 2024-SITE-A-AL01,2024-Q2,ORG-12345,SITE-A,England,Aluminium,Tertiary,2024-02-03,1.63978,Imported
REC-0252-Q4 2024-SITE-D-GL01,2024-Q4,ORG-12345,SITE-D,Northern Ireland,Glass,Secondary,2024-06-11,4.67292,Supplied as goods
REC-0253-2024-Q3-SITE-C-PL01,2024-Q3,ORG-12345,SITE-C,Wales,Plastic,Primary,2024-12-08,2.86141,Imported
REC-0254-Q4 2024-SITE-E-OT01,2024-Q4,ORG-12345,SITE-E,England,Other,Shipment,2024-04-22,4.45184,Imported
REC-0255-2024-Q1-SITE-B-PL02,2024-Q1,ORG-12345,SITE-B,Scotland,Plastic,Secondary,2024-07-05,3669.04,Supplied as goods
REC-0256-Q4 2024-SITE-E-ST01,2024-Q4,ORG-12345,SITE-E,England,Steel,Shipment,2024-10-04,3.79855,Exported
REC-0257-Q4 2024-SITE-B-PC01,2024-Q4,ORG-12345,SITE-B,Scotland,Paper/card,Primary,2024-05-21,3.36282,Imported
REC-0258-2024-Q3-SITE-C-PL01,2024-Q3,ORG-12345,SITE-C,Wales,Plastic,Secondary,2024-11-03,1215.83,Imported
REC-0259-2024-Q1-SITE-A-PL01,2024-Q1,ORG-12345,SITE-A,England,Plastic,Secondary,2024-06-20,1.82978,Exported
REC-0260-2024-Q3-SITE-A-GL01,2024-Q3,ORG-12345,SITE-A,England,Glass,Secondary,2024-11-24,2537.48,Exported
REC-0261-2024-Q3-SITE-E-AL01,2024-Q3,ORG-12345,SITE-E,England,Aluminium,Primary,2025-01-08,2417.0,Supplied as goods
REC-0262-2024-Q1-SITE-B-OT01,2024-Q1,ORG-12345,SITE-B,Scotland,Other,Secondary,2024-08-30,4.019880000000001,Exported
REC-0263-Q2 2024-SITE-A-OT01,2024-Q2,ORG-12345,SITE-A,England,Other,Tertiary,2024-10-15,0.43661,Imported
REC-0264-Q2 2024-SITE-A-GL01,2024-Q2,ORG-12345,SITE-A,England,Glass,Primary,2024-11-08,4279.71,Imported
REC-0265-Q2 2024-SITE-D-WD01,2024-Q2,ORG-12345,SITE-D,Northern Ireland,Wood,Primary,2024-08-14,2.25514,Exported
REC-0266-Q4 2024-SITE-A-WD01,2024-Q4,ORG-12345,SITE-A,England,Wood,Shipment,2024-01-16,2816.05,Supplied as goods
REC-0267-2024-Q1-SITE-A-AL01,2024-Q1,ORG-12345,SITE-A,England,Aluminium,Shipment,2024-09-12,274.18,Supplied as goods
REC-0268-2024-Q3-SITE-D-PL01,2024-Q3,ORG-12345,SITE-D,Northern Ireland,Plastic,Secondary,2024-08-31,0.94091,Imported
REC-0269-2024-Q1-SITE-C-FB01,2024-Q1,ORG-12345,SITE-C,Wales,Fibre-based composite,Secondary,2024-10-16,3.42952,Supplied as goods
REC-0270-2024-Q1-SITE-A-FB01,2024-Q1,ORG-12345,SITE-A,England,Fibre-based composite,Shipment,2024-09-08,3.6529000000000003,Supplied as goods
REC-0271-Q4 2024-SITE-B-OT01,2024-Q4,ORG-12345,SITE-B,Scotland,Other,Secondary,2024-04-03,1.9274200000000001,Exported
REC-0272-2024-Q1-SITE-D-ST01,2024-Q1,ORG-12345,SITE-D,Northern Ireland,Steel,Primary,2024-04-29,3.83918,Exported
REC-0273-2024-Q1-SITE-B-PL02,2024-Q1,ORG-12345,SITE-B,Scotland,Plastic,Primary,2024-08-26,0.2162,Exported
REC-0274-2024-Q3-SITE-B-AL01,2024-Q3,ORG-12345,SITE-B,Scotland,Aluminium,Shipment,2024-11-04,3.7842100000000003,Supplied as goods
REC-0275-2024-Q3-SITE-B-PC01,2024-Q3,ORG-12345,SITE-B,Scotland,Paper/card,Shipment,2024-12-18,3874.06,Exported
REC-0276-Q2 2024-SITE-E-OT01,2024-Q2,ORG-12345,SITE-E,England,Other,Primary,2024-12-27,1.53748,Imported
REC-0277-2024-Q3-SITE-D-FB01,2024-Q3,ORG-12345,SITE-D,Northern Ireland,Fibre-based composite,Shipment,2024-08-15,282.08,Imported
REC-0278-Q2 2024-SITE-B-FB01,2024-Q2,ORG-12345,SITE-B,Scotland,Fibre-based composite,Primary,2024-03-28,1913.48,Imported
REC-0279-Q2 2024-SITE-E-WD01,2024-Q2,ORG-12345,SITE-E,England,Wood,Primary,2024-05-18,2092.75,Exported
REC-0280-2024-Q1-SITE-C-ST01,2024-Q1,ORG-12345,SITE-C,Wales,Steel,Primary,2024-04-21,3251.19,Imported
REC-0281-Q2 2024-SITE-A-PL01,2024-Q2,ORG-12345,SITE-A,England,Plastic,Secondary,2024-12-23,3.38468,Imported
REC-0282-2024-Q1-SITE-C-OT01,2024-Q1,ORG-12345,SITE-C,Wales,Other,Primary,2024-04-21,1084.0,Imported
REC-0283-Q2 2024-SITE-D-PL02,2024-Q2,ORG-12345,SITE-D,Northern Ireland,Plastic,Tertiary,2024-06-27,4.576479999999999,Imported
REC-0284-2024-Q3-SITE-C-ST01,2024-Q3,ORG-12345,SITE-C,Wales,Steel,Secondary,2024-10-03,2691.57,Imported
REC-0285-Q2 2024-SITE-C-WD01,2024-Q2,ORG-12345,SITE-C,Wales,Wood,Secondary,2024-06-23,4023.94,Supplied as goods
REC-0286-2024-Q3-SITE-A-FB01,2024-Q3,ORG-12345,SITE-A,England,Fibre-based composite,Primary,2024-11-09,4.3272200000000005,Exported
REC-0287-Q2 2024-SITE-D-FB01,2024-Q2,ORG-12345,SITE-D,Northern Ireland,Fibre-based composite,Secondary,2024-10-22,1.02115,Supplied as goods
REC-0288-Q2 2024-SITE-D-PC01,2024-Q2,ORG-12345,SITE-D,Northern Ireland,Paper/card,Secondary,2024-07-13,4834.22,Imported
REC-0289-2024-Q1-SITE-E-GL01,2024-Q1,ORG-12345,SITE-E,England,Glass,Primary,2024-02-01,2.7554000000000003,Exported
REC-0290-Q2 2024-SITE-D-PL02,2024-Q2,ORG-12345,SITE-D,Northern Ireland,Plastic,Tertiary,2024-05-12,0.29014999999999996,Exported
REC-0291-2024-Q1-SITE-C-PL02,2024-Q1,ORG-12345,SITE-C,Wales,Plastic,Tertiary,2024-12-06,95.25,Supplied as goods
REC-0292-2024-Q1-SITE-A-WD01,2024-Q1,ORG-12345,SITE-A,England,Wood,Tertiary,2024-06-03,127.87,Imported
REC-0293-2024-Q1-SITE-B-OT01,2024-Q1,ORG-12345,SITE-B,Scotland,Other,Secondary,2024-10-09,2535.97,Supplied as goods
REC-0294-2024-Q3-SITE-C-GL01,2024-Q3,ORG-12345,SITE-C,Wales,Glass,Primary,2024-02-24,3117.92,Supplied as goods
REC-0295-2024-Q1-SITE-C-PC01,2024-Q1,ORG-12345,SITE-C,Wales,Paper/card,Secondary,2024-12-12,2.84676,Imported
REC-0296-2024-Q1-SITE-A-PL01,2024-Q1,ORG-12345,SITE-A,England,Plastic,Primary,2024-04-11,1927.36,Imported
REC-0297-2024-Q1-SITE-E-PL02,2024-Q1,ORG-12345,SITE-E,England,Plastic,Secondary,2024-02-05,3242.29,Imported
REC-0298-2024-Q1-SITE-C-AL01,2024-Q1,ORG-12345,SITE-C,Wales,Aluminium,Primary,2024-12-30,4443.39,Exported
REC-0299-2024-Q1-SITE-C-ST01,2024-Q1,ORG-12345,SITE-C,Wales,Steel,Shipment,2024-11-10,3.30764,Exported
REC-0300-Q2 2024-SITE-C-GL01,2024-Q2,ORG-12345,SITE-C,Wales,Glass,Tertiary,2024-05-17,4.11347,Exported
REC-0301-2024Q2-SITE-A-FB01,2024-Q2,ORG-12345,SITE-A,England,Fibre-based composite,Tertiary,2024-03-05,1.69206,Exported
REC-0302-2024-Q1-SITE-C-FB01,2024-Q1,ORG-12345,SITE-C,Wales,Fibre-based composite,Primary,2024-06-02,1735.93,Supplied as goods
REC-0303-Q2 2024-SITE-D-WD01,2024-Q2,ORG-12345,SITE-D,Northern Ireland,Wood,Primary,2024-11-09,1811.27,Supplied as goods
REC-0304-2024-Q1-SITE-A-FB01,2024-Q1,ORG-12345,SITE-A,England,Fibre-based composite,Primary,2024-04-02,1.5121300000000002,Exported
REC-0305-2024-Q3-SITE-C-FB01,2024-Q3,ORG-12345,SITE-C,Wales,Fibre-based composite,Tertiary,2024-03-01,0.81367,Exported
REC-0306-Q2 2024-SITE-A-PL01,2024-Q2,ORG-12345,SITE-A,England,Plastic,Secondary,2024-04-19,1831.59,Imported
REC-0307-2024-Q1-SITE-A-FB01,2024-Q1,ORG-12345,SITE-A,England,Fibre-based composite,Secondary,2024-03-15,2795.96,Exported
REC-0308-2024-Q1-SITE-D-OT01,2024-Q1,ORG-12345,SITE-D,Northern Ireland,Other,Primary,2024-08-13,3010.32,Exported
REC-0310-2024-Q1-SITE-B-GL01,2024-Q1,ORG-12345,SITE-B,Scotland,Glass,Primary,2024-08-24,1540.6,Imported
REC-0312-2024-Q3-SITE-B-WD01,2024-Q3,ORG-12345,SITE-B,Scotland,Wood,Shipment,2024-08-04,1.01796,Exported
REC-0313-2024-Q3-SITE-D-PC01,2024-Q3,ORG-12345,SITE-D,Northern Ireland,Paper/card,Tertiary,2024-12-13,,Exported
REC-0314-2024-Q3-SITE-D-GL01,2024-Q3,ORG-12345,SITE-D,Northern Ireland,Glass,Secondary,2024-08-05,3.0359000000000003,Imported
REC-0315-Q2 2024-SITE-E-UNKNOWN,2024-Q2,ORG-12345,SITE-E,England,,Secondary,2024-07-25,3490.04,Exported
REC-0316-Q2 2024-SITE-E-ST01,2024-Q2,ORG-12345,SITE-E,England,Steel,Tertiary,2024-10-22,1.85683,Imported
REC-0317-2024-Q3-SITE-Z-PL01,2024-Q3,ORG-12345,SITE-Z,,Plastic,Tertiary,2024-02-19,4.7177299999999995,Imported
REC-0318-2024-Q3-SITE-B-FB01,2024-Q3,ORG-12345,SITE-B,Scotland,Fibre-based composite,Tertiary,2024-04-02,738.94,Imported
REC-0319-Q4 2024-SITE-E-FB01,2024-Q4,ORG-12345,SITE-E,England,Fibre-based composite,Tertiary,2024-09-30,416.13,Imported
REC-0320-2024-Q1-SITE-E-FB01,2024-Q1,ORG-12345,SITE-E,England,Fibre-based composite,Shipment,2024-05-21,3964.07,Supplied as goods
REC-0321-Q4 2024-SITE-C-PC01,2024-Q4,ORG-12345,SITE-C,Wales,Paper/card,Primary,2024-01-20,3082.76,Exported
REC-0322-2024-Q3-SITE-D-PL02,2024-Q3,ORG-12345,SITE-D,Northern Ireland,Plastic,Secondary,2024-09-08,2.5778499999999998,Supplied as goods
REC-0323-2024-Q3-SITE-A-OT01,2024-Q3,ORG-12345,SITE-A,England,Other,Primary,2024-02-27,4988.63,Imported
REC-0324-Q4 2024-SITE-C-PL02,2024-Q4,ORG-12345,SITE-C,Wales,Plastic,Tertiary,2024-10-07,751.29,Exported
REC-0325-2024-Q1-SITE-C-WD01,2024-Q1,ORG-12345,SITE-C,Wales,Wood,Secondary,2024-02-06,533.23,Imported
REC-0326-Q2 2024-SITE-B-PL02,2024-Q2,ORG-12345,SITE-B,Scotland,Plastic,Primary,2024-04-05,3.25745,Imported
REC-0327-Q2 2024-SITE-D-PC01,2024-Q2,ORG-12345,SITE-D,Northern Ireland,Paper/card,Shipment,2024-12-07,4.794390000000001,Imported
REC-0328-Q4 2024-SITE-D-FB01,2024-Q4,ORG-12345,SITE-D,Northern Ireland,Fibre-based composite,Secondary,2024-01-17,3.70007,Supplied as goods
REC-0329-2024-Q1-SITE-E-AL01,2024-Q1,ORG-12345,SITE-E,England,Aluminium,Primary,2024-04-19,3.77401,Imported
REC-0330-2024-Q3-SITE-D-PC01,2024-Q3,ORG-12345,SITE-D,Northern Ireland,Paper/card,Secondary,2024-07-31,2314.87,Supplied as goods
REC-0331-Q2 2024-SITE-E-FB01,2024-Q2,ORG-12345,SITE-E,England,Fibre-based composite,Shipment,2024-06-15,1772.23,Supplied as goods
REC-0332-2024-Q1-SITE-C-PL02,2024-Q1,ORG-12345,SITE-C,Wales,Plastic,Tertiary,2024-07-24,1.60027,Supplied as goods
REC-0333-Q4 2024-SITE-E-GL01,2024-Q4,ORG-12345,SITE-E,England,Glass,Shipment,2024-04-19,2.12028,Imported
REC-0334-Q2 2024-SITE-E-WD01,2024-Q2,ORG-12345,SITE-E,England,Wood,Tertiary,2024-06-10,3.48249,Exported
REC-0335-2024-Q1-SITE-C-GL01,2024-Q1,ORG-12345,SITE-C,Wales,Glass,Primary,2024-03-24,4.21783,Imported
REC-0336-Q4 2024-SITE-D-AL01,2024-Q4,ORG-12345,SITE-D,Northern Ireland,Aluminium,Tertiary,2024-08-29,4820.95,Imported
REC-0337-2024-Q1-SITE-C-WD01,2024-Q1,ORG-12345,SITE-C,Wales,Wood,Primary,2024-05-09,2.8487199999999997,Supplied as goods
REC-0338-2024-Q1-SITE-E-OT01,2024-Q1,ORG-12345,SITE-E,England,Other,Secondary,2024-03-13,3914.66,Supplied as goods
REC-0339-2024-Q1-SITE-E-ST01,2024-Q1,ORG-12345,SITE-E,England,Steel,Tertiary,2024-08-27,4125.25,Exported
REC-0340-2024-Q1-SITE-C-OT01,2024-Q1,ORG-12345,SITE-C,Wales,Other,Primary,2024-05-28,0.55696,Imported
REC-0341-Q2 2024-SITE-B-PC01,2024-Q2,ORG-12345,SITE-B,Scotland,Paper/card,Tertiary,2024-11-11,2.2234000000000003,Supplied as goods
REC-0342-Q2 2024-SITE-B-PC01,2024-Q2,ORG-12345,SITE-B,Scotland,Paper/card,Tertiary,2024-04-29,3070.8,Exported
REC-0343-2024-Q3-SITE-C-PL01,2024-Q3,ORG-12345,SITE-C,Wales,Plastic,Shipment,2024-11-03,2.68479,Imported
REC-0344-Q4 2024-SITE-B-ST01,2024-Q4,ORG-12345,SITE-B,Scotland,Steel,Tertiary,2024-06-04,4.928170000000001,Exported
REC-0345-Q4 2024-SITE-B-GL01,2024-Q4,ORG-12345,SITE-B,Scotland,Glass,Tertiary,2024-03-27,1285.9,Supplied as goods
REC-0346-Q4 2024-SITE-A-ST01,2024-Q4,ORG-12345,SITE-A,England,Steel,Tertiary,2024-06-05,1.9071,Imported
REC-0347-Q4 2024-SITE-A-PC01,2024-Q4,ORG-12345,SITE-A,England,Paper/card,Secondary,2024-12-20,1.67008,Imported
REC-0348-Q4 2024-SITE-B-PC01,2024-Q4,ORG-12345,SITE-B,Scotland,Paper/card,Tertiary,2024-09-24,3988.61,Supplied as goods
REC-0349-Q4 2024-SITE-E-ST01,2024-Q4,ORG-12345,SITE-E,England,Steel,Secondary,2024-12-29,1.7218900000000001,Imported
REC-0350-2024-Q1-SITE-A-PL01,2024-Q1,ORG-12345,SITE-A,England,Plastic,Primary,2024-08-27,3149.59,Supplied as goods
REC-0351-Q2 2024-SITE-C-WD01,2024-Q2,ORG-12345,SITE-C,Wales,Wood,Primary,2024-03-02,1.05148,Imported
REC-0352-Q4 2024-SITE-A-PC01,2024-Q4,ORG-12345,SITE-A,England,Paper/card,Secondary,2024-06-19,1.8906300000000003,Supplied as goods
REC-0353-Q2 2024-SITE-A-AL01,2024-Q2,ORG-12345,SITE-A,England,Aluminium,Secondary,2024-02-23,0.50144,Exported
REC-0354-2024-Q1-SITE-A-GL01,2024-Q1,ORG-12345,SITE-A,England,Glass,Shipment,2024-07-08,2621.25,Supplied as goods
REC-0355-Q2 2024-SITE-A-PL02,2024-Q2,ORG-12345,SITE-A,England,Plastic,Tertiary,2024-02-29,3485.45,Imported
REC-0356-Q4 2024-SITE-B-PL02,2024-Q4,ORG-12345,SITE-B,Scotland,Plastic,Primary,2024-12-08,1869.43,Imported
REC-0357-2024-Q3-SITE-D-GL01,2024-Q3,ORG-12345,SITE-D,Northern Ireland,Glass,Primary,2024-05-03,2.83829,Exported
REC-0358-2024-Q1-SITE-A-GL01,2024-Q1,ORG-12345,SITE-A,England,Glass,Secondary,2024-03-18,3.4485,Exported
REC-0359-2024-Q3-SITE-B-FB01,2024-Q3,ORG-12345,SITE-B,Scotland,Fibre-based composite,Secondary,2024-02-27,1.60679,Imported
REC-0360-2024-Q3-SITE-A-AL01,2024-Q3,ORG-12345,SITE-A,England,Aluminium,Shipment,2024-10-06,3020.04,Exported
REC-0361-Q4 2024-SITE-B-OT01,2024-Q4,ORG-12345,SITE-B,Scotland,Other,Primary,2024-03-12,1.98917,Exported
REC-0362-2024-Q3-SITE-C-AL01,2024-Q3,ORG-12345,SITE-C,Wales,Aluminium,Secondary,2024-07-31,2.98995,Exported
REC-0363-2024-Q1-SITE-A-FB01,2024-Q1,ORG-12345,SITE-A,England,Fibre-based composite,Secondary,2024-02-18,3430.56,Exported
REC-0364-2024-Q3-SITE-D-PL01,2024-Q3,ORG-12345,SITE-D,Northern Ireland,Plastic,Secondary,2024-09-27,0.24714,Supplied as goods
REC-0365-2024-Q1-SITE-C-FB01,2024-Q1,ORG-12345,SITE-C,Wales,Fibre-based composite,Secondary,2024-02-24,2.04127,Exported
REC-0366-2024-Q1-SITE-E-OT01,2024-Q1,ORG-12345,SITE-E,England,Other,Primary,2025-01-06,2705.13,Supplied as goods
REC-0367-2024-Q1-SITE-D-FB01,2024-Q1,ORG-12345,SITE-D,Northern Ireland,Fibre-based composite,Tertiary,2024-11-23,0.33663,Supplied as goods
REC-0368-2024-Q1-SITE-A-PL01,2024-Q1,ORG-12345,SITE-A,England,Plastic,Secondary,2024-03-25,3.7213800000000004,Exported
REC-0369-2024-Q3-SITE-B-PL01,2024-Q3,ORG-12345,SITE-B,Scotland,Plastic,Primary,2024-05-31,4767.43,Imported
REC-0370-2024-Q1-SITE-C-PL02,2024-Q1,ORG-12345,SITE-C,Wales,Plastic,Tertiary,2024-11-05,1708.3,Supplied as goods
REC-0371-Q2 2024-SITE-D-PL02,2024-Q2,ORG-12345,SITE-D,Northern Ireland,Plastic,Secondary,2024-04-04,2.57837,Imported
REC-0372-2024-Q1-SITE-B-ST01,2024-Q1,ORG-12345,SITE-B,Scotland,Steel,Tertiary,2024-01-21,4.47663,Supplied as goods
REC-0373-2024-Q1-SITE-B-AL01,2024-Q1,ORG-12345,SITE-B,Scotland,Aluminium,Primary,2024-12-15,1.85168,Imported
REC-0374-2024-Q1-SITE-C-FB01,2024-Q1,ORG-12345,SITE-C,Wales,Fibre-based composite,Primary,2024-07-23,1278.9,Imported
REC-0375-2024-Q1-SITE-B-PL02,2024-Q1,ORG-12345,SITE-B,Scotland,Plastic,Shipment,2024-02-19,4.514609999999999,Exported
REC-0376-2024-Q1-SITE-C-WD01,2024-Q1,ORG-12345,SITE-C,Wales,Wood,Tertiary,2024-09-04,3878.96,Imported
REC-0377-Q2 2024-SITE-E-PL01,2024-Q2,ORG-12345,SITE-E,England,Plastic,Secondary,2024-07-21,1493.4,Supplied as goods
REC-0378-2024-Q1-SITE-B-WD01,2024-Q1,ORG-12345,SITE-B,Scotland,Wood,Tertiary,2024-01-27,3.6756900000000003,Supplied as goods
REC-0379-2024-Q1-SITE-C-AL01,2024-Q1,ORG-12345,SITE-C,Wales,Aluminium,Shipment,2024-07-25,3.19791,Imported
REC-0380-Q4 2024-SITE-D-ST01,2024-Q4,ORG-12345,SITE-D,Northern Ireland,Steel,Primary,2024-03-27,2.67258,Supplied as goods
REC-0381-Q4 2024-SITE-C-ST01,2024-Q4,ORG-12345,SITE-C,Wales,Steel,Primary,2024-02-27,4610.31,Supplied as goods
REC-0382-2024-Q1-SITE-A-PL02,2024-Q1,ORG-12345,SITE-A,England,Plastic,Shipment,2024-12-19,3204.22,Supplied as goods
REC-0383-2024-Q3-SITE-D-GL01,2024-Q3,ORG-12345,SITE-D,Northern Ireland,Glass,Primary,2024-09-02,1341.91,Imported
REC-0384-2024-Q1-SITE-E-ST01,2024-Q1,ORG-12345,SITE-E,England,Steel,Primary,2024-03-09,4.7206,Supplied as goods
REC-0385-2024-Q3-SITE-E-GL01,2024-Q3,ORG-12345,SITE-E,England,Glass,Secondary,2024-09-02,1.60446,Imported
REC-0386-2024-Q3-SITE-B-ST01,2024-Q3,ORG-12345,SITE-B,Scotland,Steel,Secondary,2025-01-05,4.26979,Imported
REC-0387-Q4 2024-SITE-C-PL01,2024-Q4,ORG-12345,SITE-C,Wales,Plastic,Primary,2024-02-09,0.7842,Imported
REC-0388-Q2 2024-SITE-D-ST01,2024-Q2,ORG-12345,SITE-D,Northern Ireland,Steel,Secondary,2024-09-07,203.86,Supplied as goods
REC-0389-Q2 2024-SITE-B-PL02,2024-Q2,ORG-12345,SITE-B,Scotland,Plastic,Tertiary,2024-08-07,0.65119,Supplied as goods
REC-0390-2024-Q3-SITE-E-PC01,2024-Q3,ORG-12345,SITE-E,England,Paper/card,Tertiary,2024-01-26,4.691,Exported
REC-0391-2024-Q3-SITE-A-PL02,2024-Q3,ORG-12345,SITE-A,England,Plastic,Primary,2024-02-05,2.24499,Exported
REC-0392-Q4 2024-SITE-D-WD01,2024-Q4,ORG-12345,SITE-D,Northern Ireland,Wood,Primary,2024-07-28,4624.45,Supplied as goods
REC-0393-2024-Q3-SITE-C-FB01,2024-Q3,ORG-12345,SITE-C,Wales,Fibre-based composite,Primary,2024-03-31,1.11284,Imported
REC-0394-Q4 2024-SITE-D-PL01,2024-Q4,ORG-12345,SITE-D,Northern Ireland,Plastic,Shipment,2024-09-16,3104.04,Exported
REC-0395-Q2 2024-SITE-B-PL01,2024-Q2,ORG-12345,SITE-B,Scotland,Plastic,Primary,2024-10-19,1945.93,Imported
REC-0396-2024-Q3-SITE-C-PL01,2024-Q3,ORG-12345,SITE-C,Wales,Plastic,Secondary,2024-06-01,1827.6,Exported
REC-0397-2024-Q1-SITE-C-GL01,2024-Q1,ORG-12345,SITE-C,Wales,Glass,Primary,2024-10-12,3.0057300000000002,Imported
REC-0398-Q2 2024-SITE-A-PC01,2024-Q2,ORG-12345,SITE-A,England,Paper/card,Tertiary,2024-05-17,4.99805,Exported
REC-0399-Q4 2024-SITE-E-ST01,2024-Q4,ORG-12345,SITE-E,England,Steel,Shipment,2024-04-12,0.32675,Exported
REC-0400-2024-Q1-SITE-E-GL01,2024-Q1,ORG-12345,SITE-E,England,Glass,Primary,2025-01-07,1624.12,Exported
REC-0401-2024Q2-SITE-D-PC01,2024-Q2,ORG-12345,SITE-D,Northern Ireland,Paper/card,Shipment,2024-09-22,0.75341,Exported
REC-0402-Q4 2024-SITE-A-PL01,2024-Q4,ORG-12345,SITE-A,England,Plastic,Primary,2024-07-02,1.20149,Supplied as goods
REC-0403-2024-Q1-SITE-C-AL01,2024-Q1,ORG-12345,SITE-C,Wales,Aluminium,Primary,2024-03-30,1.73676,Supplied as goods
REC-0404-2024-Q3-SITE-A-GL01,2024-Q3,ORG-12345,SITE-A,England,Glass,Tertiary,2024-12-19,4240.08,Supplied as goods
REC-0405-Q2 2024-SITE-B-FB01,2024-Q2,ORG-12345,SITE-B,Scotland,Fibre-based composite,Shipment,2024-08-25,1.71598,Supplied as goods
REC-0406-Q2 2024-SITE-B-WD01,2024-Q2,ORG-12345,SITE-B,Scotland,Wood,Tertiary,2024-06-20,912.3,Imported
REC-0407-2024-Q1-SITE-E-ST01,2024-Q1,ORG-12345,SITE-E,England,Steel,Primary,2024-03-15,3657.71,Supplied as goods
REC-0408-Q2 2024-SITE-D-PC01,2024-Q2,ORG-12345,SITE-D,Northern Ireland,Paper/card,Tertiary,2024-02-23,1.1434300000000002,Exported
REC-0410-2024-Q1-SITE-A-AL01,2024-Q1,ORG-12345,SITE-A,England,Aluminium,Primary,2024-07-30,385.58,Exported
REC-0412-Q4 2024-SITE-B-FB01,2024-Q4,ORG-12345,SITE-B,Scotland,Fibre-based composite,Primary,2024-02-01,3.9542100000000002,Imported
REC-0413-2024-Q3-SITE-A-ST01,2024-Q3,ORG-12345,SITE-A,England,Steel,Primary,2024-07-25,,Imported
REC-0414-Q4 2024-SITE-C-GL01,2024-Q4,ORG-12345,SITE-C,Wales,Glass,Tertiary,2024-01-30,2.75788,Supplied as goods
REC-0415-2024-Q1-SITE-B-UNKNOWN,2024-Q1,ORG-12345,SITE-B,Scotland,,Tertiary,2024-07-02,3056.22,Supplied as goods
REC-0416-2024-Q3-SITE-C-AL01,2024-Q3,ORG-12345,SITE-C,Wales,Aluminium,Primary,2024-03-04,3501.12,Imported
REC-0417-2024-Q1-SITE-Z-PL01,2024-Q1,ORG-12345,SITE-Z,,Plastic,Secondary,2024-01-16,2770.83,Exported
REC-0418-2024-Q1-SITE-B-FB01,2024-Q1,ORG-12345,SITE-B,Scotland,Fibre-based composite,Primary,2024-04-29,4128.29,Imported
REC-0419-2024-Q3-SITE-A-GL01,2024-Q3,ORG-12345,SITE-A,England,Glass,Tertiary,2024-09-12,4886.44,Imported
REC-0420-2024-Q3-SITE-B-WD01,2024-Q3,ORG-12345,SITE-B,Scotland,Wood,Tertiary,2024-07-22,501.13,Imported
REC-0421-Q2 2024-SITE-C-GL01,2024-Q2,ORG-12345,SITE-C,Wales,Glass,Secondary,2024-10-29,1353.32,Supplied as goods
REC-0422-Q4 2024-SITE-C-PL01,2024-Q4,ORG-12345,SITE-C,Wales,Plastic,Primary,2024-05-10,3.35397,Exported
REC-0423-Q4 2024-SITE-E-OT01,2024-Q4,ORG-12345,SITE-E,England,Other,Primary,2024-05-14,4101.11,Imported
REC-0424-Q2 2024-SITE-E-WD01,2024-Q2,ORG-12345,SITE-E,England,Wood,Secondary,2024-08-31,2.00428,Supplied as goods
REC-0425-Q4 2024-SITE-A-GL01,2024-Q4,ORG-12345,SITE-A,England,Glass,Primary,2024-12-29,4.051880000000001,Supplied as goods
REC-0426-2024-Q1-SITE-C-FB01,2024-Q1,ORG-12345,SITE-C,Wales,Fibre-based composite,Primary,2024-07-31,782.0,Exported
REC-0427-Q4 2024-SITE-E-OT01,2024-Q4,ORG-12345,SITE-E,England,Other,Secondary,2025-01-07,1664.33,Exported
REC-0428-2024-Q1-SITE-B-OT01,2024-Q1,ORG-12345,SITE-B,Scotland,Other,Tertiary,2024-10-29,0.60697,Imported
REC-0429-2024-Q3-SITE-D-PL02,2024-Q3,ORG-12345,SITE-D,Northern Ireland,Plastic,Tertiary,2024-12-15,4344.0,Imported
REC-0430-Q4 2024-SITE-C-WD01,2024-Q4,ORG-12345,SITE-C,Wales,Wood,Shipment,2024-11-26,2.39158,Exported
REC-0431-2024-Q1-SITE-B-FB01,2024-Q1,ORG-12345,SITE-B,Scotland,Fibre-based composite,Primary,2024-09-14,4453.39,Imported
REC-0432-2024-Q3-SITE-C-ST01,2024-Q3,ORG-12345,SITE-C,Wales,Steel,Secondary,2025-01-05,1722.44,Supplied as goods
REC-0433-2024-Q3-SITE-C-PL02,2024-Q3,ORG-12345,SITE-C,Wales,Plastic,Tertiary,2024-08-15,715.21,Supplied as goods
REC-0434-2024-Q3-SITE-D-PL02,2024-Q3,ORG-12345,SITE-D,Northern Ireland,Plastic,Primary,2024-10-04,1096.38,Imported
REC-0435-2024-Q1-SITE-B-GL01,2024-Q1,ORG-12345,SITE-B,Scotland,Glass,Primary,2024-04-22,3562.37,Imported
REC-0436-2024-Q3-SITE-A-AL01,2024-Q3,ORG-12345,SITE-A,England,Aluminium,Tertiary,2024-04-25,1284.98,Supplied as goods
REC-0437-Q2 2024-SITE-A-ST01,2024-Q2,ORG-12345,SITE-A,England,Steel,Secondary,2024-09-21,2.55038,Imported
REC-0438-Q2 2024-SITE-C-WD01,2024-Q2,ORG-12345,SITE-C,Wales,Wood,Primary,2025-01-01,2955.06,Imported
REC-0439-Q2 2024-SITE-E-PL02,2024-Q2,ORG-12345,SITE-E,England,Plastic,Secondary,2024-12-11,1.9635,Supplied as goods
REC-0440-2024-Q1-SITE-E-AL01,2024-Q1,ORG-12345,SITE-E,England,Aluminium,Tertiary,2024-01-19,1381.96,Supplied as goods
REC-0441-2024-Q3-SITE-B-WD01,2024-Q3,ORG-12345,SITE-B,Scotland,Wood,Primary,2024-06-19,0.90734,Exported
REC-0442-Q2 2024-SITE-C-ST01,2024-Q2,ORG-12345,SITE-C,Wales,Steel,Secondary,2024-06-17,4265.35,Imported
REC-0443-2024-Q3-SITE-A-OT01,2024-Q3,ORG-12345,SITE-A,England,Other,Tertiary,2024-12-11,2.0159100000000003,Exported
REC-0444-2024-Q3-SITE-C-ST01,2024-Q3,ORG-12345,SITE-C,Wales,Steel,Secondary,2024-06-29,0.58512,Exported
REC-0445-Q2 2024-SITE-B-ST01,2024-Q2,ORG-12345,SITE-B,Scotland,Steel,Secondary,2024-05-17,3569.91,Exported
REC-0446-2024-Q1-SITE-B-PL01,2024-Q1,ORG-12345,SITE-B,Scotland,Plastic,Tertiary,2024-09-25,2050.29,Exported
REC-0447-Q2 2024-SITE-E-ST01,2024-Q2,ORG-12345,SITE-E,England,Steel,Secondary,2024-05-07,2.05276,Imported
REC-0448-2024-Q3-SITE-E-OT01,2024-Q3,ORG-12345,SITE-E,England,Other,Tertiary,2024-12-16,4537.31,Imported
REC-0449-Q2 2024-SITE-C-OT01,2024-Q2,ORG-12345,SITE-C,Wales,Other,Primary,2024-07-04,0.53314,Imported
REC-0450-2024-Q3-SITE-D-PL02,2024-Q3,ORG-12345,SITE-D,Northern Ireland,Plastic,Primary,2024-05-27,1155.47,Imported
REC-0451-Q2 2024-SITE-D-ST01,2024-Q2,ORG-12345,SITE-D,Northern Ireland,Steel,Secondary,2024-03-16,2.3791599999999997,Supplied as goods
REC-0452-Q2 2024-SITE-B-FB01,2024-Q2,ORG-12345,SITE-B,Scotland,Fibre-based composite,Shipment,2024-08-11,2.0948800000000003,Imported
REC-0453-Q4 2024-SITE-A-WD01,2024-Q4,ORG-12345,SITE-A,England,Wood,Primary,2024-12-03,4.31885,Imported
REC-0454-Q2 2024-SITE-C-GL01,2024-Q2,ORG-12345,SITE-C,Wales,Glass,Secondary,2024-11-05,337.17,Exported
REC-0455-Q4 2024-SITE-D-GL01,2024-Q4,ORG-12345,SITE-D,Northern Ireland,Glass,Secondary,2024-09-15,690.56,Supplied as goods
REC-0456-2024-Q3-SITE-A-FB01,2024-Q3,ORG-12345,SITE-A,England,Fibre-based composite,Primary,2024-04-21,2692.22,Supplied as goods
REC-0457-2024-Q3-SITE-B-PL01,2024-Q3,ORG-12345,SITE-B,Scotland,Plastic,Tertiary,2024-03-21,3.1521,Supplied as goods
REC-0458-2024-Q1-SITE-A-PL02,2024-Q1,ORG-12345,SITE-A,England,Plastic,Secondary,2024-06-11,2.9639200000000003,Exported
REC-0459-Q2 2024-SITE-D-WD01,2024-Q2,ORG-12345,SITE-D,Northern Ireland,Wood,Tertiary,2024-09-21,3002.03,Exported
REC-0460-Q2 2024-SITE-A-PC01,2024-Q2,ORG-12345,SITE-A,England,Paper/card,Tertiary,2024-03-22,866.17,Supplied as goods
REC-0461-2024-Q3-SITE-A-AL01,2024-Q3,ORG-12345,SITE-A,England,Aluminium,Tertiary,2024-12-13,2.96898,Supplied as goods
REC-0462-2024-Q1-SITE-E-PL01,2024-Q1,ORG-12345,SITE-E,England,Plastic,Secondary,2024-03-10,1.3161600000000002,Exported
REC-0463-2024-Q1-SITE-D-PL01,2024-Q1,ORG-12345,SITE-D,Northern Ireland,Plastic,Primary,2024-05-23,623.16,Exported
REC-0464-Q4 2024-SITE-C-WD01,2024-Q4,ORG-12345,SITE-C,Wales,Wood,Tertiary,2024-03-06,1.0672000000000001,Supplied as goods
REC-0465-2024-Q1-SITE-D-OT01,2024-Q1,ORG-12345,SITE-D,Northern Ireland,Other,Secondary,2024-11-26,3.0478899999999998,Exported
REC-0466-Q2 2024-SITE-B-PL02,2024-Q2,ORG-12345,SITE-B,Scotland,Plastic,Secondary,2024-10-08,3934.56,Supplied as goods
REC-0467-Q4 2024-SITE-A-AL01,2024-Q4,ORG-12345,SITE-A,England,Aluminium,Secondary,2025-01-01,2.07829,Exported
REC-0468-Q4 2024-SITE-A-WD01,2024-Q4,ORG-12345,SITE-A,England,Wood,Secondary,2024-03-01,0.06355,Supplied as goods
REC-0469-Q4 2024-SITE-B-OT01,2024-Q4,ORG-12345,SITE-B,Scotland,Other,Primary,2024-05-29,3631.7,Exported
REC-0470-2024-Q3-SITE-C-WD01,2024-Q3,ORG-12345,SITE-C,Wales,Wood,Primary,2024-06-23,4.07523,Supplied as goods
REC-0471-Q2 2024-SITE-A-FB01,2024-Q2,ORG-12345,SITE-A,England,Fibre-based composite,Tertiary,2024-12-11,0.52024,Supplied as goods
REC-0472-2024-Q3-SITE-A-GL01,2024-Q3,ORG-12345,SITE-A,England,Glass,Secondary,2024-04-17,4477.91,Imported
REC-0473-Q4 2024-SITE-D-PL02,2024-Q4,ORG-12345,SITE-D,Northern Ireland,Plastic,Secondary,2024-12-12,4813.43,Imported
REC-0474-2024-Q1-SITE-B-GL01,2024-Q1,ORG-12345,SITE-B,Scotland,Glass,Primary,2024-11-12,3.49604,Supplied as goods
REC-0475-Q4 2024-SITE-E-WD01,2024-Q4,ORG-12345,SITE-E,England,Wood,Tertiary,2024-11-23,3.4080500000000002,Exported
REC-0476-Q4 2024-SITE-D-PL01,2024-Q4,ORG-12345,SITE-D,Northern Ireland,Plastic,Tertiary,2024-08-12,4.40575,Exported
REC-0477-Q2 2024-SITE-A-WD01,2024-Q2,ORG-12345,SITE-A,England,Wood,Primary,2024-07-06,1344.98,Supplied as goods
REC-0478-Q2 2024-SITE-D-OT01,2024-Q2,ORG-12345,SITE-D,Northern Ireland,Other,Shipment,2024-07-10,3.51787,Exported
REC-0479-Q2 2024-SITE-A-FB01,2024-Q2,ORG-12345,SITE-A,England,Fibre-based composite,Primary,2024-09-11,4.4657100000000005,Exported
REC-0480-Q2 2024-SITE-C-WD01,2024-Q2,ORG-12345,SITE-C,Wales,Wood,Tertiary,2024-06-05,420.58,Supplied as goods
REC-0481-Q2 2024-SITE-D-PL01,2024-Q2,ORG-12345,SITE-D,Northern Ireland,Plastic,Shipment,2024-09-06,2774.95,Supplied as goods
REC-0482-2024-Q3-SITE-D-WD01,2024-Q3,ORG-12345,SITE-D,Northern Ireland,Wood,Tertiary,2024-09-25,2268.09,Exported
REC-0483-2024-Q3-SITE-A-PL01,2024-Q3,ORG-12345,SITE-A,England,Plastic,Primary,2024-10-28,2.09108,Imported
REC-0484-2024-Q1-SITE-C-AL01,2024-Q1,ORG-12345,SITE-C,Wales,Aluminium,Tertiary,2024-09-03,2308.23,Exported
REC-0485-2024-Q1-SITE-D-PC01,2024-Q1,ORG-12345,SITE-D,Northern Ireland,Paper/card,Shipment,2024-12-17,3019.76,Exported
REC-0486-2024-Q3-SITE-E-AL01,2024-Q3,ORG-12345,SITE-E,England,Aluminium,Primary,2024-03-09,1807.94,Imported
REC-0487-2024-Q3-SITE-A-PL01,2024-Q3,ORG-12345,SITE-A,England,Plastic,Primary,2024-04-24,745.22,Imported
REC-0488-2024-Q1-SITE-C-AL01,2024-Q1,ORG-12345,SITE-C,Wales,Aluminium,Primary,2024-02-07,1.11717,Imported
REC-0489-2024-Q1-SITE-D-PL02,2024-Q1,ORG-12345,SITE-D,Northern Ireland,Plastic,Tertiary,2024-02-08,2.31407,Imported
REC-0490-Q2 2024-SITE-E-OT01,2024-Q2,ORG-12345,SITE-E,England,Other,Secondary,2024-03-20,2.44051,Exported
REC-0491-Q4 2024-SITE-E-PL02,2024-Q4,ORG-12345,SITE-E,England,Plastic,Secondary,2024-11-21,3022.7,Exported
REC-0492-Q2 2024-SITE-D-AL01,2024-Q2,ORG-12345,SITE-D,Northern Ireland,Aluminium,Secondary,2024-08-13,4819.79,Imported
REC-0493-Q2 2024-SITE-E-OT01,2024-Q2,ORG-12345,SITE-E,England,Other,Secondary,2024-05-01,2761.64,Exported
REC-0494-2024-Q3-SITE-B-ST01,2024-Q3,ORG-12345,SITE-B,Scotland,Steel,Tertiary,2024-03-14,4.6099,Imported
REC-0495-2024-Q3-SITE-E-PC01,2024-Q3,ORG-12345,SITE-E,England,Paper/card,Shipment,2024-01-21,2934.89,Imported
REC-0496-Q2 2024-SITE-A-OT01,2024-Q2,ORG-12345,SITE-A,England,Other,Primary,2024-04-06,1.93531,Supplied as goods
REC-0497-Q2 2024-SITE-C-ST01,2024-Q2,ORG-12345,SITE-C,Wales,Steel,Tertiary,2024-01-31,0.7748200000000001,Imported
REC-0498-Q4 2024-SITE-E-PC01,2024-Q4,ORG-12345,SITE-E,England,Paper/card,Tertiary,2024-10-02,0.55728,Imported
REC-0499-Q4 2024-SITE-D-ST01,2024-Q4,ORG-12345,SITE-D,Northern Ireland,Steel,Tertiary,2024-06-23,282.55,Exported
REC-0500-Q4 2024-SITE-E-OT01,2024-Q4,ORG-12345,SITE-E,England,Other,Primary,2024-12-04,3.73117,Supplied as goods
REC-0501-2024Q2-SITE-B-PC01,2024-Q2,ORG-12345,SITE-B,Scotland,Paper/card,Tertiary,2024-04-14,2.75574,Exported
REC-0502-2024-Q1-SITE-D-PL02,2024-Q1,ORG-12345,SITE-D,Northern Ireland,Plastic,Primary,2024-06-05,3.68864,Supplied as goods
REC-0503-2024-Q3-SITE-A-OT01,2024-Q3,ORG-12345,SITE-A,England,Other,Primary,2024-04-03,846.6,Supplied as goods
REC-0504-2024-Q3-SITE-D-PL01,2024-Q3,ORG-12345,SITE-D,Northern Ireland,Plastic,Primary,2024-06-25,3004.56,Imported
REC-0505-Q4 2024-SITE-D-OT01,2024-Q4,ORG-12345,SITE-D,Northern Ireland,Other,Primary,2024-07-11,2.6270000000000002,Supplied as goods
REC-0506-Q2 2024-SITE-C-AL01,2024-Q2,ORG-12345,SITE-C,Wales,Aluminium,Primary,2024-10-12,1692.82,Exported
REC-0507-Q2 2024-SITE-D-WD01,2024-Q2,ORG-12345,SITE-D,Northern Ireland,Wood,Shipment,2024-03-15,93.58,Exported
REC-0508-Q4 2024-SITE-A-AL01,2024-Q4,ORG-12345,SITE-A,England,Aluminium,Primary,2024-10-17,4434.02,Exported
REC-0510-Q2 2024-SITE-A-ST01,2024-Q2,ORG-12345,SITE-A,England,Steel,Tertiary,2024-10-14,1.63555,Supplied as goods
REC-0512-Q4 2024-SITE-A-FB01,2024-Q4,ORG-12345,SITE-A,England,Fibre-based composite,Tertiary,2024-07-02,3.74711,Supplied as goods
REC-0513-2024-Q1-SITE-E-PL01,2024-Q1,ORG-12345,SITE-E,England,Plastic,Primary,2024-05-10,,Supplied as goods
REC-0514-2024-Q3-SITE-D-ST01,2024-Q3,ORG-12345,SITE-D,Northern Ireland,Steel,Secondary,2024-08-01,2283.07,Imported
REC-0515-2024-Q1-SITE-E-UNKNOWN,2024-Q1,ORG-12345,SITE-E,England,,Shipment,2024-02-21,3.22504,Supplied as goods
REC-0516-2024-Q1-SITE-E-PC01,2024-Q1,ORG-12345,SITE-E,England,Paper/card,Shipment,2024-08-26,1484.69,Supplied as goods
REC-0517-Q2 2024-SITE-Z-FB01,2024-Q2,ORG-12345,SITE-Z,,Fibre-based composite,Secondary,2024-08-02,0.20255,Exported
REC-0518-Q2 2024-SITE-A-OT01,2024-Q2,ORG-12345,SITE-A,England,Other,Secondary,2024-02-05,763.17,Exported
REC-0519-Q2 2024-SITE-C-PL01,2024-Q2,ORG-12345,SITE-C,Wales,Plastic,Shipment,2024-07-09,2.0007,Exported
REC-0520-Q2 2024-SITE-B-AL01,2024-Q2,ORG-12345,SITE-B,Scotland,Aluminium,Secondary,2024-11-25,4.2647200000000005,Exported
REC-0521-Q4 2024-SITE-E-ST01,2024-Q4,ORG-12345,SITE-E,England,Steel,Primary,2024-10-22,0.94772,Supplied as goods
REC-0522-Q4 2024-SITE-B-PL02,2024-Q4,ORG-12345,SITE-B,Scotland,Plastic,Secondary,2024-07-15,0.38345,Exported
REC-0523-2024-Q1-SITE-E-GL01,2024-Q1,ORG-12345,SITE-E,England,Glass,Tertiary,2024-06-25,1210.94,Exported
REC-0524-Q2 2024-SITE-E-WD01,2024-Q2,ORG-12345,SITE-E,England,Wood,Secondary,2024-10-31,3100.9,Imported
REC-0525-2024-Q3-SITE-A-PC01,2024-Q3,ORG-12345,SITE-A,England,Paper/card,Tertiary,2024-05-07,4.79536,Imported
REC-0526-Q4 2024-SITE-D-FB01,2024-Q4,ORG-12345,SITE-D,Northern Ireland,Fibre-based composite,Secondary,2024-07-16,714.81,Imported
REC-0527-Q2 2024-SITE-C-ST01,2024-Q2,ORG-12345,SITE-C,Wales,Steel,Secondary,2024-04-24,0.58872,Exported
REC-0528-2024-Q1-SITE-A-ST01,2024-Q1,ORG-12345,SITE-A,England,Steel,Tertiary,2024-11-06,0.42849000000000004,Exported
REC-0529-2024-Q3-SITE-E-FB01,2024-Q3,ORG-12345,SITE-E,England,Fibre-based composite,Tertiary,2024-10-17,1.1031700000000002,Exported
REC-0530-2024-Q3-SITE-E-WD01,2024-Q3,ORG-12345,SITE-E,England,Wood,Tertiary,2024-09-08,1.8608,Supplied as goods
REC-0531-Q2 2024-SITE-B-OT01,2024-Q2,ORG-12345,SITE-B,Scotland,Other,Shipment,2024-03-26,2.01409,Supplied as goods
REC-0532-2024-Q3-SITE-D-WD01,2024-Q3,ORG-12345,SITE-D,Northern Ireland,Wood,Primary,2024-05-06,2.8534699999999997,Supplied as goods
REC-0533-Q2 2024-SITE-A-WD01,2024-Q2,ORG-12345,SITE-A,England,Wood,Primary,2024-07-17,1.35857,Supplied as goods
REC-0534-2024-Q1-SITE-C-FB01,2024-Q1,ORG-12345,SITE-C,Wales,Fibre-based composite,Secondary,2024-10-07,4.41368,Imported
REC-0535-Q4 2024-SITE-D-ST01,2024-Q4,ORG-12345,SITE-D,Northern Ireland,Steel,Tertiary,2024-11-10,1.35341,Exported
REC-0536-Q4 2024-SITE-E-PL02,2024-Q4,ORG-12345,SITE-E,England,Plastic,Shipment,2024-07-09,1.91283,Imported
REC-0537-Q2 2024-SITE-E-WD01,2024-Q2,ORG-12345,SITE-E,England,Wood,Tertiary,2024-04-08,4.4415000000000004,Imported
REC-0538-Q2 2024-SITE-B-AL01,2024-Q2,ORG-12345,SITE-B,Scotland,Aluminium,Primary,2024-07-18,3.23521,Exported
REC-0539-Q4 2024-SITE-A-PL02,2024-Q4,ORG-12345,SITE-A,England,Plastic,Tertiary,2024-09-16,2102.34,Supplied as goods
REC-0540-Q2 2024-SITE-A-WD01,2024-Q2,ORG-12345,SITE-A,England,Wood,Primary,2024-03-20,848.17,Exported
REC-0541-Q2 2024-SITE-A-GL01,2024-Q2,ORG-12345,SITE-A,England,Glass,Primary,2024-04-16,2.58758,Exported
REC-0542-2024-Q1-SITE-C-OT01,2024-Q1,ORG-12345,SITE-C,Wales,Other,Secondary,2024-08-31,4.84776,Exported
REC-0543-Q2 2024-SITE-E-WD01,2024-Q2,ORG-12345,SITE-E,England,Wood,Tertiary,2024-04-17,894.31,Imported
REC-0544-2024-Q1-SITE-D-OT01,2024-Q1,ORG-12345,SITE-D,Northern Ireland,Other,Secondary,2024-07-26,3634.72,Supplied as goods
REC-0545-2024-Q1-SITE-B-FB01,2024-Q1,ORG-12345,SITE-B,Scotland,Fibre-based composite,Primary,2024-09-14,131.99,Supplied as goods
REC-0546-Q4 2024-SITE-A-PL01,2024-Q4,ORG-12345,SITE-A,England,Plastic,Tertiary,2024-03-21,2.54148,Exported
REC-0547-Q4 2024-SITE-E-OT01,2024-Q4,ORG-12345,SITE-E,England,Other,Tertiary,2024-02-06,4490.0,Supplied as goods
REC-0548-2024-Q3-SITE-D-OT01,2024-Q3,ORG-12345,SITE-D,Northern Ireland,Other,Secondary,2025-01-05,4695.19,Supplied as goods
REC-0549-2024-Q3-SITE-A-PL02,2024-Q3,ORG-12345,SITE-A,England,Plastic,Secondary,2024-10-19,1.30986,Supplied as goods
REC-0550-2024-Q1-SITE-E-FB01,2024-Q1,ORG-12345,SITE-E,England,Fibre-based composite,Secondary,2024-01-18,0.07707,Supplied as goods
REC-0551-2024-Q3-SITE-D-FB01,2024-Q3,ORG-12345,SITE-D,Northern Ireland,Fibre-based composite,Tertiary,2024-04-03,3454.45,Supplied as goods
REC-0552-2024-Q3-SITE-E-FB01,2024-Q3,ORG-12345,SITE-E,England,Fibre-based composite,Tertiary,2024-06-04,1305.48,Exported
REC-0553-2024-Q3-SITE-B-FB01,2024-Q3,ORG-12345,SITE-B,Scotland,Fibre-based composite,Tertiary,2024-10-25,2095.48,Supplied as goods
REC-0554-2024-Q1-SITE-B-WD01,2024-Q1,ORG-12345,SITE-B,Scotland,Wood,Secondary,2024-05-11,2909.37,Imported
REC-0555-Q4 2024-SITE-B-WD01,2024-Q4,ORG-12345,SITE-B,Scotland,Wood,Tertiary,2024-10-22,4.748760000000001,Exported
REC-0556-Q2 2024-SITE-A-PL01,2024-Q2,ORG-12345,SITE-A,England,Plastic,Primary,2024-11-17,4.82462,Imported
REC-0557-2024-Q1-SITE-A-FB01,2024-Q1,ORG-12345,SITE-A,England,Fibre-based composite,Primary,2024-07-29,1352.31,Supplied as goods
REC-0558-Q4 2024-SITE-B-FB01,2024-Q4,ORG-12345,SITE-B,Scotland,Fibre-based composite,Shipment,2024-01-20,2.62898,Exported
REC-0559-2024-Q1-SITE-B-AL01,2024-Q1,ORG-12345,SITE-B,Scotland,Aluminium,Tertiary,2024-10-02,4657.25,Exported
REC-0560-Q2 2024-SITE-C-OT01,2024-Q2,ORG-12345,SITE-C,Wales,Other,Tertiary,2024-01-15,3.09519,Supplied as goods
REC-0561-Q4 2024-SITE-D-GL01,2024-Q4,ORG-12345,SITE-D,Northern Ireland,Glass,Primary,2024-04-26,3909.38,Imported
REC-0562-2024-Q3-SITE-E-OT01,2024-Q3,ORG-12345,SITE-E,England,Other,Primary,2024-10-27,3.53293,Exported
REC-0563-Q4 2024-SITE-D-PC01,2024-Q4,ORG-12345,SITE-D,Northern Ireland,Paper/card,Secondary,2024-01-17,1.17016,Imported
REC-0564-2024-Q3-SITE-E-ST01,2024-Q3,ORG-12345,SITE-E,England,Steel,Primary,2024-03-14,2.55588,Imported
REC-0565-Q4 2024-SITE-D-OT01,2024-Q4,ORG-12345,SITE-D,Northern Ireland,Other,Secondary,2024-09-18,4075.08,Exported
REC-0566-2024-Q1-SITE-D-AL01,2024-Q1,ORG-12345,SITE-D,Northern Ireland,Aluminium,Tertiary,2024-03-14,4808.13,Imported
REC-0567-2024-Q3-SITE-B-ST01,2024-Q3,ORG-12345,SITE-B,Scotland,Steel,Primary,2024-07-13,3.18663,Imported
REC-0568-2024-Q3-SITE-B-OT01,2024-Q3,ORG-12345,SITE-B,Scotland,Other,Shipment,2024-08-06,3519.05,Supplied as goods
REC-0569-2024-Q3-SITE-C-PC01,2024-Q3,ORG-12345,SITE-C,Wales,Paper/card,Primary,2024-11-03,4660.41,Exported
REC-0570-Q2 2024-SITE-D-ST01,2024-Q2,ORG-12345,SITE-D,Northern Ireland,Steel,Primary,2024-05-17,3.4313800000000003,Exported
REC-0571-2024-Q3-SITE-E-ST01,2024-Q3,ORG-12345,SITE-E,England,Steel,Primary,2024-03-09,1.05369,Supplied as goods
REC-0572-2024-Q1-SITE-E-PL02,2024-Q1,ORG-12345,SITE-E,England,Plastic,Primary,2024-02-05,4781.11,Exported
REC-0573-Q2 2024-SITE-D-WD01,2024-Q2,ORG-12345,SITE-D,Northern Ireland,Wood,Secondary,2024-06-06,1611.31,Exported
REC-0574-2024-Q1-SITE-D-FB01,2024-Q1,ORG-12345,SITE-D,Northern Ireland,Fibre-based composite,Primary,2024-07-10,684.82,Exported
REC-0575-Q4 2024-SITE-A-FB01,2024-Q4,ORG-12345,SITE-A,England,Fibre-based composite,Tertiary,2025-01-01,3890.72,Exported
REC-0576-2024-Q3-SITE-C-PL01,2024-Q3,ORG-12345,SITE-C,Wales,Plastic,Primary,2024-05-26,1.09322,Exported
REC-0577-2024-Q3-SITE-E-GL01,2024-Q3,ORG-12345,SITE-E,England,Glass,Shipment,2024-04-18,1223.84,Imported
REC-0578-Q4 2024-SITE-C-WD01,2024-Q4,ORG-12345,SITE-C,Wales,Wood,Secondary,2024-09-01,2124.51,Supplied as goods
REC-0579-2024-Q3-SITE-A-GL01,2024-Q3,ORG-12345,SITE-A,England,Glass,Shipment,2024-10-25,4.897399999999999,Supplied as goods
REC-0580-2024-Q1-SITE-D-FB01,2024-Q1,ORG-12345,SITE-D,Northern Ireland,Fibre-based composite,Tertiary,2024-08-17,1.02051,Imported
REC-0581-2024-Q3-SITE-D-WD01,2024-Q3,ORG-12345,SITE-D,Northern Ireland,Wood,Primary,2024-10-28,2609.18,Exported
REC-0582-2024-Q3-SITE-B-PL01,2024-Q3,ORG-12345,SITE-B,Scotland,Plastic,Secondary,2024-12-02,3.4681900000000003,Supplied as goods
REC-0583-2024-Q3-SITE-C-PL02,2024-Q3,ORG-12345,SITE-C,Wales,Plastic,Secondary,2024-01-25,1706.55,Exported
REC-0584-Q2 2024-SITE-E-FB01,2024-Q2,ORG-12345,SITE-E,England,Fibre-based composite,Primary,2024-07-14,4.34347,Imported
REC-0585-Q4 2024-SITE-A-PC01,2024-Q4,ORG-12345,SITE-A,England,Paper/card,Tertiary,2024-06-09,2463.09,Exported
REC-0586-Q4 2024-SITE-D-WD01,2024-Q4,ORG-12345,SITE-D,Northern Ireland,Wood,Tertiary,2024-02-24,4347.88,Supplied as goods
REC-0587-Q4 2024-SITE-C-GL01,2024-Q4,ORG-12345,SITE-C,Wales,Glass,Secondary,2024-08-29,1601.74,Supplied as goods
REC-0588-Q2 2024-SITE-D-PC01,2024-Q2,ORG-12345,SITE-D,Northern Ireland,Paper/card,Tertiary,2024-01-26,2628.63,Exported
REC-0589-Q2 2024-SITE-B-GL01,2024-Q2,ORG-12345,SITE-B,Scotland,Glass,Tertiary,2024-03-07,3.3270100000000005,Supplied as goods
REC-0590-2024-Q1-SITE-D-PL02,2024-Q1,ORG-12345,SITE-D,Northern Ireland,Plastic,Primary,2024-05-28,2.7647500000000003,Imported
REC-0591-Q2 2024-SITE-C-GL01,2024-Q2,ORG-12345,SITE-C,Wales,Glass,Primary,2024-06-08,4661.37,Exported
REC-0592-2024-Q1-SITE-A-WD01,2024-Q1,ORG-12345,SITE-A,England,Wood,Tertiary,2024-07-15,0.6998200000000001,Supplied as goods
REC-0593-Q4 2024-SITE-E-PC01,2024-Q4,ORG-12345,SITE-E,England,Paper/card,Tertiary,2025-01-06,2362.61,Imported
REC-0594-2024-Q3-SITE-E-OT01,2024-Q3,ORG-12345,SITE-E,England,Other,Primary,2024-09-17,3008.04,Exported
REC-0595-2024-Q3-SITE-D-OT01,2024-Q3,ORG-12345,SITE-D,Northern Ireland,Other,Primary,2024-06-18,2237.21,Supplied as goods
REC-0596-2024-Q3-SITE-C-PL01,2024-Q3,ORG-12345,SITE-C,Wales,Plastic,Primary,2024-10-14,4.08613,Exported
REC-0597-2024-Q1-SITE-C-PL01,2024-Q1,ORG-12345,SITE-C,Wales,Plastic,Tertiary,2024-06-12,4737.44,Imported
REC-0598-Q4 2024-SITE-D-AL01,2024-Q4,ORG-12345,SITE-D,Northern Ireland,Aluminium,Tertiary,2024-05-21,2.76365,Supplied as goods
REC-0599-2024-Q3-SITE-B-GL01,2024-Q3,ORG-12345,SITE-B,Scotland,Glass,Tertiary,2024-08-18,3247.65,Exported
REC-0600-2024-Q3-SITE-C-AL01,2024-Q3,ORG-12345,SITE-C,Wales,Aluminium,Shipment,2024-04-20,4047.5,Exported
REC-0601-2024Q2-SITE-E-PL02,2024-Q2,ORG-12345,SITE-E,England,Plastic,Primary,2025-01-07,1483.5,Supplied as goods
REC-0602-2024-Q1-SITE-E-WD01,2024-Q1,ORG-12345,SITE-E,England,Wood,Primary,2024-03-07,0.14601,Imported
REC-0603-2024-Q1-SITE-B-ST01,2024-Q1,ORG-12345,SITE-B,Scotland,Steel,Primary,2024-01-22,3.59022,Supplied as goods
REC-0604-Q4 2024-SITE-C-WD01,2024-Q4,ORG-12345,SITE-C,Wales,Wood,Primary,2024-01-31,2130.2,Imported
REC-0605-Q4 2024-SITE-A-PC01,2024-Q4,ORG-12345,SITE-A,England,Paper/card,Primary,2024-04-22,0.32739,Supplied as goods
REC-0606-Q4 2024-SITE-B-ST01,2024-Q4,ORG-12345,SITE-B,Scotland,Steel,Tertiary,2024-05-20,4.149850000000001,Imported
REC-0607-Q2 2024-SITE-E-PL01,2024-Q2,ORG-12345,SITE-E,England,Plastic,Primary,2024-03-15,3.68985,Imported
REC-0608-2024-Q1-SITE-E-ST01,2024-Q1,ORG-12345,SITE-E,England,Steel,Secondary,2024-09-17,3.1643600000000003,Supplied as goods
REC-0610-Q2 2024-SITE-D-PC01,2024-Q2,ORG-12345,SITE-D,Northern Ireland,Paper/card,Primary,2024-02-05,3.98223,Supplied as goods
REC-0612-2024-Q1-SITE-B-PC01,2024-Q1,ORG-12345,SITE-B,Scotland,Paper/card,Tertiary,2024-09-20,347.26,Exported
REC-0613-Q2 2024-SITE-D-AL01,2024-Q2,ORG-12345,SITE-D,Northern Ireland,Aluminium,Secondary,2025-01-01,,Exported
REC-0614-Q4 2024-SITE-D-FB01,2024-Q4,ORG-12345,SITE-D,Northern Ireland,Fibre-based composite,Secondary,2024-06-13,0.71692,Exported
REC-0615-2024-Q3-SITE-E-UNKNOWN,2024-Q3,ORG-12345,SITE-E,England,,Tertiary,2024-09-10,0.98939,Imported
REC-0616-Q2 2024-SITE-A-ST01,2024-Q2,ORG-12345,SITE-A,England,Steel,Tertiary,2024-06-14,4.57665,Exported
REC-0617-2024-Q1-SITE-Z-ST01,2024-Q1,ORG-12345,SITE-Z,,Steel,Shipment,2024-07-19,2297.69,Imported
REC-0618-Q4 2024-SITE-B-AL01,2024-Q4,ORG-12345,SITE-B,Scotland,Aluminium,Secondary,2024-04-02,363.54,Exported
REC-0619-2024-Q1-SITE-A-ST01,2024-Q1,ORG-12345,SITE-A,England,Steel,Secondary,2024-03-21,3.22247,Imported
REC-0620-2024-Q1-SITE-B-GL01,2024-Q1,ORG-12345,SITE-B,Scotland,Glass,Tertiary,2024-11-02,1050.29,Supplied as goods
REC-0621-2024-Q3-SITE-A-FB01,2024-Q3,ORG-12345,SITE-A,England,Fibre-based composite,Tertiary,2024-11-20,2652.82,Imported
REC-0622-2024-Q1-SITE-D-PL02,2024-Q1,ORG-12345,SITE-D,Northern Ireland,Plastic,Primary,2024-10-26,3.29596,Supplied as goods
REC-0623-2024-Q3-SITE-E-FB01,2024-Q3,ORG-12345,SITE-E,England,Fibre-based composite,Tertiary,2024-02-04,3.98154,Imported
REC-0624-2024-Q1-SITE-E-PL02,2024-Q1,ORG-12345,SITE-E,England,Plastic,Tertiary,2024-05-12,0.43578,Imported
REC-0625-Q2 2024-SITE-E-OT01,2024-Q2,ORG-12345,SITE-E,England,Other,Secondary,2024-10-26,1.00594,Supplied as goods
REC-0626-Q4 2024-SITE-D-FB01,2024-Q4,ORG-12345,SITE-D,Northern Ireland,Fibre-based composite,Tertiary,2024-04-09,3843.1,Supplied as goods
REC-0627-Q4 2024-SITE-E-GL01,2024-Q4,ORG-12345,SITE-E,England,Glass,Shipment,2024-06-24,2.54823,Imported
REC-0628-Q2 2024-SITE-C-OT01,2024-Q2,ORG-12345,SITE-C,Wales,Other,Secondary,2024-10-20,2091.1,Imported
REC-0629-Q4 2024-SITE-C-AL01,2024-Q4,ORG-12345,SITE-C,Wales,Aluminium,Secondary,2024-08-05,4634.43,Exported
REC-0630-Q2 2024-SITE-E-PL01,2024-Q2,ORG-12345,SITE-E,England,Plastic,Tertiary,2024-01-18,4.91563,Supplied as goods
REC-0631-Q2 2024-SITE-C-ST01,2024-Q2,ORG-12345,SITE-C,Wales,Steel,Primary,2024-02-03,4.28582,Supplied as goods
REC-0632-Q2 2024-SITE-E-WD01,2024-Q2,ORG-12345,SITE-E,England,Wood,Secondary,2024-05-25,735.12,Supplied as goods
REC-0633-2024-Q3-SITE-A-ST01,2024-Q3,ORG-12345,SITE-A,England,Steel,Primary,2024-04-12,2.029,Exported
REC-0634-2024-Q3-SITE-E-WD01,2024-Q3,ORG-12345,SITE-E,England,Wood,Tertiary,2024-11-05,3.5291,Exported
REC-0635-Q4 2024-SITE-C-FB01,2024-Q4,ORG-12345,SITE-C,Wales,Fibre-based composite,Primary,2024-03-16,4613.26,Supplied as goods
REC-0636-2024-Q1-SITE-D-AL01,2024-Q1,ORG-12345,SITE-D,Northern Ireland,Aluminium,Tertiary,2024-10-09,4.25492,Exported
REC-0637-Q2 2024-SITE-E-PL01,2024-Q2,ORG-12345,SITE-E,England,Plastic,Secondary,2024-02-09,2846.32,Exported
REC-0638-Q4 2024-SITE-B-FB01,2024-Q4,ORG-12345,SITE-B,Scotland,Fibre-based composite,Secondary,2024-08-03,2.8975100000000005,Exported
REC-0639-Q4 2024-SITE-E-GL01,2024-Q4,ORG-12345,SITE-E,England,Glass,Primary,2024-02-27,0.4586,Imported
REC-0640-Q4 2024-SITE-B-FB01,2024-Q4,ORG-12345,SITE-B,Scotland,Fibre-based composite,Shipment,2024-04-25,3.88043,Imported
REC-0641-2024-Q1-SITE-B-WD01,2024-Q1,ORG-12345,SITE-B,Scotland,Wood,Secondary,2024-08-22,2.8780900000000003,Exported
REC-0642-2024-Q3-SITE-D-PC01,2024-Q3,ORG-12345,SITE-D,Northern Ireland,Paper/card,Tertiary,2024-04-21,493.49,Exported
REC-0643-2024-Q3-SITE-B-PC01,2024-Q3,ORG-12345,SITE-B,Scotland,Paper/card,Secondary,2024-08-28,3294.28,Exported
REC-0644-2024-Q3-SITE-B-GL01,2024-Q3,ORG-12345,SITE-B,Scotland,Glass,Secondary,2024-02-27,4.62486,Supplied as goods
REC-0645-2024-Q1-SITE-C-PL02,2024-Q1,ORG-12345,SITE-C,Wales,Plastic,Tertiary,2025-01-04,1.25309,Supplied as goods
REC-0646-Q2 2024-SITE-B-PL02,2024-Q2,ORG-12345,SITE-B,Scotland,Plastic,Secondary,2024-10-20,2382.39,Imported
REC-0647-Q4 2024-SITE-A-OT01,2024-Q4,ORG-12345,SITE-A,England,Other,Tertiary,2024-12-19,2.76656,Imported
REC-0648-2024-Q3-SITE-B-OT01,2024-Q3,ORG-12345,SITE-B,Scotland,Other,Primary,2024-09-09,893.08,Imported
REC-0649-2024-Q1-SITE-A-PL01,2024-Q1,ORG-12345,SITE-A,England,Plastic,Primary,2024-12-12,3318.85,Imported
REC-0650-Q4 2024-SITE-C-FB01,2024-Q4,ORG-12345,SITE-C,Wales,Fibre-based composite,Primary,2024-10-13,2.56727,Imported
REC-0651-2024-Q1-SITE-E-PL02,2024-Q1,ORG-12345,SITE-E,England,Plastic,Primary,2024-05-20,2528.22,Supplied as goods
REC-0652-2024-Q3-SITE-A-OT01,2024-Q3,ORG-12345,SITE-A,England,Other,Secondary,2024-07-13,2.4751700000000003,Imported
REC-0653-2024-Q3-SITE-A-PC01,2024-Q3,ORG-12345,SITE-A,England,Paper/card,Tertiary,2024-01-30,1219.21,Imported
REC-0654-2024-Q1-SITE-B-OT01,2024-Q1,ORG-12345,SITE-B,Scotland,Other,Secondary,2024-07-28,800.96,Supplied as goods
REC-0655-Q2 2024-SITE-D-OT01,2024-Q2,ORG-12345,SITE-D,Northern Ireland,Other,Tertiary,2024-04-02,4.36987,Exported
REC-0656-Q2 2024-SITE-B-FB01,2024-Q2,ORG-12345,SITE-B,Scotland,Fibre-based composite,Secondary,2024-10-18,1.6799600000000001,Exported
REC-0657-Q2 2024-SITE-D-AL01,2024-Q2,ORG-12345,SITE-D,Northern Ireland,Aluminium,Tertiary,2024-10-30,1.57954,Supplied as goods
REC-0658-2024-Q3-SITE-B-GL01,2024-Q3,ORG-12345,SITE-B,Scotland,Glass,Secondary,2024-01-30,2.80883,Supplied as goods
REC-0659-Q2 2024-SITE-B-PC01,2024-Q2,ORG-12345,SITE-B,Scotland,Paper/card,Secondary,2024-03-22,1551.57,Imported
REC-0660-Q2 2024-SITE-E-GL01,2024-Q2,ORG-12345,SITE-E,England,Glass,Primary,2024-12-31,3.10389,Exported
REC-0661-Q4 2024-SITE-B-PL01,2024-Q4,ORG-12345,SITE-B,Scotland,Plastic,Secondary,2024-12-12,3456.3,Supplied as goods
REC-0662-Q2 2024-SITE-B-PC01,2024-Q2,ORG-12345,SITE-B,Scotland,Paper/card,Primary,2024-01-31,2.48266,Imported
REC-0663-Q2 2024-SITE-B-FB01,2024-Q2,ORG-12345,SITE-B,Scotland,Fibre-based composite,Tertiary,2024-02-17,4630.9,Supplied as goods
REC-0664-Q2 2024-SITE-D-GL01,2024-Q2,ORG-12345,SITE-D,Northern Ireland,Glass,Secondary,2024-08-09,2475.22,Exported
REC-0665-2024-Q1-SITE-D-PL01,2024-Q1,ORG-12345,SITE-D,Northern Ireland,Plastic,Shipment,2024-03-10,4130.43,Exported
REC-0666-Q4 2024-SITE-E-WD01,2024-Q4,ORG-12345,SITE-E,England,Wood,Secondary,2024-02-04,4.39501,Supplied as goods
REC-0667-2024-Q3-SITE-B-OT01,2024-Q3,ORG-12345,SITE-B,Scotland,Other,Secondary,2024-08-05,3.83754,Exported
REC-0668-2024-Q1-SITE-C-ST01,2024-Q1,ORG-12345,SITE-C,Wales,Steel,Tertiary,2024-10-05,2333.67,Imported
REC-0669-Q2 2024-SITE-B-GL01,2024-Q2,ORG-12345,SITE-B,Scotland,Glass,Secondary,2024-08-13,2.28591,Exported
REC-0670-2024-Q1-SITE-D-PC01,2024-Q1,ORG-12345,SITE-D,Northern Ireland,Paper/card,Secondary,2024-06-28,0.9354500000000001,Supplied as goods
REC-0671-2024-Q3-SITE-D-GL01,2024-Q3,ORG-12345,SITE-D,Northern Ireland,Glass,Tertiary,2024-10-09,0.66154,Exported
REC-0672-Q4 2024-SITE-D-FB01,2024-Q4,ORG-12345,SITE-D,Northern Ireland,Fibre-based composite,Tertiary,2024-04-11,3.0797600000000003,Exported
REC-0673-Q2 2024-SITE-B-PC01,2024-Q2,ORG-12345,SITE-B,Scotland,Paper/card,Shipment,2024-02-10,4.32023,Exported
REC-0674-Q2 2024-SITE-C-FB01,2024-Q2,ORG-12345,SITE-C,Wales,Fibre-based composite,Secondary,2024-03-22,3664.3,Imported
REC-0675-Q4 2024-SITE-D-AL01,2024-Q4,ORG-12345,SITE-D,Northern Ireland,Aluminium,Primary,2024-10-19,3.8387100000000003,Exported
REC-0676-Q4 2024-SITE-D-PL01,2024-Q4,ORG-12345,SITE-D,Northern Ireland,Plastic,Shipment,2024-02-24,1227.5,Imported
REC-0677-Q2 2024-SITE-A-PL01,2024-Q2,ORG-12345,SITE-A,England,Plastic,Primary,2024-02-12,1.42666,Exported
REC-0678-2024-Q1-SITE-C-PC01,2024-Q1,ORG-12345,SITE-C,Wales,Paper/card,Primary,2024-03-10,4276.45,Supplied as goods
REC-0679-2024-Q3-SITE-D-FB01,2024-Q3,ORG-12345,SITE-D,Northern Ireland,Fibre-based composite,Primary,2024-03-02,3.37685,Supplied as goods
REC-0680-2024-Q1-SITE-D-ST01,2024-Q1,ORG-12345,SITE-D,Northern Ireland,Steel,Secondary,2024-09-12,4.49277,Imported
REC-0681-Q4 2024-SITE-E-GL01,2024-Q4,ORG-12345,SITE-E,England,Glass,Primary,2024-05-01,4304.07,Exported
REC-0682-2024-Q3-SITE-D-AL01,2024-Q3,ORG-12345,SITE-D,Northern Ireland,Aluminium,Shipment,2024-11-21,0.59105,Supplied as goods
REC-0683-Q4 2024-SITE-B-PC01,2024-Q4,ORG-12345,SITE-B,Scotland,Paper/card,Secondary,2024-12-03,2896.96,Exported
REC-0684-Q2 2024-SITE-C-WD01,2024-Q2,ORG-12345,SITE-C,Wales,Wood,Secondary,2024-03-15,4.42414,Supplied as goods
REC-0685-Q4 2024-SITE-E-PL01,2024-Q4,ORG-12345,SITE-E,England,Plastic,Secondary,2024-02-07,3.99383,Exported
REC-0686-Q2 2024-SITE-A-PC01,2024-Q2,ORG-12345,SITE-A,England,Paper/card,Secondary,2024-06-07,4.03992,Exported
REC-0687-2024-Q1-SITE-A-ST01,2024-Q1,ORG-12345,SITE-A,England,Steel,Tertiary,2024-07-03,1573.47,Supplied as goods
REC-0688-Q2 2024-SITE-B-PC01,2024-Q2,ORG-12345,SITE-B,Scotland,Paper/card,Secondary,2024-07-06,2.86616,Exported
REC-0689-Q4 2024-SITE-B-WD01,2024-Q4,ORG-12345,SITE-B,Scotland,Wood,Secondary,2024-07-04,3245.98,Supplied as goods
REC-0690-2024-Q3-SITE-E-WD01,2024-Q3,ORG-12345,SITE-E,England,Wood,Tertiary,2024-12-27,4.6425600000000005,Imported
REC-0691-2024-Q1-SITE-C-PC01,2024-Q1,ORG-12345,SITE-C,Wales,Paper/card,Shipment,2024-06-06,142.66,Exported
REC-0692-Q4 2024-SITE-E-PL01,2024-Q4,ORG-12345,SITE-E,England,Plastic,Secondary,2024-11-14,3.15123,Imported
REC-0693-2024-Q3-SITE-A-PL02,2024-Q3,ORG-12345,SITE-A,England,Plastic,Tertiary,2024-02-28,3541.07,Imported
REC-0694-2024-Q3-SITE-B-WD01,2024-Q3,ORG-12345,SITE-B,Scotland,Wood,Primary,2024-03-12,2286.94,Imported
REC-0695-2024-Q1-SITE-D-PC01,2024-Q1,ORG-12345,SITE-D,Northern Ireland,Paper/card,Tertiary,2024-09-27,3.90006,Supplied as goods
REC-0696-Q2 2024-SITE-C-GL01,2024-Q2,ORG-12345,SITE-C,Wales,Glass,Primary,2024-10-05,4622.0,Imported
REC-0697-2024-Q1-SITE-E-GL01,2024-Q1,ORG-12345,SITE-E,England,Glass,Primary,2024-06-22,230.94,Exported
REC-0698-2024-Q1-SITE-D-PL01,2024-Q1,ORG-12345,SITE-D,Northern Ireland,Plastic,Tertiary,2024-10-07,4365.78,Exported
REC-0699-Q2 2024-SITE-C-ST01,2024-Q2,ORG-12345,SITE-C,Wales,Steel,Primary,2024-06-09,3.8045400000000003,Exported
REC-0700-Q2 2024-SITE-C-ST01,2024-Q2,ORG-12345,SITE-C,Wales,Steel,Shipment,2024-06-03,3.8753,Imported
REC-0701-2024Q2-SITE-B-PL02,2024-Q2,ORG-12345,SITE-B,Scotland,Plastic,Primary,2024-06-26,2.82015,Exported
REC-0702-2024-Q1-SITE-B-ST01,2024-Q1,ORG-12345,SITE-B,Scotland,Steel,Primary,2024-11-23,4.02981,Exported
REC-0703-2024-Q1-SITE-D-PC01,2024-Q1,ORG-12345,SITE-D,Northern Ireland,Paper/card,Primary,2024-07-29,0.30108999999999997,Imported
REC-0704-2024-Q3-SITE-E-PL01,2024-Q3,ORG-12345,SITE-E,England,Plastic,Primary,2024-07-03,1989.99,Imported
REC-0705-Q2 2024-SITE-D-AL01,2024-Q2,ORG-12345,SITE-D,Northern Ireland,Aluminium,Tertiary,2025-01-06,4.056030000000001,Exported
REC-0706-Q2 2024-SITE-D-WD01,2024-Q2,ORG-12345,SITE-D,Northern Ireland,Wood,Primary,2024-03-28,1586.44,Imported
REC-0707-Q4 2024-SITE-C-ST01,2024-Q4,ORG-12345,SITE-C,Wales,Steel,Secondary,2024-03-15,957.6,Imported
REC-0708-2024-Q3-SITE-B-PL02,2024-Q3,ORG-12345,SITE-B,Scotland,Plastic,Secondary,2024-11-19,1789.63,Supplied as goods
REC-0710-Q2 2024-SITE-E-WD01,2024-Q2,ORG-12345,SITE-E,England,Wood,Secondary,2024-07-29,2.09654,Exported
REC-0712-Q4 2024-SITE-A-AL01,2024-Q4,ORG-12345,SITE-A,England,Aluminium,Primary,2024-10-25,3364.55,Exported
REC-0713-2024-Q1-SITE-A-PL02,2024-Q1,ORG-12345,SITE-A,England,Plastic,Tertiary,2024-11-15,,Imported
REC-0714-Q2 2024-SITE-A-FB01,2024-Q2,ORG-12345,SITE-A,England,Fibre-based composite,Secondary,2024-11-07,3.2426999999999997,Imported
REC-0715-2024-Q3-SITE-E-UNKNOWN,2024-Q3,ORG-12345,SITE-E,England,,Tertiary,2024-11-25,3321.36,Supplied as goods
REC-0716-2024-Q3-SITE-C-WD01,2024-Q3,ORG-12345,SITE-C,Wales,Wood,Primary,2024-07-09,3423.51,Supplied as goods
REC-0717-2024-Q3-SITE-Z-PL02,2024-Q3,ORG-12345,SITE-Z,,Plastic,Shipment,2024-07-22,3076.88,Supplied as goods
REC-0718-2024-Q3-SITE-A-OT01,2024-Q3,ORG-12345,SITE-A,England,Other,Primary,2024-05-14,3531.6,Supplied as goods
REC-0719-Q4 2024-SITE-D-FB01,2024-Q4,ORG-12345,SITE-D,Northern Ireland,Fibre-based composite,Tertiary,2024-08-24,2001.63,Exported
REC-0720-Q4 2024-SITE-B-OT01,2024-Q4,ORG-12345,SITE-B,Scotland,Other,Primary,2024-08-15,0.90838,Exported
REC-0721-2024-Q1-SITE-A-GL01,2024-Q1,ORG-12345,SITE-A,England,Glass,Secondary,2024-09-20,0.67147,Exported
REC-0722-Q4 2024-SITE-D-FB01,2024-Q4,ORG-12345,SITE-D,Northern Ireland,Fibre-based composite,Primary,2024-04-16,729.24,Supplied as goods
REC-0723-2024-Q3-SITE-D-WD01,2024-Q3,ORG-12345,SITE-D,Northern Ireland,Wood,Shipment,2024-04-19,2782.65,Imported
REC-0724-2024-Q3-SITE-E-FB01,2024-Q3,ORG-12345,SITE-E,England,Fibre-based composite,Shipment,2024-10-20,2.9108,Supplied as goods
REC-0725-Q4 2024-SITE-A-PC01,2024-Q4,ORG-12345,SITE-A,England,Paper/card,Primary,2024-02-24,2862.34,Supplied as goods
REC-0726-2024-Q1-SITE-D-GL01,2024-Q1,ORG-12345,SITE-D,Northern Ireland,Glass,Tertiary,2024-11-22,2655.72,Exported
REC-0727-2024-Q3-SITE-E-PL02,2024-Q3,ORG-12345,SITE-E,England,Plastic,Primary,2024-02-11,3.1717800000000005,Imported
REC-0728-2024-Q3-SITE-E-PC01,2024-Q3,ORG-12345,SITE-E,England,Paper/card,Shipment,2024-07-13,2370.9,Supplied as goods
REC-0729-2024-Q3-SITE-E-ST01,2024-Q3,ORG-12345,SITE-E,England,Steel,Secondary,2024-12-02,224.86,Supplied as goods
REC-0730-2024-Q1-SITE-E-WD01,2024-Q1,ORG-12345,SITE-E,England,Wood,Shipment,2024-09-19,2885.66,Supplied as goods
REC-0731-Q2 2024-SITE-C-PL02,2024-Q2,ORG-12345,SITE-C,Wales,Plastic,Primary,2024-06-06,430.47,Exported
REC-0732-Q2 2024-SITE-E-ST01,2024-Q2,ORG-12345,SITE-E,England,Steel,Tertiary,2024-04-01,0.1203,Imported
REC-0733-Q2 2024-SITE-D-WD01,2024-Q2,ORG-12345,SITE-D,Northern Ireland,Wood,Secondary,2024-01-31,1.3432000000000002,Supplied as goods
REC-0734-Q4 2024-SITE-D-PC01,2024-Q4,ORG-12345,SITE-D,Northern Ireland,Paper/card,Primary,2024-05-15,2.9979400000000003,Supplied as goods
REC-0735-2024-Q3-SITE-A-WD01,2024-Q3,ORG-12345,SITE-A,England,Wood,Tertiary,2024-02-10,878.05,Exported
REC-0736-Q2 2024-SITE-E-GL01,2024-Q2,ORG-12345,SITE-E,England,Glass,Secondary,2024-12-29,2407.35,Imported
REC-0737-2024-Q3-SITE-A-FB01,2024-Q3,ORG-12345,SITE-A,England,Fibre-based composite,Secondary,2024-07-28,768.49,Imported
REC-0738-2024-Q3-SITE-E-PC01,2024-Q3,ORG-12345,SITE-E,England,Paper/card,Shipment,2024-11-22,4.781560000000001,Exported
REC-0739-Q4 2024-SITE-C-ST01,2024-Q4,ORG-12345,SITE-C,Wales,Steel,Secondary,2024-12-25,1.37208,Imported
REC-0740-2024-Q3-SITE-E-AL01,2024-Q3,ORG-12345,SITE-E,England,Aluminium,Tertiary,2025-01-02,2.9641900000000003,Exported
REC-0741-2024-Q1-SITE-A-GL01,2024-Q1,ORG-12345,SITE-A,England,Glass,Secondary,2024-03-05,0.10236,Exported
REC-0742-2024-Q3-SITE-C-OT01,2024-Q3,ORG-12345,SITE-C,Wales,Other,Primary,2024-02-01,2.2574099999999997,Exported
REC-0743-2024-Q1-SITE-E-PL01,2024-Q1,ORG-12345,SITE-E,England,Plastic,Shipment,2024-03-16,0.33157,Supplied as goods
REC-0744-Q2 2024-SITE-A-PL02,2024-Q2,ORG-12345,SITE-A,England,Plastic,Tertiary,2024-06-13,0.69304,Exported
REC-0745-2024-Q3-SITE-D-WD01,2024-Q3,ORG-12345,SITE-D,Northern Ireland,Wood,Tertiary,2024-04-06,3211.96,Supplied as goods
REC-0746-2024-Q3-SITE-A-PL02,2024-Q3,ORG-12345,SITE-A,England,Plastic,Secondary,2024-04-15,1944.86,Supplied as goods
REC-0747-Q4 2024-SITE-E-WD01,2024-Q4,ORG-12345,SITE-E,England,Wood,Primary,2024-12-10,4.898140000000001,Imported
REC-0748-2024-Q1-SITE-B-WD01,2024-Q1,ORG-12345,SITE-B,Scotland,Wood,Primary,2024-05-26,2726.13,Supplied as goods
REC-0749-2024-Q1-SITE-D-PL02,2024-Q1,ORG-12345,SITE-D,Northern Ireland,Plastic,Primary,2024-03-31,398.54,Supplied as goods
REC-0750-Q4 2024-SITE-C-PL01,2024-Q4,ORG-12345,SITE-C,Wales,Plastic,Primary,2024-01-16,1.98289,Exported
REC-0751-Q2 2024-SITE-A-OT01,2024-Q2,ORG-12345,SITE-A,England,Other,Tertiary,2024-07-29,2416.79,Imported
REC-0752-2024-Q3-SITE-C-WD01,2024-Q3,ORG-12345,SITE-C,Wales,Wood,Primary,2024-02-12,2699.76,Exported
REC-0753-Q4 2024-SITE-A-PL02,2024-Q4,ORG-12345,SITE-A,England,Plastic,Secondary,2024-12-11,4274.04,Exported
REC-0754-2024-Q3-SITE-B-AL01,2024-Q3,ORG-12345,SITE-B,Scotland,Aluminium,Primary,2024-08-01,244.69,Exported
REC-0755-Q2 2024-SITE-D-PL02,2024-Q2,ORG-12345,SITE-D,Northern Ireland,Plastic,Tertiary,2024-02-02,1.8283399999999999,Exported
REC-0756-Q4 2024-SITE-D-AL01,2024-Q4,ORG-12345,SITE-D,Northern Ireland,Aluminium,Primary,2024-10-17,4.982100000000001,Exported
REC-0757-2024-Q1-SITE-A-ST01,2024-Q1,ORG-12345,SITE-A,England,Steel,Secondary,2024-02-12,4826.52,Exported
REC-0758-Q4 2024-SITE-B-PC01,2024-Q4,ORG-12345,SITE-B,Scotland,Paper/card,Tertiary,2024-10-15,0.26193,Exported
REC-0759-Q2 2024-SITE-A-GL01,2024-Q2,ORG-12345,SITE-A,England,Glass,Tertiary,2024-12-14,1.20328,Exported
REC-0760-Q2 2024-SITE-A-PL01,2024-Q2,ORG-12345,SITE-A,England,Plastic,Secondary,2024-02-09,0.27672,Exported
REC-0761-2024-Q1-SITE-E-ST01,2024-Q1,ORG-12345,SITE-E,England,Steel,Tertiary,2024-03-13,2.30811,Supplied as goods
REC-0762-2024-Q3-SITE-D-WD01,2024-Q3,ORG-12345,SITE-D,Northern Ireland,Wood,Shipment,2024-12-27,1.14183,Exported
REC-0763-Q2 2024-SITE-C-FB01,2024-Q2,ORG-12345,SITE-C,Wales,Fibre-based composite,Secondary,2024-11-13,4.880470000000001,Supplied as goods
REC-0764-Q2 2024-SITE-D-GL01,2024-Q2,ORG-12345,SITE-D,Northern Ireland,Glass,Secondary,2024-07-22,0.6476900000000001,Supplied as goods
REC-0765-2024-Q1-SITE-B-OT01,2024-Q1,ORG-12345,SITE-B,Scotland,Other,Primary,2024-11-23,1.25604,Imported
REC-0766-2024-Q1-SITE-A-FB01,2024-Q1,ORG-12345,SITE-A,England,Fibre-based composite,Tertiary,2024-04-15,127.37,Supplied as goods
REC-0767-Q4 2024-SITE-D-PL02,2024-Q4,ORG-12345,SITE-D,Northern Ireland,Plastic,Tertiary,2024-03-19,2988.97,Exported
REC-0768-Q2 2024-SITE-D-AL01,2024-Q2,ORG-12345,SITE-D,Northern Ireland,Aluminium,Primary,2024-11-22,1391.2,Exported
REC-0769-2024-Q3-SITE-C-PL01,2024-Q3,ORG-12345,SITE-C,Wales,Plastic,Shipment,2024-01-17,3.60013,Supplied as goods
REC-0770-2024-Q3-SITE-E-OT01,2024-Q3,ORG-12345,SITE-E,England,Other,Primary,2024-09-30,0.63166,Supplied as goods
REC-0771-Q2 2024-SITE-A-AL01,2024-Q2,ORG-12345,SITE-A,England,Aluminium,Secondary,2024-03-31,3313.67,Exported
REC-0772-2024-Q3-SITE-A-WD01,2024-Q3,ORG-12345,SITE-A,England,Wood,Secondary,2024-05-01,0.84081,Supplied as goods
REC-0773-2024-Q1-SITE-A-FB01,2024-Q1,ORG-12345,SITE-A,England,Fibre-based composite,Secondary,2024-02-10,3103.26,Imported
REC-0774-2024-Q1-SITE-E-OT01,2024-Q1,ORG-12345,SITE-E,England,Other,Primary,2024-05-14,3938.19,Supplied as goods
REC-0775-Q2 2024-SITE-C-WD01,2024-Q2,ORG-12345,SITE-C,Wales,Wood,Shipment,2024-06-29,1.66356,Exported
REC-0776-Q2 2024-SITE-D-AL01,2024-Q2,ORG-12345,SITE-D,Northern Ireland,Aluminium,Primary,2024-09-12,3.70185,Supplied as goods
REC-0777-Q4 2024-SITE-B-WD01,2024-Q4,ORG-12345,SITE-B,Scotland,Wood,Primary,2024-03-24,767.46,Imported
REC-0778-2024-Q3-SITE-B-WD01,2024-Q3,ORG-12345,SITE-B,Scotland,Wood,Tertiary,2024-01-31,3178.5,Supplied as goods
REC-0779-Q4 2024-SITE-D-PL01,2024-Q4,ORG-12345,SITE-D,Northern Ireland,Plastic,Secondary,2024-07-08,599.99,Supplied as goods
REC-0780-Q2 2024-SITE-E-AL01,2024-Q2,ORG-12345,SITE-E,England,Aluminium,Secondary,2024-08-12,0.8261000000000001,Exported
REC-0781-2024-Q1-SITE-C-OT01,2024-Q1,ORG-12345,SITE-C,Wales,Other,Secondary,2024-08-21,2978.33,Supplied as goods
REC-0782-Q2 2024-SITE-E-AL01,2024-Q2,ORG-12345,SITE-E,England,Aluminium,Primary,2024-01-17,2.19953,Imported
REC-0783-Q4 2024-SITE-D-FB01,2024-Q4,ORG-12345,SITE-D,Northern Ireland,Fibre-based composite,Primary,2025-01-05,4.9568,Supplied as goods
REC-0784-Q2 2024-SITE-D-PL02,2024-Q2,ORG-12345,SITE-D,Northern Ireland,Plastic,Secondary,2024-07-16,1.24053,Imported
REC-0785-2024-Q3-SITE-D-ST01,2024-Q3,ORG-12345,SITE-D,Northern Ireland,Steel,Primary,2025-01-09,4.99481,Exported
REC-0786-Q4 2024-SITE-D-WD01,2024-Q4,ORG-12345,SITE-D,Northern Ireland,Wood,Tertiary,2025-01-09,3.74907,Exported
REC-0787-Q4 2024-SITE-A-FB01,2024-Q4,ORG-12345,SITE-A,England,Fibre-based composite,Primary,2024-07-03,3.15271,Imported
REC-0788-Q2 2024-SITE-E-OT01,2024-Q2,ORG-12345,SITE-E,England,Other,Primary,2024-02-25,2158.22,Imported
REC-0789-2024-Q1-SITE-A-PC01,2024-Q1,ORG-12345,SITE-A,England,Paper/card,Tertiary,2024-07-20,2597.95,Supplied as goods
REC-0790-2024-Q1-SITE-E-WD01,2024-Q1,ORG-12345,SITE-E,England,Wood,Shipment,2024-04-28,1.85958,Supplied as goods
REC-0791-Q2 2024-SITE-E-GL01,2024-Q2,ORG-12345,SITE-E,England,Glass,Secondary,2024-05-09,2721.19,Supplied as goods
REC-0792-2024-Q1-SITE-C-PC01,2024-Q1,ORG-12345,SITE-C,Wales,Paper/card,Secondary,2024-07-23,2542.65,Imported
REC-0793-2024-Q3-SITE-D-PC01,2024-Q3,ORG-12345,SITE-D,Northern Ireland,Paper/card,Secondary,2024-11-27,2.53218,Imported
REC-0794-Q4 2024-SITE-B-PC01,2024-Q4,ORG-12345,SITE-B,Scotland,Paper/card,Tertiary,2024-02-25,4.72956,Exported
REC-0795-Q2 2024-SITE-A-FB01,2024-Q2,ORG-12345,SITE-A,England,Fibre-based composite,Primary,2024-03-12,4.79337,Imported
REC-0796-Q4 2024-SITE-C-GL01,2024-Q4,ORG-12345,SITE-C,Wales,Glass,Secondary,2024-10-18,4.381220000000001,Supplied as goods
REC-0797-Q2 2024-SITE-C-GL01,2024-Q2,ORG-12345,SITE-C,Wales,Glass,Secondary,2024-01-26,2.1296399999999998,Imported
REC-0798-2024-Q3-SITE-E-AL01,2024-Q3,ORG-12345,SITE-E,England,Aluminium,Tertiary,2024-12-10,3241.13,Exported
REC-0799-2024-Q3-SITE-D-PC01,2024-Q3,ORG-12345,SITE-D,Northern Ireland,Paper/card,Secondary,2024-03-22,3345.98,Exported
REC-0800-2024-Q1-SITE-C-ST01,2024-Q1,ORG-12345,SITE-C,Wales,Steel,Primary,2024-07-13,1172.57,Imported
REC-0801-2024Q2-SITE-E-ST01,2024-Q2,ORG-12345,SITE-E,England,Steel,Secondary,2024-04-13,3.1122199999999998,Supplied as goods
REC-0802-Q2 2024-SITE-E-GL01,2024-Q2,ORG-12345,SITE-E,England,Glass,Primary,2024-05-27,628.74,Supplied as goods
REC-0803-2024-Q3-SITE-C-PC01,2024-Q3,ORG-12345,SITE-C,Wales,Paper/card,Primary,2024-07-23,2.83431,Supplied as goods
REC-0804-Q4 2024-SITE-A-WD01,2024-Q4,ORG-12345,SITE-A,England,Wood,Shipment,2024-03-29,2.69153,Supplied as goods
REC-0805-Q4 2024-SITE-C-WD01,2024-Q4,ORG-12345,SITE-C,Wales,Wood,Secondary,2024-11-03,0.07126,Supplied as goods
REC-0806-2024-Q1-SITE-C-GL01,2024-Q1,ORG-12345,SITE-C,Wales,Glass,Tertiary,2024-09-16,3656.29,Exported
REC-0807-Q4 2024-SITE-A-PL01,2024-Q4,ORG-12345,SITE-A,England,Plastic,Primary,2024-03-15,2777.25,Exported
REC-0808-Q2 2024-SITE-E-WD01,2024-Q2,ORG-12345,SITE-E,England,Wood,Secondary,2024-04-24,1.66551,Supplied as goods
REC-0810-Q4 2024-SITE-C-PC01,2024-Q4,ORG-12345,SITE-C,Wales,Paper/card,Shipment,2024-08-20,2.5822,Exported
REC-0812-2024-Q3-SITE-D-PL02,2024-Q3,ORG-12345,SITE-D,Northern Ireland,Plastic,Primary,2024-08-19,4444.63,Exported
REC-0813-2024-Q3-SITE-B-FB01,2024-Q3,ORG-12345,SITE-B,Scotland,Fibre-based composite,Primary,2024-10-09,,Exported
REC-0814-Q4 2024-SITE-A-PC01,2024-Q4,ORG-12345,SITE-A,England,Paper/card,Primary,2024-06-02,3.7927600000000004,Exported
REC-0815-Q2 2024-SITE-B-UNKNOWN,2024-Q2,ORG-12345,SITE-B,Scotland,,Primary,2024-06-11,2.33749,Exported
REC-0816-2024-Q3-SITE-E-OT01,2024-Q3,ORG-12345,SITE-E,England,Other,Secondary,2024-10-27,4122.86,Supplied as goods
REC-0817-2024-Q3-SITE-Z-WD01,2024-Q3,ORG-12345,SITE-Z,,Wood,Primary,2024-12-05,3.96654,Supplied as goods
REC-0818-Q2 2024-SITE-D-WD01,2024-Q2,ORG-12345,SITE-D,Northern Ireland,Wood,Primary,2025-01-01,3346.27,Exported
REC-0819-2024-Q3-SITE-A-AL01,2024-Q3,ORG-12345,SITE-A,England,Aluminium,Primary,2024-09-17,3835.36,Supplied as goods
REC-0820-2024-Q3-SITE-A-FB01,2024-Q3,ORG-12345,SITE-A,England,Fibre-based composite,Tertiary,2024-11-04,3158.58,Imported
REC-0821-2024-Q3-SITE-B-PL01,2024-Q3,ORG-12345,SITE-B,Scotland,Plastic,Tertiary,2025-01-03,0.85609,Imported
REC-0822-2024-Q3-SITE-D-GL01,2024-Q3,ORG-12345,SITE-D,Northern Ireland,Glass,Secondary,2024-06-11,311.8,Supplied as goods
REC-0823-2024-Q1-SITE-B-ST01,2024-Q1,ORG-12345,SITE-B,Scotland,Steel,Shipment,2024-04-09,4.68477,Exported
REC-0824-2024-Q3-SITE-C-OT01,2024-Q3,ORG-12345,SITE-C,Wales,Other,Secondary,2024-10-14,4142.77,Imported
REC-0825-Q4 2024-SITE-C-PC01,2024-Q4,ORG-12345,SITE-C,Wales,Paper/card,Tertiary,2024-07-07,113.84,Supplied as goods
REC-0826-2024-Q1-SITE-B-GL01,2024-Q1,ORG-12345,SITE-B,Scotland,Glass,Primary,2024-09-06,0.8150499999999999,Supplied as goods
REC-0827-2024-Q3-SITE-C-PL02,2024-Q3,ORG-12345,SITE-C,Wales,Plastic,Primary,2024-07-18,4620.88,Supplied as goods
REC-0828-2024-Q3-SITE-B-GL01,2024-Q3,ORG-12345,SITE-B,Scotland,Glass,Tertiary,2024-03-15,4454.15,Imported
REC-0829-Q2 2024-SITE-C-AL01,2024-Q2,ORG-12345,SITE-C,Wales,Aluminium,Primary,2024-03-21,0.75468,Exported
REC-0830-2024-Q1-SITE-A-PL02,2024-Q1,ORG-12345,SITE-A,England,Plastic,Secondary,2024-08-22,3.8269699999999998,Exported
REC-0831-2024-Q1-SITE-D-PL01,2024-Q1,ORG-12345,SITE-D,Northern Ireland,Plastic,Primary,2024-02-06,0.21232,Supplied as goods
REC-0832-Q2 2024-SITE-A-PL02,2024-Q2,ORG-12345,SITE-A,England,Plastic,Secondary,2024-04-26,0.10085,Exported
REC-0833-2024-Q3-SITE-C-GL01,2024-Q3,ORG-12345,SITE-C,Wales,Glass,Tertiary,2024-04-06,0.19483,Imported
REC-0834-2024-Q1-SITE-A-OT01,2024-Q1,ORG-12345,SITE-A,England,Other,Tertiary,2024-05-05,3.08413,Exported
REC-0835-Q2 2024-SITE-A-AL01,2024-Q2,ORG-12345,SITE-A,England,Aluminium,Secondary,2024-09-14,4.5132200000000005,Supplied as goods
REC-0836-2024-Q3-SITE-B-PC01,2024-Q3,ORG-12345,SITE-B,Scotland,Paper/card,Tertiary,2024-08-19,0.9663700000000001,Exported
REC-0837-Q4 2024-SITE-A-AL01,2024-Q4,ORG-12345,SITE-A,England,Aluminium,Shipment,2024-10-07,2067.51,Supplied as goods
REC-0838-2024-Q3-SITE-A-GL01,2024-Q3,ORG-12345,SITE-A,England,Glass,Secondary,2024-03-14,3.5384200000000003,Imported
REC-0839-Q2 2024-SITE-D-FB01,2024-Q2,ORG-12345,SITE-D,Northern Ireland,Fibre-based composite,Secondary,2024-08-10,3021.93,Imported
REC-0840-2024-Q3-SITE-D-ST01,2024-Q3,ORG-12345,SITE-D,Northern Ireland,Steel,Tertiary,2024-01-21,0.98449,Imported
REC-0841-Q2 2024-SITE-A-WD01,2024-Q2,ORG-12345,SITE-A,England,Wood,Tertiary,2024-08-07,2.01203,Supplied as goods
REC-0842-Q2 2024-SITE-C-PL02,2024-Q2,ORG-12345,SITE-C,Wales,Plastic,Tertiary,2024-08-08,0.37032,Supplied as goods
REC-0843-2024-Q3-SITE-E-PL02,2024-Q3,ORG-12345,SITE-E,England,Plastic,Primary,2024-08-06,3639.74,Imported
REC-0844-2024-Q3-SITE-D-PC01,2024-Q3,ORG-12345,SITE-D,Northern Ireland,Paper/card,Secondary,2024-09-03,3035.67,Exported
REC-0845-2024-Q1-SITE-B-PL02,2024-Q1,ORG-12345,SITE-B,Scotland,Plastic,Primary,2024-02-11,2.4722399999999998,Imported
REC-0846-2024-Q3-SITE-D-PL02,2024-Q3,ORG-12345,SITE-D,Northern Ireland,Plastic,Secondary,2024-06-18,0.18241,Exported
REC-0847-Q2 2024-SITE-D-PL02,2024-Q2,ORG-12345,SITE-D,Northern Ireland,Plastic,Tertiary,2024-12-18,3322.35,Supplied as goods
REC-0848-2024-Q1-SITE-E-WD01,2024-Q1,ORG-12345,SITE-E,England,Wood,Secondary,2024-08-22,1345.24,Exported
REC-0849-Q4 2024-SITE-D-PL02,2024-Q4,ORG-12345,SITE-D,Northern Ireland,Plastic,Secondary,2024-01-31,1607.07,Imported
REC-0850-Q4 2024-SITE-B-GL01,2024-Q4,ORG-12345,SITE-B,Scotland,Glass,Shipment,2024-03-23,4308.79,Exported
REC-0851-Q4 2024-SITE-E-ST01,2024-Q4,ORG-12345,SITE-E,England,Steel,Tertiary,2024-10-24,2.4629000000000003,Imported
REC-0852-2024-Q1-SITE-E-OT01,2024-Q1,ORG-12345,SITE-E,England,Other,Shipment,2024-05-28,2.4057600000000003,Imported
REC-0853-2024-Q3-SITE-C-WD01,2024-Q3,ORG-12345,SITE-C,Wales,Wood,Shipment,2024-01-29,3103.85,Imported
REC-0854-Q4 2024-SITE-C-PL01,2024-Q4,ORG-12345,SITE-C,Wales,Plastic,Primary,2024-08-21,1.7769400000000002,Imported
REC-0855-Q2 2024-SITE-B-PC01,2024-Q2,ORG-12345,SITE-B,Scotland,Paper/card,Secondary,2024-06-22,1.78878,Imported
REC-0856-Q2 2024-SITE-C-PL02,2024-Q2,ORG-12345,SITE-C,Wales,Plastic,Tertiary,2024-10-16,4.35125,Supplied as goods
REC-0857-Q4 2024-SITE-E-PC01,2024-Q4,ORG-12345,SITE-E,England,Paper/card,Primary,2024-01-25,3305.95,Imported
REC-0858-Q4 2024-SITE-E-WD01,2024-Q4,ORG-12345,SITE-E,England,Wood,Shipment,2024-11-03,4929.54,Supplied as goods
REC-0859-Q4 2024-SITE-C-PL02,2024-Q4,ORG-12345,SITE-C,Wales,Plastic,Tertiary,2024-12-21,0.54528,Imported
REC-0860-Q4 2024-SITE-B-PC01,2024-Q4,ORG-12345,SITE-B,Scotland,Paper/card,Primary,2024-02-22,1532.63,Exported
REC-0861-Q4 2024-SITE-E-OT01,2024-Q4,ORG-12345,SITE-E,England,Other,Primary,2024-11-29,1362.52,Imported
REC-0862-2024-Q1-SITE-C-PL02,2024-Q1,ORG-12345,SITE-C,Wales,Plastic,Tertiary,2024-10-12,518.93,Exported
REC-0863-2024-Q3-SITE-C-WD01,2024-Q3,ORG-12345,SITE-C,Wales,Wood,Secondary,2024-12-19,1.76922,Supplied as goods
REC-0864-Q4 2024-SITE-E-OT01,2024-Q4,ORG-12345,SITE-E,England,Other,Secondary,2024-10-21,2100.86,Supplied as goods
REC-0865-Q4 2024-SITE-E-GL01,2024-Q4,ORG-12345,SITE-E,England,Glass,Primary,2024-12-18,3.53149,Exported
REC-0866-2024-Q1-SITE-E-WD01,2024-Q1,ORG-12345,SITE-E,England,Wood,Secondary,2024-04-26,2686.96,Exported
REC-0867-Q4 2024-SITE-D-PC01,2024-Q4,ORG-12345,SITE-D,Northern Ireland,Paper/card,Secondary,2024-02-16,1239.85,Supplied as goods
REC-0868-2024-Q3-SITE-B-AL01,2024-Q3,ORG-12345,SITE-B,Scotland,Aluminium,Tertiary,2024-11-17,1371.33,Imported
REC-0869-Q2 2024-SITE-A-AL01,2024-Q2,ORG-12345,SITE-A,England,Aluminium,Secondary,2024-09-08,0.61211,Supplied as goods
REC-0870-Q2 2024-SITE-B-WD01,2024-Q2,ORG-12345,SITE-B,Scotland,Wood,Shipment,2024-03-24,2.1389899999999997,Imported
REC-0871-Q4 2024-SITE-A-PL01,2024-Q4,ORG-12345,SITE-A,England,Plastic,Secondary,2024-02-12,3.31042,Imported
REC-0872-2024-Q3-SITE-D-PL02,2024-Q3,ORG-12345,SITE-D,Northern Ireland,Plastic,Secondary,2024-12-16,1.5250000000000001,Exported
REC-0873-2024-Q1-SITE-A-PL02,2024-Q1,ORG-12345,SITE-A,England,Plastic,Secondary,2024-12-20,4.22161,Exported
REC-0874-2024-Q1-SITE-E-OT01,2024-Q1,ORG-12345,SITE-E,England,Other,Secondary,2024-07-01,4.4286,Imported
REC-0875-Q2 2024-SITE-B-FB01,2024-Q2,ORG-12345,SITE-B,Scotland,Fibre-based composite,Tertiary,2024-04-13,3732.6,Exported
REC-0876-2024-Q3-SITE-D-AL01,2024-Q3,ORG-12345,SITE-D,Northern Ireland,Aluminium,Secondary,2024-03-12,2.07146,Imported
REC-0877-Q2 2024-SITE-C-PC01,2024-Q2,ORG-12345,SITE-C,Wales,Paper/card,Shipment,2024-09-14,2.4005300000000003,Imported
REC-0878-Q2 2024-SITE-A-PC01,2024-Q2,ORG-12345,SITE-A,England,Paper/card,Tertiary,2024-10-23,0.15431999999999998,Imported
REC-0879-Q2 2024-SITE-A-FB01,2024-Q2,ORG-12345,SITE-A,England,Fibre-based composite,Secondary,2024-07-31,4794.49,Exported
REC-0880-Q2 2024-SITE-C-PL01,2024-Q2,ORG-12345,SITE-C,Wales,Plastic,Secondary,2024-08-26,1.5394,Imported
REC-0881-2024-Q1-SITE-C-PC01,2024-Q1,ORG-12345,SITE-C,Wales,Paper/card,Tertiary,2024-09-12,2.0611300000000004,Exported
REC-0882-2024-Q3-SITE-B-FB01,2024-Q3,ORG-12345,SITE-B,Scotland,Fibre-based composite,Tertiary,2024-02-17,3.60106,Imported
REC-0883-2024-Q1-SITE-D-PC01,2024-Q1,ORG-12345,SITE-D,Northern Ireland,Paper/card,Secondary,2024-12-08,3659.7,Exported
REC-0884-Q4 2024-SITE-A-GL01,2024-Q4,ORG-12345,SITE-A,England,Glass,Tertiary,2024-12-01,3.9655500000000004,Imported
REC-0885-Q2 2024-SITE-B-ST01,2024-Q2,ORG-12345,SITE-B,Scotland,Steel,Secondary,2024-12-31,0.45705,Exported
REC-0886-Q2 2024-SITE-C-FB01,2024-Q2,ORG-12345,SITE-C,Wales,Fibre-based composite,Tertiary,2024-11-13,2.2848800000000002,Imported
REC-0887-Q2 2024-SITE-C-PC01,2024-Q2,ORG-12345,SITE-C,Wales,Paper/card,Tertiary,2024-07-26,1033.39,Imported
REC-0888-Q4 2024-SITE-A-AL01,2024-Q4,ORG-12345,SITE-A,England,Aluminium,Primary,2024-05-28,4.61941,Supplied as goods
REC-0889-2024-Q1-SITE-B-GL01,2024-Q1,ORG-12345,SITE-B,Scotland,Glass,Primary,2024-04-11,3109.12,Imported
REC-0890-2024-Q1-SITE-D-PL02,2024-Q1,ORG-12345,SITE-D,Northern Ireland,Plastic,Primary,2024-04-28,2652.9,Exported
REC-0891-Q2 2024-SITE-D-AL01,2024-Q2,ORG-12345,SITE-D,Northern Ireland,Aluminium,Tertiary,2024-04-29,1475.41,Imported
REC-0892-Q2 2024-SITE-D-AL01,2024-Q2,ORG-12345,SITE-D,Northern Ireland,Aluminium,Tertiary,2024-03-29,3.6471999999999998,Imported
REC-0893-2024-Q3-SITE-B-PL01,2024-Q3,ORG-12345,SITE-B,Scotland,Plastic,Secondary,2024-12-30,1215.65,Imported
REC-0894-Q2 2024-SITE-D-WD01,2024-Q2,ORG-12345,SITE-D,Northern Ireland,Wood,Primary,2024-07-29,2370.96,Supplied as goods
REC-0895-2024-Q1-SITE-E-FB01,2024-Q1,ORG-12345,SITE-E,England,Fibre-based composite,Tertiary,2024-07-03,1.31832,Exported
REC-0896-2024-Q3-SITE-A-AL01,2024-Q3,ORG-12345,SITE-A,England,Aluminium,Secondary,2024-11-27,4.98386,Imported
REC-0897-2024-Q1-SITE-E-FB01,2024-Q1,ORG-12345,SITE-E,England,Fibre-based composite,Secondary,2024-04-15,3.37275,Imported
REC-0898-Q2 2024-SITE-D-ST01,2024-Q2,ORG-12345,SITE-D,Northern Ireland,Steel,Primary,2024-06-25,2489.56,Exported
REC-0899-Q2 2024-SITE-A-OT01,2024-Q2,ORG-12345,SITE-A,England,Other,Secondary,2024-06-06,1339.01,Supplied as goods
REC-0900-2024-Q3-SITE-E-PC01,2024-Q3,ORG-12345,SITE-E,England,Paper/card,Secondary,2024-06-23,4518.82,Imported
REC-0901-2024Q2-SITE-B-FB01,2024-Q2,ORG-12345,SITE-B,Scotland,Fibre-based composite,Primary,2024-04-20,3697.5,Imported
REC-0902-Q2 2024-SITE-C-GL01,2024-Q2,ORG-12345,SITE-C,Wales,Glass,Primary,2024-09-10,956.55,Supplied as goods
REC-0903-Q4 2024-SITE-E-FB01,2024-Q4,ORG-12345,SITE-E,England,Fibre-based composite,Primary,2024-09-23,251.92,Imported
REC-0904-2024-Q1-SITE-C-PL02,2024-Q1,ORG-12345,SITE-C,Wales,Plastic,Tertiary,2024-06-08,4.34105,Exported
REC-0905-Q2 2024-SITE-E-GL01,2024-Q2,ORG-12345,SITE-E,England,Glass,Tertiary,2024-01-17,3.76219,Supplied as goods
REC-0906-Q4 2024-SITE-B-OT01,2024-Q4,ORG-12345,SITE-B,Scotland,Other,Tertiary,2024-03-03,0.9438200000000001,Exported
REC-0907-2024-Q3-SITE-D-PC01,2024-Q3,ORG-12345,SITE-D,Northern Ireland,Paper/card,Primary,2024-03-15,3.4225,Imported
REC-0908-2024-Q3-SITE-D-PC01,2024-Q3,ORG-12345,SITE-D,Northern Ireland,Paper/card,Primary,2024-12-16,451.26,Supplied as goods
REC-0910-Q4 2024-SITE-A-ST01,2024-Q4,ORG-12345,SITE-A,England,Steel,Secondary,2024-04-15,3731.81,Supplied as goods
REC-0912-Q2 2024-SITE-C-GL01,2024-Q2,ORG-12345,SITE-C,Wales,Glass,Primary,2024-12-20,2479.68,Imported
REC-0913-Q4 2024-SITE-D-PL02,2024-Q4,ORG-12345,SITE-D,Northern Ireland,Plastic,Tertiary,2024-05-31,,Imported
REC-0914-Q4 2024-SITE-D-FB01,2024-Q4,ORG-12345,SITE-D,Northern Ireland,Fibre-based composite,Primary,2024-02-04,4.06442,Imported
REC-0915-2024-Q1-SITE-D-UNKNOWN,2024-Q1,ORG-12345,SITE-D,Northern Ireland,,Secondary,2024-09-10,3.3983800000000004,Imported
REC-0916-Q2 2024-SITE-C-FB01,2024-Q2,ORG-12345,SITE-C,Wales,Fibre-based composite,Primary,2024-08-20,1.53695,Imported
REC-0917-2024-Q1-SITE-Z-ST01,2024-Q1,ORG-12345,SITE-Z,,Steel,Shipment,2024-08-19,2.77742,Supplied as goods
REC-0918-2024-Q3-SITE-C-FB01,2024-Q3,ORG-12345,SITE-C,Wales,Fibre-based composite,Primary,2024-02-25,3321.23,Imported
REC-0919-Q2 2024-SITE-B-OT01,2024-Q2,ORG-12345,SITE-B,Scotland,Other,Primary,2024-02-07,3715.56,Supplied as goods
REC-0920-2024-Q3-SITE-D-PL02,2024-Q3,ORG-12345,SITE-D,Northern Ireland,Plastic,Secondary,2024-04-19,1523.36,Exported
REC-0921-Q4 2024-SITE-A-AL01,2024-Q4,ORG-12345,SITE-A,England,Aluminium,Primary,2024-01-24,3747.8,Supplied as goods
REC-0922-Q4 2024-SITE-D-PL01,2024-Q4,ORG-12345,SITE-D,Northern Ireland,Plastic,Secondary,2024-11-18,115.86,Supplied as goods
REC-0923-2024-Q3-SITE-D-WD01,2024-Q3,ORG-12345,SITE-D,Northern Ireland,Wood,Secondary,2024-03-19,4075.01,Exported
REC-0924-2024-Q1-SITE-B-GL01,2024-Q1,ORG-12345,SITE-B,Scotland,Glass,Primary,2024-09-17,0.60397,Supplied as goods
REC-0925-2024-Q3-SITE-A-GL01,2024-Q3,ORG-12345,SITE-A,England,Glass,Tertiary,2024-03-30,2.20715,Supplied as goods
REC-0926-Q4 2024-SITE-D-WD01,2024-Q4,ORG-12345,SITE-D,Northern Ireland,Wood,Secondary,2024-01-25,0.6264700000000001,Supplied as goods
REC-0927-2024-Q3-SITE-A-WD01,2024-Q3,ORG-12345,SITE-A,England,Wood,Shipment,2024-03-07,1046.63,Supplied as goods
REC-0928-Q4 2024-SITE-A-FB01,2024-Q4,ORG-12345,SITE-A,England,Fibre-based composite,Secondary,2024-09-19,3698.54,Imported
REC-0929-2024-Q1-SITE-B-OT01,2024-Q1,ORG-12345,SITE-B,Scotland,Other,Shipment,2024-01-24,3076.9,Exported
REC-0930-Q4 2024-SITE-D-FB01,2024-Q4,ORG-12345,SITE-D,Northern Ireland,Fibre-based composite,Shipment,2024-09-24,2788.62,Imported
REC-0931-Q2 2024-SITE-C-PC01,2024-Q2,ORG-12345,SITE-C,Wales,Paper/card,Secondary,2024-07-09,2.20934,Exported
REC-0932-Q4 2024-SITE-E-WD01,2024-Q4,ORG-12345,SITE-E,England,Wood,Primary,2024-06-13,1137.53,Exported
REC-0933-Q2 2024-SITE-D-FB01,2024-Q2,ORG-12345,SITE-D,Northern Ireland,Fibre-based composite,Secondary,2024-04-30,3279.88,Exported
REC-0934-Q2 2024-SITE-B-ST01,2024-Q2,ORG-12345,SITE-B,Scotland,Steel,Tertiary,2024-04-04,476.65,Exported
REC-0935-Q2 2024-SITE-C-WD01,2024-Q2,ORG-12345,SITE-C,Wales,Wood,Primary,2024-10-26,4718.12,Imported
REC-0936-Q2 2024-SITE-B-PL01,2024-Q2,ORG-12345,SITE-B,Scotland,Plastic,Primary,2024-01-31,4410.49,Imported
REC-0937-Q2 2024-SITE-A-PL02,2024-Q2,ORG-12345,SITE-A,England,Plastic,Secondary,2024-05-26,0.61415,Imported
REC-0938-2024-Q1-SITE-B-PC01,2024-Q1,ORG-12345,SITE-B,Scotland,Paper/card,Tertiary,2024-02-09,3858.4,Imported
REC-0939-2024-Q1-SITE-A-WD01,2024-Q1,ORG-12345,SITE-A,England,Wood,Tertiary,2024-02-05,4.8151,Imported
REC-0940-Q2 2024-SITE-C-OT01,2024-Q2,ORG-12345,SITE-C,Wales,Other,Primary,2024-06-12,3.16813,Supplied as goods
REC-0941-2024-Q3-SITE-B-WD01,2024-Q3,ORG-12345,SITE-B,Scotland,Wood,Tertiary,2024-03-25,2.51704,Exported
REC-0942-Q2 2024-SITE-A-PL02,2024-Q2,ORG-12345,SITE-A,England,Plastic,Tertiary,2024-07-07,2223.59,Supplied as goods
REC-0943-2024-Q3-SITE-D-ST01,2024-Q3,ORG-12345,SITE-D,Northern Ireland,Steel,Shipment,2024-12-20,471.91,Supplied as goods
REC-0944-Q4 2024-SITE-B-AL01,2024-Q4,ORG-12345,SITE-B,Scotland,Aluminium,Primary,2024-08-11,2.13752,Exported
REC-0945-Q4 2024-SITE-A-WD01,2024-Q4,ORG-12345,SITE-A,England,Wood,Tertiary,2024-01-20,3983.31,Exported
REC-0946-Q4 2024-SITE-B-OT01,2024-Q4,ORG-12345,SITE-B,Scotland,Other,Primary,2024-08-03,1724.6,Supplied as goods
REC-0947-2024-Q3-SITE-E-PL01,2024-Q3,ORG-12345,SITE-E,England,Plastic,Tertiary,2024-08-07,0.7972100000000001,Exported
REC-0948-2024-Q1-SITE-C-OT01,2024-Q1,ORG-12345,SITE-C,Wales,Other,Tertiary,2024-10-11,3621.68,Imported
REC-0949-Q4 2024-SITE-E-GL01,2024-Q4,ORG-12345,SITE-E,England,Glass,Tertiary,2024-07-09,2.2586399999999998,Imported
REC-0950-2024-Q3-SITE-A-FB01,2024-Q3,ORG-12345,SITE-A,England,Fibre-based composite,Tertiary,2024-03-19,4.41082,Supplied as goods
REC-0951-2024-Q3-SITE-E-OT01,2024-Q3,ORG-12345,SITE-E,England,Other,Shipment,2024-04-05,1107.99,Imported
REC-0952-Q4 2024-SITE-C-PL01,2024-Q4,ORG-12345,SITE-C,Wales,Plastic,Primary,2024-03-11,2.98289,Exported
REC-0953-2024-Q1-SITE-A-PL01,2024-Q1,ORG-12345,SITE-A,England,Plastic,Tertiary,2024-03-18,1335.79,Imported
REC-0954-Q2 2024-SITE-C-WD01,2024-Q2,ORG-12345,SITE-C,Wales,Wood,Secondary,2024-11-07,3697.45,Exported
REC-0955-Q2 2024-SITE-C-OT01,2024-Q2,ORG-12345,SITE-C,Wales,Other,Tertiary,2024-07-26,1207.5,Exported
REC-0956-Q4 2024-SITE-C-OT01,2024-Q4,ORG-12345,SITE-C,Wales,Other,Tertiary,2024-03-30,0.57087,Supplied as goods
REC-0957-Q2 2024-SITE-D-FB01,2024-Q2,ORG-12345,SITE-D,Northern Ireland,Fibre-based composite,Tertiary,2024-05-03,0.45564,Imported
REC-0958-Q4 2024-SITE-E-WD01,2024-Q4,ORG-12345,SITE-E,England,Wood,Primary,2024-11-09,3400.27,Imported
REC-0959-Q2 2024-SITE-D-WD01,2024-Q2,ORG-12345,SITE-D,Northern Ireland,Wood,Tertiary,2024-09-29,4982.73,Imported
REC-0960-Q4 2024-SITE-B-GL01,2024-Q4,ORG-12345,SITE-B,Scotland,Glass,Secondary,2024-01-31,2.31568,Exported
REC-0961-Q4 2024-SITE-E-GL01,2024-Q4,ORG-12345,SITE-E,England,Glass,Shipment,2024-03-16,4.6124,Imported
REC-0962-2024-Q3-SITE-A-PC01,2024-Q3,ORG-12345,SITE-A,England,Paper/card,Shipment,2024-07-24,0.2494,Imported
REC-0963-Q4 2024-SITE-B-ST01,2024-Q4,ORG-12345,SITE-B,Scotland,Steel,Secondary,2024-06-19,0.18849000000000002,Imported
REC-0964-2024-Q1-SITE-A-ST01,2024-Q1,ORG-12345,SITE-A,England,Steel,Primary,2024-07-11,4104.67,Supplied as goods
REC-0965-Q4 2024-SITE-E-PL02,2024-Q4,ORG-12345,SITE-E,England,Plastic,Tertiary,2024-07-26,2117.0,Supplied as goods
REC-0966-Q4 2024-SITE-B-WD01,2024-Q4,ORG-12345,SITE-B,Scotland,Wood,Tertiary,2024-12-21,4.17673,Exported
REC-0967-Q2 2024-SITE-D-WD01,2024-Q2,ORG-12345,SITE-D,Northern Ireland,Wood,Primary,2024-07-06,1659.82,Exported
REC-0968-Q2 2024-SITE-A-OT01,2024-Q2,ORG-12345,SITE-A,England,Other,Primary,2024-01-27,4455.71,Exported
REC-0969-2024-Q1-SITE-B-ST01,2024-Q1,ORG-12345,SITE-B,Scotland,Steel,Shipment,2024-10-08,0.6627200000000001,Exported
REC-0970-Q2 2024-SITE-A-AL01,2024-Q2,ORG-12345,SITE-A,England,Aluminium,Tertiary,2024-06-03,2.53806,Imported
REC-0971-2024-Q3-SITE-A-AL01,2024-Q3,ORG-12345,SITE-A,England,Aluminium,Primary,2024-11-11,4202.64,Exported
REC-0972-2024-Q1-SITE-D-PL01,2024-Q1,ORG-12345,SITE-D,Northern Ireland,Plastic,Secondary,2024-06-25,1.73278,Supplied as goods
REC-0973-Q2 2024-SITE-E-FB01,2024-Q2,ORG-12345,SITE-E,England,Fibre-based composite,Secondary,2024-03-28,0.61749,Supplied as goods
REC-0974-2024-Q1-SITE-B-GL01,2024-Q1,ORG-12345,SITE-B,Scotland,Glass,Secondary,2024-06-29,813.43,Supplied as goods
REC-0975-2024-Q3-SITE-A-GL01,2024-Q3,ORG-12345,SITE-A,England,Glass,Primary,2024-08-13,339.58,Exported
REC-0976-Q2 2024-SITE-A-PC01,2024-Q2,ORG-12345,SITE-A,England,Paper/card,Secondary,2024-11-15,4.71081,Imported
REC-0977-2024-Q3-SITE-A-AL01,2024-Q3,ORG-12345,SITE-A,England,Aluminium,Secondary,2024-06-25,3774.33,Exported
REC-0978-Q2 2024-SITE-D-WD01,2024-Q2,ORG-12345,SITE-D,Northern Ireland,Wood,Shipment,2024-05-31,0.37401999999999996,Imported
REC-0979-Q4 2024-SITE-C-OT01,2024-Q4,ORG-12345,SITE-C,Wales,Other,Shipment,2024-02-26,0.55247,Exported
REC-0980-Q4 2024-SITE-B-OT01,2024-Q4,ORG-12345,SITE-B,Scotland,Other,Primary,2024-09-02,1.8978599999999999,Supplied as goods
REC-0981-2024-Q1-SITE-B-PL01,2024-Q1,ORG-12345,SITE-B,Scotland,Plastic,Primary,2024-09-17,4807.52,Imported
REC-0982-Q2 2024-SITE-C-ST01,2024-Q2,ORG-12345,SITE-C,Wales,Steel,Shipment,2024-10-02,4205.46,Imported
REC-0983-2024-Q1-SITE-C-ST01,2024-Q1,ORG-12345,SITE-C,Wales,Steel,Primary,2025-01-06,3.7089600000000003,Supplied as goods
REC-0984-Q2 2024-SITE-D-PL02,2024-Q2,ORG-12345,SITE-D,Northern Ireland,Plastic,Tertiary,2024-09-29,3639.12,Supplied as goods
REC-0985-Q2 2024-SITE-C-PC01,2024-Q2,ORG-12345,SITE-C,Wales,Paper/card,Tertiary,2024-06-27,3194.09,Imported
REC-0986-Q2 2024-SITE-A-PC01,2024-Q2,ORG-12345,SITE-A,England,Paper/card,Primary,2024-01-16,4797.01,Imported
REC-0987-Q4 2024-SITE-E-WD01,2024-Q4,ORG-12345,SITE-E,England,Wood,Primary,2024-10-16,3379.9,Supplied as goods
REC-0988-2024-Q1-SITE-D-PL02,2024-Q1,ORG-12345,SITE-D,Northern Ireland,Plastic,Tertiary,2024-07-25,3.27377,Exported
REC-0989-Q4 2024-SITE-A-PC01,2024-Q4,ORG-12345,SITE-A,England,Paper/card,Secondary,2024-04-22,4.2037700000000005,Supplied as goods
REC-0990-Q2 2024-SITE-C-WD01,2024-Q2,ORG-12345,SITE-C,Wales,Wood,Primary,2024-11-24,3728.57,Supplied as goods
REC-0991-2024-Q1-SITE-C-ST01,2024-Q1,ORG-12345,SITE-C,Wales,Steel,Tertiary,2024-09-23,1144.68,Exported
REC-0992-2024-Q3-SITE-A-AL01,2024-Q3,ORG-12345,SITE-A,England,Aluminium,Primary,2024-09-27,4922.1,Supplied as goods
REC-0993-Q2 2024-SITE-A-WD01,2024-Q2,ORG-12345,SITE-A,England,Wood,Primary,2024-02-17,1.00916,Exported
REC-0994-2024-Q1-SITE-B-GL01,2024-Q1,ORG-12345,SITE-B,Scotland,Glass,Secondary,2024-12-27,4284.62,Exported
REC-0995-Q4 2024-SITE-A-OT01,2024-Q4,ORG-12345,SITE-A,England,Other,Shipment,2024-12-24,3419.37,Imported
REC-0996-2024-Q1-SITE-C-PL01,2024-Q1,ORG-12345,SITE-C,Wales,Plastic,Tertiary,2024-10-06,2191.11,Imported
REC-0997-2024-Q1-SITE-B-WD01,2024-Q1,ORG-12345,SITE-B,Scotland,Wood,Secondary,2024-08-17,2.61042,Imported
REC-0998-2024-Q1-SITE-C-OT01,2024-Q1,ORG-12345,SITE-C,Wales,Other,Secondary,2024-01-27,0.07554000000000001,Imported
REC-0999-Q2 2024-SITE-B-AL01,2024-Q2,ORG-12345,SITE-B,Scotland,Aluminium,Tertiary,2024-06-22,4.79099,Imported
REC-1000-2024-Q1-SITE-D-PL02,2024-Q1,ORG-12345,SITE-D,Northern Ireland,Plastic,Tertiary,2024-11-30,528.79,Exported
REC-1001-2024Q2-SITE-B-PC01,2024-Q2,ORG-12345,SITE-B,Scotland,Paper/card,Tertiary,2024-07-03,1273.41,Imported
REC-1002-Q4 2024-SITE-A-OT01,2024-Q4,ORG-12345,SITE-A,England,Other,Tertiary,2024-03-18,4720.56,Supplied as goods
REC-1003-2024-Q1-SITE-B-PL02,2024-Q1,ORG-12345,SITE-B,Scotland,Plastic,Primary,2024-02-12,1.91811,Supplied as goods
REC-1004-2024-Q1-SITE-A-ST01,2024-Q1,ORG-12345,SITE-A,England,Steel,Shipment,2024-07-28,2.1875999999999998,Exported
REC-1005-2024-Q1-SITE-E-FB01,2024-Q1,ORG-12345,SITE-E,England,Fibre-based composite,Primary,2024-07-29,3.77222,Exported
REC-1006-2024-Q1-SITE-C-WD01,2024-Q1,ORG-12345,SITE-C,Wales,Wood,Tertiary,2024-10-05,4.40569,Imported
REC-1007-2024-Q1-SITE-E-PC01,2024-Q1,ORG-12345,SITE-E,England,Paper/card,Shipment,2024-03-15,0.58463,Supplied as goods
REC-1008-Q4 2024-SITE-D-GL01,2024-Q4,ORG-12345,SITE-D,Northern Ireland,Glass,Tertiary,2024-05-18,1318.62,Exported
REC-1010-Q4 2024-SITE-B-PC01,2024-Q4,ORG-12345,SITE-B,Scotland,Paper/card,Secondary,2024-11-18,4.431850000000001,Exported
REC-1012-2024-Q1-SITE-B-PL01,2024-Q1,ORG-12345,SITE-B,Scotland,Plastic,Secondary,2024-04-20,1.01727,Imported
REC-1013-2024-Q3-SITE-E-WD01,2024-Q3,ORG-12345,SITE-E,England,Wood,Tertiary,2024-06-16,,Exported
REC-1014-Q2 2024-SITE-D-FB01,2024-Q2,ORG-12345,SITE-D,Northern Ireland,Fibre-based composite,Secondary,2024-12-07,0.5690000000000001,Supplied as goods
REC-1015-Q4 2024-SITE-B-UNKNOWN,2024-Q4,ORG-12345,SITE-B,Scotland,,Tertiary,2024-07-02,2.35936,Supplied as goods
REC-1016-2024-Q1-SITE-C-FB01,2024-Q1,ORG-12345,SITE-C,Wales,Fibre-based composite,Primary,2024-07-16,0.96201,Imported
REC-1017-2024-Q3-SITE-Z-PL01,2024-Q3,ORG-12345,SITE-Z,,Plastic,Shipment,2024-01-30,754.89,Supplied as goods
REC-1018-2024-Q3-SITE-B-AL01,2024-Q3,ORG-12345,SITE-B,Scotland,Aluminium,Primary,2024-05-19,912.03,Imported
REC-1019-2024-Q1-SITE-A-GL01,2024-Q1,ORG-12345,SITE-A,England,Glass,Primary,2024-03-25,921.58,Supplied as goods
REC-1020-Q4 2024-SITE-C-FB01,2024-Q4,ORG-12345,SITE-C,Wales,Fibre-based composite,Tertiary,2024-07-22,1.725,Supplied as goods
REC-1021-2024-Q1-SITE-A-PC01,2024-Q1,ORG-12345,SITE-A,England,Paper/card,Tertiary,2024-03-21,4708.75,Supplied as goods
REC-1022-Q4 2024-SITE-C-AL01,2024-Q4,ORG-12345,SITE-C,Wales,Aluminium,Primary,2024-05-19,1922.07,Exported
REC-1023-2024-Q3-SITE-B-PL01,2024-Q3,ORG-12345,SITE-B,Scotland,Plastic,Tertiary,2024-02-11,2957.26,Exported
REC-1024-2024-Q1-SITE-B-ST01,2024-Q1,ORG-12345,SITE-B,Scotland,Steel,Tertiary,2024-12-19,4264.94,Supplied as goods
REC-1025-Q4 2024-SITE-D-PL02,2024-Q4,ORG-12345,SITE-D,Northern Ireland,Plastic,Primary,2024-06-27,1971.17,Exported
REC-1026-2024-Q3-SITE-D-PC01,2024-Q3,ORG-12345,SITE-D,Northern Ireland,Paper/card,Shipment,2024-08-07,2442.32,Exported
REC-1027-Q4 2024-SITE-B-PL01,2024-Q4,ORG-12345,SITE-B,Scotland,Plastic,Primary,2024-06-19,4479.68,Supplied as goods
REC-1028-2024-Q1-SITE-C-FB01,2024-Q1,ORG-12345,SITE-C,Wales,Fibre-based composite,Secondary,2024-02-27,828.19,Exported
REC-1029-2024-Q3-SITE-D-ST01,2024-Q3,ORG-12345,SITE-D,Northern Ireland,Steel,Secondary,2024-09-01,1.7903,Exported
REC-1030-2024-Q3-SITE-C-WD01,2024-Q3,ORG-12345,SITE-C,Wales,Wood,Secondary,2024-01-27,1869.18,Imported
REC-1031-2024-Q1-SITE-C-GL01,2024-Q1,ORG-12345,SITE-C,Wales,Glass,Secondary,2024-09-27,1.36484,Supplied as goods
REC-1032-2024-Q1-SITE-B-OT01,2024-Q1,ORG-12345,SITE-B,Scotland,Other,Shipment,2024-02-20,436.89,Exported
REC-1033-2024-Q3-SITE-C-PC01,2024-Q3,ORG-12345,SITE-C,Wales,Paper/card,Primary,2024-12-29,1.04152,Exported
REC-1034-2024-Q3-SITE-E-ST01,2024-Q3,ORG-12345,SITE-E,England,Steel,Primary,2024-06-16,3.03997,Exported
REC-1035-2024-Q1-SITE-D-ST01,2024-Q1,ORG-12345,SITE-D,Northern Ireland,Steel,Tertiary,2024-12-14,3926.48,Imported
REC-1036-Q2 2024-SITE-B-OT01,2024-Q2,ORG-12345,SITE-B,Scotland,Other,Tertiary,2024-05-13,4.334060000000001,Supplied as goods
REC-1037-2024-Q1-SITE-C-OT01,2024-Q1,ORG-12345,SITE-C,Wales,Other,Shipment,2024-04-20,3800.23,Exported
REC-1038-2024-Q1-SITE-D-FB01,2024-Q1,ORG-12345,SITE-D,Northern Ireland,Fibre-based composite,Tertiary,2024-03-26,2117.55,Exported
REC-1039-Q2 2024-SITE-C-GL01,2024-Q2,ORG-12345,SITE-C,Wales,Glass,Secondary,2024-08-19,97.92,Exported
REC-1040-2024-Q1-SITE-E-FB01,2024-Q1,ORG-12345,SITE-E,England,Fibre-based composite,Tertiary,2024-01-31,2711.14,Exported
REC-1041-Q2 2024-SITE-D-GL01,2024-Q2,ORG-12345,SITE-D,Northern Ireland,Glass,Primary,2024-02-16,2862.54,Imported
REC-1042-Q4 2024-SITE-E-OT01,2024-Q4,ORG-12345,SITE-E,England,Other,Secondary,2024-06-18,2400.15,Supplied as goods
REC-1043-Q4 2024-SITE-A-PL02,2024-Q4,ORG-12345,SITE-A,England,Plastic,Primary,2024-04-19,3.3906799999999997,Supplied as goods
REC-1044-2024-Q1-SITE-C-AL01,2024-Q1,ORG-12345,SITE-C,Wales,Aluminium,Primary,2024-02-13,1.4549,Imported
REC-1045-Q2 2024-SITE-D-PC01,2024-Q2,ORG-12345,SITE-D,Northern Ireland,Paper/card,Shipment,2024-03-21,900.54,Supplied as goods
REC-1046-Q2 2024-SITE-B-OT01,2024-Q2,ORG-12345,SITE-B,Scotland,Other,Secondary,2024-06-21,3728.56,Imported
REC-1047-2024-Q3-SITE-E-FB01,2024-Q3,ORG-12345,SITE-E,England,Fibre-based composite,Tertiary,2024-04-27,3.3407199999999997,Exported
REC-1048-Q2 2024-SITE-A-OT01,2024-Q2,ORG-12345,SITE-A,England,Other,Tertiary,2024-02-16,2.32183,Exported
REC-1049-Q4 2024-SITE-D-FB01,2024-Q4,ORG-12345,SITE-D,Northern Ireland,Fibre-based composite,Shipment,2024-02-04,2652.99,Supplied as goods
REC-1050-2024-Q3-SITE-C-PL02,2024-Q3,ORG-12345,SITE-C,Wales,Plastic,Secondary,2024-11-23,4410.92,Exported
REC-1051-Q4 2024-SITE-D-GL01,2024-Q4,ORG-12345,SITE-D,Northern Ireland,Glass,Secondary,2024-04-17,938.91,Supplied as goods
REC-1052-2024-Q3-SITE-B-PL02,2024-Q3,ORG-12345,SITE-B,Scotland,Plastic,Secondary,2024-10-16,4.7311499999999995,Exported
REC-1053-Q4 2024-SITE-D-ST01,2024-Q4,ORG-12345,SITE-D,Northern Ireland,Steel,Tertiary,2024-03-17,3.50532,Supplied as goods
REC-1054-Q4 2024-SITE-D-PC01,2024-Q4,ORG-12345,SITE-D,Northern Ireland,Paper/card,Primary,2024-05-23,2546.75,Supplied as goods
REC-1055-Q4 2024-SITE-D-AL01,2024-Q4,ORG-12345,SITE-D,Northern Ireland,Aluminium,Shipment,2024-08-06,2.33773,Supplied as goods
REC-1056-2024-Q3-SITE-B-AL01,2024-Q3,ORG-12345,SITE-B,Scotland,Aluminium,Secondary,2024-09-08,0.10315,Supplied as goods
REC-1057-Q2 2024-SITE-D-WD01,2024-Q2,ORG-12345,SITE-D,Northern Ireland,Wood,Secondary,2024-06-05,0.45862,Supplied as goods
REC-1058-2024-Q1-SITE-C-GL01,2024-Q1,ORG-12345,SITE-C,Wales,Glass,Primary,2024-08-02,3.05459,Supplied as goods
REC-1059-Q4 2024-SITE-B-GL01,2024-Q4,ORG-12345,SITE-B,Scotland,Glass,Primary,2024-04-15,3829.77,Exported
REC-1060-2024-Q1-SITE-D-AL01,2024-Q1,ORG-12345,SITE-D,Northern Ireland,Aluminium,Tertiary,2024-10-08,4.4688,Supplied as goods
REC-1061-2024-Q1-SITE-E-PL02,2024-Q1,ORG-12345,SITE-E,England,Plastic,Secondary,2024-07-26,1.57621,Exported
REC-1062-2024-Q1-SITE-A-AL01,2024-Q1,ORG-12345,SITE-A,England,Aluminium,Primary,2024-01-29,4.5483400000000005,Imported
REC-1063-2024-Q1-SITE-B-PL01,2024-Q1,ORG-12345,SITE-B,Scotland,Plastic,Secondary,2024-04-09,3.4158000000000004,Supplied as goods
REC-1064-Q2 2024-SITE-C-GL01,2024-Q2,ORG-12345,SITE-C,Wales,Glass,Primary,2024-04-30,2586.88,Imported
REC-1065-2024-Q3-SITE-A-OT01,2024-Q3,ORG-12345,SITE-A,England,Other,Secondary,2024-04-12,0.64798,Imported
REC-1066-Q4 2024-SITE-B-PL01,2024-Q4,ORG-12345,SITE-B,Scotland,Plastic,Secondary,2024-02-17,1615.39,Exported
REC-1067-Q4 2024-SITE-B-ST01,2024-Q4,ORG-12345,SITE-B,Scotland,Steel,Tertiary,2024-11-16,1.8764500000000002,Exported
REC-1068-2024-Q1-SITE-C-WD01,2024-Q1,ORG-12345,SITE-C,Wales,Wood,Primary,2024-06-29,2.7041,Exported
REC-1069-Q4 2024-SITE-C-FB01,2024-Q4,ORG-12345,SITE-C,Wales,Fibre-based composite,Tertiary,2024-07-04,0.70801,Exported
REC-1070-2024-Q1-SITE-E-PL01,2024-Q1,ORG-12345,SITE-E,England,Plastic,Shipment,2024-01-25,2.27211,Exported
REC-1071-2024-Q1-SITE-E-PL02,2024-Q1,ORG-12345,SITE-E,England,Plastic,Secondary,2024-03-25,3.7026700000000003,Supplied as goods
REC-1072-2024-Q1-SITE-B-PC01,2024-Q1,ORG-12345,SITE-B,Scotland,Paper/card,Secondary,2024-11-16,1049.96,Imported
REC-1073-Q4 2024-SITE-A-WD01,2024-Q4,ORG-12345,SITE-A,England,Wood,Tertiary,2024-06-10,714.62,Imported
REC-1074-2024-Q1-SITE-B-PL01,2024-Q1,ORG-12345,SITE-B,Scotland,Plastic,Primary,2024-05-21,1.68979,Exported
REC-1075-2024-Q1-SITE-D-AL01,2024-Q1,ORG-12345,SITE-D,Northern Ireland,Aluminium,Shipment,2024-09-22,2.63129,Imported
REC-1076-Q2 2024-SITE-B-PL02,2024-Q2,ORG-12345,SITE-B,Scotland,Plastic,Primary,2024-04-12,3.19012,Supplied as goods
REC-1077-Q4 2024-SITE-D-OT01,2024-Q4,ORG-12345,SITE-D,Northern Ireland,Other,Tertiary,2024-04-08,1.21974,Supplied as goods
REC-1078-2024-Q3-SITE-C-AL01,2024-Q3,ORG-12345,SITE-C,Wales,Aluminium,Primary,2024-08-31,0.9233600000000001,Imported
REC-1079-Q4 2024-SITE-D-AL01,2024-Q4,ORG-12345,SITE-D,Northern Ireland,Aluminium,Secondary,2024-09-12,446.08,Imported
REC-1080-Q4 2024-SITE-B-WD01,2024-Q4,ORG-12345,SITE-B,Scotland,Wood,Secondary,2024-07-28,3066.5,Exported
REC-1081-Q2 2024-SITE-E-FB01,2024-Q2,ORG-12345,SITE-E,England,Fibre-based composite,Tertiary,2024-04-13,3806.35,Supplied as goods
REC-1082-Q4 2024-SITE-D-ST01,2024-Q4,ORG-12345,SITE-D,Northern Ireland,Steel,Secondary,2024-07-03,1563.94,Imported
REC-1083-2024-Q1-SITE-A-GL01,2024-Q1,ORG-12345,SITE-A,England,Glass,Tertiary,2024-07-24,1.01879,Imported
REC-1084-Q4 2024-SITE-D-WD01,2024-Q4,ORG-12345,SITE-D,Northern Ireland,Wood,Secondary,2024-12-08,4704.41,Imported
REC-1085-Q2 2024-SITE-D-PL02,2024-Q2,ORG-12345,SITE-D,Northern Ireland,Plastic,Secondary,2024-08-25,4.96274,Supplied as goods
REC-1086-2024-Q1-SITE-C-ST01,2024-Q1,ORG-12345,SITE-C,Wales,Steel,Tertiary,2024-07-30,1775.46,Exported
REC-1087-2024-Q1-SITE-C-FB01,2024-Q1,ORG-12345,SITE-C,Wales,Fibre-based composite,Tertiary,2024-12-20,1.2496500000000001,Supplied as goods
REC-1088-Q2 2024-SITE-C-GL01,2024-Q2,ORG-12345,SITE-C,Wales,Glass,Secondary,2024-11-06,2.30458,Exported
REC-1089-2024-Q1-SITE-D-GL01,2024-Q1,ORG-12345,SITE-D,Northern Ireland,Glass,Primary,2024-04-20,3866.31,Supplied as goods
REC-1090-Q4 2024-SITE-E-FB01,2024-Q4,ORG-12345,SITE-E,England,Fibre-based composite,Primary,2024-06-20,1301.71,Imported
REC-1091-2024-Q3-SITE-E-FB01,2024-Q3,ORG-12345,SITE-E,England,Fibre-based composite,Tertiary,2024-05-31,4.35362,Exported
REC-1092-Q4 2024-SITE-B-AL01,2024-Q4,ORG-12345,SITE-B,Scotland,Aluminium,Tertiary,2024-03-04,3.5100900000000004,Imported
REC-1093-Q4 2024-SITE-C-PL02,2024-Q4,ORG-12345,SITE-C,Wales,Plastic,Tertiary,2024-04-14,2118.31,Exported
REC-1094-2024-Q1-SITE-B-PC01,2024-Q1,ORG-12345,SITE-B,Scotland,Paper/card,Primary,2024-10-31,714.94,Exported
REC-1095-2024-Q3-SITE-B-AL01,2024-Q3,ORG-12345,SITE-B,Scotland,Aluminium,Primary,2024-08-27,0.34196,Supplied as goods
REC-1096-Q4 2024-SITE-A-PL02,2024-Q4,ORG-12345,SITE-A,England,Plastic,Tertiary,2024-06-04,872.32,Exported
REC-1097-2024-Q1-SITE-D-PL02,2024-Q1,ORG-12345,SITE-D,Northern Ireland,Plastic,Secondary,2024-02-15,2948.95,Supplied as goods
REC-1098-Q2 2024-SITE-A-ST01,2024-Q2,ORG-12345,SITE-A,England,Steel,Tertiary,2024-01-18,3.34335,Supplied as goods
REC-1099-Q4 2024-SITE-D-FB01,2024-Q4,ORG-12345,SITE-D,Northern Ireland,Fibre-based composite,Shipment,2024-11-19,4935.14,Exported
REC-1100-Q2 2024-SITE-C-FB01,2024-Q2,ORG-12345,SITE-C,Wales,Fibre-based composite,Secondary,2024-12-20,3425.21,Imported
REC-1101-2024Q2-SITE-C-FB01,2024-Q2,ORG-12345,SITE-C,Wales,Fibre-based composite,Secondary,2024-09-04,333.35,Exported
REC-1102-2024-Q3-SITE-E-FB01,2024-Q3,ORG-12345,SITE-E,England,Fibre-based composite,Tertiary,2024-05-21,0.17712,Supplied as goods
REC-1103-Q4 2024-SITE-E-PC01,2024-Q4,ORG-12345,SITE-E,England,Paper/card,Primary,2024-04-20,3446.62,Exported
REC-1104-2024-Q3-SITE-A-PL01,2024-Q3,ORG-12345,SITE-A,England,Plastic,Tertiary,2024-08-29,132.32,Imported
REC-1105-Q4 2024-SITE-C-AL01,2024-Q4,ORG-12345,SITE-C,Wales,Aluminium,Shipment,2024-12-17,2.03082,Imported
REC-1106-2024-Q1-SITE-B-PL02,2024-Q1,ORG-12345,SITE-B,Scotland,Plastic,Tertiary,2024-09-25,1.5046199999999998,Imported
REC-1107-Q4 2024-SITE-B-PL02,2024-Q4,ORG-12345,SITE-B,Scotland,Plastic,Secondary,2024-03-15,4981.71,Exported
REC-1108-Q4 2024-SITE-A-OT01,2024-Q4,ORG-12345,SITE-A,England,Other,Primary,2024-01-29,1.0976199999999998,Supplied as goods
REC-1110-Q2 2024-SITE-C-GL01,2024-Q2,ORG-12345,SITE-C,Wales,Glass,Shipment,2024-11-17,3.6408,Exported
REC-1112-Q2 2024-SITE-C-ST01,2024-Q2,ORG-12345,SITE-C,Wales,Steel,Primary,2024-03-14,0.48402,Imported
REC-1113-2024-Q1-SITE-C-PC01,2024-Q1,ORG-12345,SITE-C,Wales,Paper/card,Primary,2024-10-15,,Imported
REC-1114-Q2 2024-SITE-C-AL01,2024-Q2,ORG-12345,SITE-C,Wales,Aluminium,Tertiary,2024-12-19,4900.26,Imported
REC-1115-Q2 2024-SITE-C-UNKNOWN,2024-Q2,ORG-12345,SITE-C,Wales,,Primary,2024-05-06,95.48,Imported
REC-1116-2024-Q1-SITE-B-WD01,2024-Q1,ORG-12345,SITE-B,Scotland,Wood,Tertiary,2024-06-26,779.76,Imported
REC-1117-Q4 2024-SITE-Z-ST01,2024-Q4,ORG-12345,SITE-Z,,Steel,Shipment,2025-01-09,661.15,Exported
REC-1118-2024-Q1-SITE-B-FB01,2024-Q1,ORG-12345,SITE-B,Scotland,Fibre-based composite,Primary,2024-09-20,0.80588,Imported
REC-1119-Q4 2024-SITE-A-FB01,2024-Q4,ORG-12345,SITE-A,England,Fibre-based composite,Secondary,2024-08-18,4.566260000000001,Exported
REC-1120-Q2 2024-SITE-C-WD01,2024-Q2,ORG-12345,SITE-C,Wales,Wood,Secondary,2024-10-21,1985.76,Imported
REC-1121-Q4 2024-SITE-C-FB01,2024-Q4,ORG-12345,SITE-C,Wales,Fibre-based composite,Primary,2024-04-07,1.6509200000000002,Supplied as goods
REC-1122-Q2 2024-SITE-B-GL01,2024-Q2,ORG-12345,SITE-B,Scotland,Glass,Secondary,2024-04-24,2.4380900000000003,Exported
REC-1123-Q4 2024-SITE-B-PL01,2024-Q4,ORG-12345,SITE-B,Scotland,Plastic,Secondary,2024-12-27,4.2879,Exported
REC-1124-2024-Q1-SITE-B-GL01,2024-Q1,ORG-12345,SITE-B,Scotland,Glass,Primary,2024-10-04,1810.14,Supplied as goods
REC-1125-2024-Q1-SITE-B-PC01,2024-Q1,ORG-12345,SITE-B,Scotland,Paper/card,Shipment,2024-05-17,4850.15,Imported
REC-1126-2024-Q1-SITE-D-FB01,2024-Q1,ORG-12345,SITE-D,Northern Ireland,Fibre-based composite,Secondary,2024-12-12,3.45552,Imported
REC-1127-2024-Q1-SITE-A-FB01,2024-Q1,ORG-12345,SITE-A,England,Fibre-based composite,Secondary,2024-02-26,3283.32,Exported
REC-1128-Q4 2024-SITE-A-PL02,2024-Q4,ORG-12345,SITE-A,England,Plastic,Secondary,2025-01-04,3.36052,Exported
REC-1129-2024-Q3-SITE-D-PL02,2024-Q3,ORG-12345,SITE-D,Northern Ireland,Plastic,Tertiary,2024-03-19,946.43,Exported
REC-1130-2024-Q1-SITE-D-PL02,2024-Q1,ORG-12345,SITE-D,Northern Ireland,Plastic,Secondary,2024-10-25,3.5831500000000003,Supplied as goods
REC-1131-2024-Q1-SITE-B-OT01,2024-Q1,ORG-12345,SITE-B,Scotland,Other,Tertiary,2024-11-16,2.46839,Exported
REC-1132-2024-Q1-SITE-A-GL01,2024-Q1,ORG-12345,SITE-A,England,Glass,Primary,2024-11-04,2263.8,Exported
REC-1133-2024-Q1-SITE-A-AL01,2024-Q1,ORG-12345,SITE-A,England,Aluminium,Tertiary,2024-09-30,484.71,Supplied as goods
REC-1134-2024-Q3-SITE-B-ST01,2024-Q3,ORG-12345,SITE-B,Scotland,Steel,Secondary,2024-10-06,0.8994400000000001,Exported
REC-1135-2024-Q3-SITE-C-ST01,2024-Q3,ORG-12345,SITE-C,Wales,Steel,Tertiary,2024-10-16,2252.36,Exported
REC-1136-2024-Q1-SITE-B-OT01,2024-Q1,ORG-12345,SITE-B,Scotland,Other,Primary,2024-03-27,0.5401,Exported
REC-1137-2024-Q3-SITE-E-ST01,2024-Q3,ORG-12345,SITE-E,England,Steel,Tertiary,2024-03-20,4.7892399999999995,Supplied as goods
REC-1138-Q4 2024-SITE-B-FB01,2024-Q4,ORG-12345,SITE-B,Scotland,Fibre-based composite,Primary,2024-02-26,1312.09,Exported
REC-1139-Q2 2024-SITE-E-ST01,2024-Q2,ORG-12345,SITE-E,England,Steel,Tertiary,2024-12-02,4.70399,Imported
REC-1140-Q2 2024-SITE-E-ST01,2024-Q2,ORG-12345,SITE-E,England,Steel,Tertiary,2024-04-02,3245.58,Exported
REC-1141-2024-Q3-SITE-A-PC01,2024-Q3,ORG-12345,SITE-A,England,Paper/card,Tertiary,2024-10-13,1.9257600000000001,Imported
REC-1142-2024-Q3-SITE-A-PL02,2024-Q3,ORG-12345,SITE-A,England,Plastic,Tertiary,2024-06-02,2063.57,Exported
REC-1143-Q2 2024-SITE-D-GL01,2024-Q2,ORG-12345,SITE-D,Northern Ireland,Glass,Tertiary,2024-03-08,1.40455,Supplied as goods
REC-1144-Q4 2024-SITE-E-PL02,2024-Q4,ORG-12345,SITE-E,England,Plastic,Primary,2024-10-11,3655.22,Exported
REC-1145-2024-Q1-SITE-E-PC01,2024-Q1,ORG-12345,SITE-E,England,Paper/card,Tertiary,2024-04-11,4333.72,Exported
REC-1146-Q2 2024-SITE-D-PC01,2024-Q2,ORG-12345,SITE-D,Northern Ireland,Paper/card,Tertiary,2024-01-19,944.33,Imported
REC-1147-2024-Q3-SITE-D-OT01,2024-Q3,ORG-12345,SITE-D,Northern Ireland,Other,Tertiary,2024-12-07,3.30494,Supplied as goods
REC-1148-Q2 2024-SITE-D-PC01,2024-Q2,ORG-12345,SITE-D,Northern Ireland,Paper/card,Tertiary,2024-07-14,3407.17,Supplied as goods
REC-1149-Q2 2024-SITE-E-WD01,2024-Q2,ORG-12345,SITE-E,England,Wood,Shipment,2024-12-05,1415.32,Imported
REC-1150-2024-Q1-SITE-A-PL02,2024-Q1,ORG-12345,SITE-A,England,Plastic,Secondary,2024-05-16,3.86436,Imported
REC-1151-Q4 2024-SITE-E-PL02,2024-Q4,ORG-12345,SITE-E,England,Plastic,Primary,2024-08-19,334.19,Exported
REC-1152-2024-Q1-SITE-D-OT01,2024-Q1,ORG-12345,SITE-D,Northern Ireland,Other,Tertiary,2024-04-21,2.4243,Supplied as goods
REC-1153-2024-Q1-SITE-B-PL01,2024-Q1,ORG-12345,SITE-B,Scotland,Plastic,Tertiary,2024-08-31,3527.83,Imported
REC-1154-2024-Q3-SITE-A-GL01,2024-Q3,ORG-12345,SITE-A,England,Glass,Tertiary,2024-10-04,4.5238000000000005,Exported
REC-1155-2024-Q1-SITE-C-PC01,2024-Q1,ORG-12345,SITE-C,Wales,Paper/card,Primary,2024-12-27,2.5027600000000003,Imported
REC-1156-2024-Q3-SITE-C-AL01,2024-Q3,ORG-12345,SITE-C,Wales,Aluminium,Tertiary,2024-06-13,4.26135,Exported
REC-1157-2024-Q3-SITE-B-ST01,2024-Q3,ORG-12345,SITE-B,Scotland,Steel,Primary,2024-10-04,3703.23,Supplied as goods
REC-1158-2024-Q1-SITE-C-PL01,2024-Q1,ORG-12345,SITE-C,Wales,Plastic,Secondary,2024-09-06,4.24934,Exported
REC-1159-Q4 2024-SITE-B-PC01,2024-Q4,ORG-12345,SITE-B,Scotland,Paper/card,Secondary,2024-01-19,580.46,Imported
REC-1160-2024-Q1-SITE-D-PL02,2024-Q1,ORG-12345,SITE-D,Northern Ireland,Plastic,Secondary,2024-01-18,1.0278399999999999,Imported
REC-1161-2024-Q3-SITE-D-GL01,2024-Q3,ORG-12345,SITE-D,Northern Ireland,Glass,Tertiary,2024-07-19,1288.17,Exported
REC-1162-Q4 2024-SITE-D-FB01,2024-Q4,ORG-12345,SITE-D,Northern Ireland,Fibre-based composite,Primary,2024-03-26,4.06714,Exported
REC-1163-Q2 2024-SITE-A-PC01,2024-Q2,ORG-12345,SITE-A,England,Paper/card,Tertiary,2024-02-04,0.07876000000000001,Imported
REC-1164-Q2 2024-SITE-B-GL01,2024-Q2,ORG-12345,SITE-B,Scotland,Glass,Secondary,2024-12-20,3.7324200000000003,Imported
REC-1165-2024-Q3-SITE-B-ST01,2024-Q3,ORG-12345,SITE-B,Scotland,Steel,Primary,2024-09-27,2470.89,Imported
REC-1166-Q2 2024-SITE-B-FB01,2024-Q2,ORG-12345,SITE-B,Scotland,Fibre-based composite,Primary,2024-09-27,4.79051,Supplied as goods
REC-1167-2024-Q1-SITE-D-PL01,2024-Q1,ORG-12345,SITE-D,Northern Ireland,Plastic,Tertiary,2024-09-16,1220.7,Exported
REC-1168-Q2 2024-SITE-B-ST01,2024-Q2,ORG-12345,SITE-B,Scotland,Steel,Secondary,2024-10-02,458.94,Imported
REC-1169-Q4 2024-SITE-B-GL01,2024-Q4,ORG-12345,SITE-B,Scotland,Glass,Primary,2024-09-13,3845.3,Imported
REC-1170-Q2 2024-SITE-B-PL02,2024-Q2,ORG-12345,SITE-B,Scotland,Plastic,Tertiary,2024-03-16,2.53655,Exported
REC-1171-Q4 2024-SITE-B-GL01,2024-Q4,ORG-12345,SITE-B,Scotland,Glass,Secondary,2024-11-25,1.4056199999999999,Supplied as goods
REC-1172-Q2 2024-SITE-B-AL01,2024-Q2,ORG-12345,SITE-B,Scotland,Aluminium,Primary,2024-08-20,1932.75,Supplied as goods
REC-1173-2024-Q1-SITE-C-WD01,2024-Q1,ORG-12345,SITE-C,Wales,Wood,Primary,2024-07-19,2.16401,Exported
REC-1174-Q2 2024-SITE-A-ST01,2024-Q2,ORG-12345,SITE-A,England,Steel,Secondary,2024-01-15,2119.47,Exported
REC-1175-2024-Q3-SITE-D-PL01,2024-Q3,ORG-12345,SITE-D,Northern Ireland,Plastic,Tertiary,2024-03-06,1642.12,Exported
REC-1176-2024-Q3-SITE-C-FB01,2024-Q3,ORG-12345,SITE-C,Wales,Fibre-based composite,Primary,2024-03-04,4744.22,Imported
REC-1177-2024-Q3-SITE-C-PL01,2024-Q3,ORG-12345,SITE-C,Wales,Plastic,Tertiary,2024-07-18,3.8638000000000003,Exported
REC-1178-Q4 2024-SITE-B-OT01,2024-Q4,ORG-12345,SITE-B,Scotland,Other,Shipment,2024-03-09,1229.35,Imported
REC-1179-Q2 2024-SITE-E-GL01,2024-Q2,ORG-12345,SITE-E,England,Glass,Tertiary,2025-01-09,3.02908,Exported
REC-1180-Q4 2024-SITE-C-WD01,2024-Q4,ORG-12345,SITE-C,Wales,Wood,Primary,2024-10-14,4712.0,Supplied as goods
REC-1181-2024-Q3-SITE-E-GL01,2024-Q3,ORG-12345,SITE-E,England,Glass,Primary,2024-08-31,998.95,Supplied as goods
REC-1182-2024-Q3-SITE-B-PL02,2024-Q3,ORG-12345,SITE-B,Scotland,Plastic,Secondary,2024-03-21,2.43996,Supplied as goods
REC-1183-Q4 2024-SITE-D-ST01,2024-Q4,ORG-12345,SITE-D,Northern Ireland,Steel,Primary,2024-10-13,0.35093,Exported
REC-1184-Q4 2024-SITE-E-OT01,2024-Q4,ORG-12345,SITE-E,England,Other,Primary,2024-11-20,2216.84,Supplied as goods
REC-1185-2024-Q1-SITE-E-ST01,2024-Q1,ORG-12345,SITE-E,England,Steel,Primary,2024-09-04,0.06781999999999999,Supplied as goods
REC-1186-2024-Q3-SITE-B-OT01,2024-Q3,ORG-12345,SITE-B,Scotland,Other,Tertiary,2024-05-31,2649.11,Exported
REC-1187-2024-Q1-SITE-C-OT01,2024-Q1,ORG-12345,SITE-C,Wales,Other,Primary,2024-03-30,1.15845,Supplied as goods
REC-1188-Q2 2024-SITE-B-ST01,2024-Q2,ORG-12345,SITE-B,Scotland,Steel,Primary,2024-03-14,4.3732500000000005,Imported
REC-1189-2024-Q1-SITE-C-PL01,2024-Q1,ORG-12345,SITE-C,Wales,Plastic,Tertiary,2024-10-22,3181.78,Imported
REC-1190-2024-Q1-SITE-C-ST01,2024-Q1,ORG-12345,SITE-C,Wales,Steel,Tertiary,2024-01-20,2071.3,Supplied as goods
REC-1191-2024-Q1-SITE-C-PC01,2024-Q1,ORG-12345,SITE-C,Wales,Paper/card,Primary,2024-12-16,4.82788,Exported
REC-1192-Q2 2024-SITE-E-PL02,2024-Q2,ORG-12345,SITE-E,England,Plastic,Tertiary,2024-05-06,3456.17,Exported
REC-1193-Q4 2024-SITE-B-PC01,2024-Q4,ORG-12345,SITE-B,Scotland,Paper/card,Secondary,2024-08-24,2929.24,Supplied as goods
REC-1194-Q2 2024-SITE-D-PC01,2024-Q2,ORG-12345,SITE-D,Northern Ireland,Paper/card,Primary,2024-04-20,0.51377,Imported
REC-1195-Q2 2024-SITE-C-WD01,2024-Q2,ORG-12345,SITE-C,Wales,Wood,Tertiary,2024-08-03,3.25544,Supplied as goods
REC-1196-Q4 2024-SITE-D-AL01,2024-Q4,ORG-12345,SITE-D,Northern Ireland,Aluminium,Primary,2024-10-10,0.40664,Supplied as goods
REC-1197-2024-Q1-SITE-D-GL01,2024-Q1,ORG-12345,SITE-D,Northern Ireland,Glass,Tertiary,2024-01-21,3036.3,Supplied as goods
REC-1198-2024-Q1-SITE-B-PL01,2024-Q1,ORG-12345,SITE-B,Scotland,Plastic,Primary,2024-03-09,3862.08,Supplied as goods
REC-1199-Q2 2024-SITE-B-OT01,2024-Q2,ORG-12345,SITE-B,Scotland,Other,Tertiary,2024-10-29,4.27097,Imported
REC-1200-Q2 2024-SITE-B-WD01,2024-Q2,ORG-12345,SITE-B,Scotland,Wood,Tertiary,2024-10-19,1571.56,Supplied as goods
REC-1201-2024Q2-SITE-A-ST01,2024-Q2,ORG-12345,SITE-A,England,Steel,Tertiary,2024-10-02,0.65922,Exported
REC-1202-Q4 2024-SITE-B-FB01,2024-Q4,ORG-12345,SITE-B,Scotland,Fibre-based composite,Primary,2024-03-30,4.56523,Supplied as goods
REC-1203-Q4 2024-SITE-A-PC01,2024-Q4,ORG-12345,SITE-A,England,Paper/card,Primary,2024-03-11,1168.13,Imported
REC-1204-2024-Q3-SITE-A-AL01,2024-Q3,ORG-12345,SITE-A,England,Aluminium,Primary,2024-02-06,1818.67,Imported
REC-1205-Q2 2024-SITE-D-GL01,2024-Q2,ORG-12345,SITE-D,Northern Ireland,Glass,Primary,2024-12-31,2.6758800000000003,Imported
REC-1206-Q4 2024-SITE-C-ST01,2024-Q4,ORG-12345,SITE-C,Wales,Steel,Shipment,2024-07-21,1.77451,Imported
REC-1207-Q2 2024-SITE-B-ST01,2024-Q2,ORG-12345,SITE-B,Scotland,Steel,Tertiary,2024-03-15,4.00348,Exported
REC-1208-2024-Q1-SITE-A-FB01,2024-Q1,ORG-12345,SITE-A,England,Fibre-based composite,Secondary,2024-08-20,3994.41,Exported
REC-1210-2024-Q3-SITE-E-WD01,2024-Q3,ORG-12345,SITE-E,England,Wood,Secondary,2024-12-14,3482.43,Imported
REC-1212-Q2 2024-SITE-A-FB01,2024-Q2,ORG-12345,SITE-A,England,Fibre-based composite,Shipment,2024-01-16,3.89413,Exported
REC-1213-2024-Q1-SITE-B-AL01,2024-Q1,ORG-12345,SITE-B,Scotland,Aluminium,Tertiary,2024-07-11,,Supplied as goods
REC-1214-Q4 2024-SITE-E-PC01,2024-Q4,ORG-12345,SITE-E,England,Paper/card,Tertiary,2024-05-01,1.50875,Supplied as goods
REC-1215-2024-Q1-SITE-D-UNKNOWN,2024-Q1,ORG-12345,SITE-D,Northern Ireland,,Primary,2024-08-19,0.73212,Exported
REC-1216-Q2 2024-SITE-D-PC01,2024-Q2,ORG-12345,SITE-D,Northern Ireland,Paper/card,Primary,2024-03-30,0.57475,Exported
REC-1217-Q4 2024-SITE-Z-PC01,2024-Q4,ORG-12345,SITE-Z,,Paper/card,Primary,2024-04-17,1.26298,Supplied as goods
REC-1218-Q4 2024-SITE-D-WD01,2024-Q4,ORG-12345,SITE-D,Northern Ireland,Wood,Tertiary,2024-07-05,3753.13,Supplied as goods
REC-1219-Q2 2024-SITE-A-WD01,2024-Q2,ORG-12345,SITE-A,England,Wood,Tertiary,2024-12-08,3491.47,Exported
REC-1220-Q4 2024-SITE-D-PL01,2024-Q4,ORG-12345,SITE-D,Northern Ireland,Plastic,Shipment,2024-09-03,2.54131,Supplied as goods
REC-1221-Q4 2024-SITE-B-OT01,2024-Q4,ORG-12345,SITE-B,Scotland,Other,Tertiary,2024-06-02,4599.79,Imported
REC-1222-Q4 2024-SITE-B-PL02,2024-Q4,ORG-12345,SITE-B,Scotland,Plastic,Shipment,2024-02-12,4.89074,Imported
REC-1223-Q4 2024-SITE-D-AL01,2024-Q4,ORG-12345,SITE-D,Northern Ireland,Aluminium,Secondary,2024-12-14,4.1213999999999995,Supplied as goods
REC-1224-Q2 2024-SITE-D-FB01,2024-Q2,ORG-12345,SITE-D,Northern Ireland,Fibre-based composite,Tertiary,2024-03-10,865.88,Imported
REC-1225-Q2 2024-SITE-A-PL02,2024-Q2,ORG-12345,SITE-A,England,Plastic,Primary,2024-04-07,3035.79,Imported
REC-1226-Q2 2024-SITE-C-OT01,2024-Q2,ORG-12345,SITE-C,Wales,Other,Primary,2024-04-27,1.09895,Supplied as goods
REC-1227-Q4 2024-SITE-E-PL01,2024-Q4,ORG-12345,SITE-E,England,Plastic,Primary,2024-02-08,0.47094,Imported
REC-1228-Q4 2024-SITE-C-PC01,2024-Q4,ORG-12345,SITE-C,Wales,Paper/card,Primary,2024-04-23,91.97,Imported
REC-1229-2024-Q3-SITE-A-PC01,2024-Q3,ORG-12345,SITE-A,England,Paper/card,Tertiary,2024-09-28,3.64216,Imported
REC-1230-2024-Q1-SITE-D-PL02,2024-Q1,ORG-12345,SITE-D,Northern Ireland,Plastic,Shipment,2024-04-06,167.24,Supplied as goods
REC-1231-Q2 2024-SITE-B-GL01,2024-Q2,ORG-12345,SITE-B,Scotland,Glass,Tertiary,2024-12-14,0.43983,Imported
REC-1232-Q2 2024-SITE-D-GL01,2024-Q2,ORG-12345,SITE-D,Northern Ireland,Glass,Tertiary,2024-06-11,847.18,Exported
REC-1233-Q2 2024-SITE-B-PC01,2024-Q2,ORG-12345,SITE-B,Scotland,Paper/card,Shipment,2024-11-20,248.06,Imported
REC-1234-2024-Q1-SITE-A-PL02,2024-Q1,ORG-12345,SITE-A,England,Plastic,Primary,2024-06-21,3157.56,Exported
REC-1235-Q2 2024-SITE-C-OT01,2024-Q2,ORG-12345,SITE-C,Wales,Other,Tertiary,2024-04-06,2519.62,Supplied as goods
REC-1236-Q2 2024-SITE-A-PL02,2024-Q2,ORG-12345,SITE-A,England,Plastic,Secondary,2024-09-06,1.84847,Exported
REC-1237-2024-Q1-SITE-B-ST01,2024-Q1,ORG-12345,SITE-B,Scotland,Steel,Secondary,2024-09-20,3827.57,Imported
REC-1238-2024-Q3-SITE-D-PL01,2024-Q3,ORG-12345,SITE-D,Northern Ireland,Plastic,Secondary,2024-11-29,2.03465,Imported
REC-1239-2024-Q1-SITE-C-PC01,2024-Q1,ORG-12345,SITE-C,Wales,Paper/card,Secondary,2024-12-09,3426.89,Supplied as goods
REC-1240-2024-Q1-SITE-B-PL01,2024-Q1,ORG-12345,SITE-B,Scotland,Plastic,Tertiary,2024-07-25,3.51374,Supplied as goods
REC-1241-Q4 2024-SITE-D-GL01,2024-Q4,ORG-12345,SITE-D,Northern Ireland,Glass,Shipment,2024-03-02,4.27645,Imported
REC-1242-2024-Q1-SITE-A-PC01,2024-Q1,ORG-12345,SITE-A,England,Paper/card,Secondary,2024-03-10,3230.3,Imported
REC-1243-2024-Q3-SITE-A-FB01,2024-Q3,ORG-12345,SITE-A,England,Fibre-based composite,Tertiary,2024-11-19,1037.38,Imported
REC-1244-Q4 2024-SITE-C-WD01,2024-Q4,ORG-12345,SITE-C,Wales,Wood,Primary,2024-10-20,3.71936,Exported
REC-1245-2024-Q1-SITE-E-GL01,2024-Q1,ORG-12345,SITE-E,England,Glass,Secondary,2024-07-27,3219.07,Supplied as goods
REC-1246-2024-Q1-SITE-B-PL01,2024-Q1,ORG-12345,SITE-B,Scotland,Plastic,Tertiary,2024-01-26,3958.32,Imported
REC-1247-2024-Q1-SITE-B-FB01,2024-Q1,ORG-12345,SITE-B,Scotland,Fibre-based composite,Secondary,2024-08-09,3.19665,Imported
REC-1248-Q2 2024-SITE-E-PL02,2024-Q2,ORG-12345,SITE-E,England,Plastic,Secondary,2024-05-26,2284.53,Exported
REC-1249-2024-Q3-SITE-C-GL01,2024-Q3,ORG-12345,SITE-C,Wales,Glass,Tertiary,2024-04-25,507.58,Supplied as goods
REC-1250-2024-Q3-SITE-D-PC01,2024-Q3,ORG-12345,SITE-D,Northern Ireland,Paper/card,Secondary,2024-11-02,2.40372,Imported
REC-1251-Q2 2024-SITE-A-FB01,2024-Q2,ORG-12345,SITE-A,England,Fibre-based composite,Tertiary,2024-12-20,2.8265000000000002,Supplied as goods
REC-1252-2024-Q3-SITE-D-PC01,2024-Q3,ORG-12345,SITE-D,Northern Ireland,Paper/card,Primary,2024-12-25,4.48768,Supplied as goods
REC-1253-Q4 2024-SITE-B-FB01,2024-Q4,ORG-12345,SITE-B,Scotland,Fibre-based composite,Secondary,2024-11-06,3625.32,Exported
REC-1254-Q2 2024-SITE-D-PL02,2024-Q2,ORG-12345,SITE-D,Northern Ireland,Plastic,Primary,2024-07-26,3.74125,Supplied as goods
REC-1255-2024-Q3-SITE-C-AL01,2024-Q3,ORG-12345,SITE-C,Wales,Aluminium,Secondary,2024-06-17,4.764270000000001,Supplied as goods
REC-1256-Q4 2024-SITE-D-ST01,2024-Q4,ORG-12345,SITE-D,Northern Ireland,Steel,Shipment,2024-07-13,3511.62,Supplied as goods
REC-1257-Q2 2024-SITE-A-OT01,2024-Q2,ORG-12345,SITE-A,England,Other,Secondary,2024-08-21,4871.65,Exported
REC-1258-2024-Q3-SITE-D-PC01,2024-Q3,ORG-12345,SITE-D,Northern Ireland,Paper/card,Primary,2025-01-01,2994.71,Exported
REC-1259-2024-Q1-SITE-A-FB01,2024-Q1,ORG-12345,SITE-A,England,Fibre-based composite,Tertiary,2024-12-12,3.52536,Imported
REC-1260-2024-Q1-SITE-D-PL01,2024-Q1,ORG-12345,SITE-D,Northern Ireland,Plastic,Shipment,2024-06-11,0.5631900000000001,Imported
REC-1261-Q2 2024-SITE-A-FB01,2024-Q2,ORG-12345,SITE-A,England,Fibre-based composite,Primary,2024-03-18,3895.56,Supplied as goods
REC-1262-2024-Q3-SITE-A-PC01,2024-Q3,ORG-12345,SITE-A,England,Paper/card,Tertiary,2024-09-30,2094.03,Imported
REC-1263-2024-Q1-SITE-B-ST01,2024-Q1,ORG-12345,SITE-B,Scotland,Steel,Secondary,2024-01-31,1359.27,Exported
REC-1264-Q2 2024-SITE-C-PL01,2024-Q2,ORG-12345,SITE-C,Wales,Plastic,Primary,2024-08-22,3963.03,Supplied as goods
REC-1265-Q4 2024-SITE-A-AL01,2024-Q4,ORG-12345,SITE-A,England,Aluminium,Shipment,2024-12-05,1003.67,Imported
REC-1266-Q2 2024-SITE-E-FB01,2024-Q2,ORG-12345,SITE-E,England,Fibre-based composite,Tertiary,2024-05-12,2045.44,Supplied as goods
REC-1267-Q2 2024-SITE-C-PL02,2024-Q2,ORG-12345,SITE-C,Wales,Plastic,Tertiary,2024-04-28,2546.07,Supplied as goods
REC-1268-2024-Q1-SITE-A-PL02,2024-Q1,ORG-12345,SITE-A,England,Plastic,Primary,2024-07-28,2.21523,Supplied as goods
REC-1269-Q2 2024-SITE-C-PL01,2024-Q2,ORG-12345,SITE-C,Wales,Plastic,Tertiary,2024-12-14,696.21,Exported
REC-1270-2024-Q3-SITE-D-AL01,2024-Q3,ORG-12345,SITE-D,Northern Ireland,Aluminium,Secondary,2024-02-10,2.70032,Supplied as goods
REC-1271-Q4 2024-SITE-A-ST01,2024-Q4,ORG-12345,SITE-A,England,Steel,Primary,2024-03-17,3.1558200000000003,Supplied as goods
REC-1272-2024-Q1-SITE-A-PL02,2024-Q1,ORG-12345,SITE-A,England,Plastic,Primary,2024-07-18,1.34687,Imported
REC-1273-2024-Q1-SITE-D-AL01,2024-Q1,ORG-12345,SITE-D,Northern Ireland,Aluminium,Secondary,2024-11-30,2.48063,Supplied as goods
REC-1274-Q2 2024-SITE-D-PL02,2024-Q2,ORG-12345,SITE-D,Northern Ireland,Plastic,Primary,2024-06-15,2128.54,Exported
REC-1275-2024-Q3-SITE-A-PL01,2024-Q3,ORG-12345,SITE-A,England,Plastic,Primary,2024-09-18,2.8581,Exported
REC-1276-Q2 2024-SITE-A-OT01,2024-Q2,ORG-12345,SITE-A,England,Other,Primary,2024-01-30,2632.66,Supplied as goods
REC-1277-2024-Q3-SITE-B-OT01,2024-Q3,ORG-12345,SITE-B,Scotland,Other,Primary,2024-05-05,2.5831399999999998,Exported
REC-1278-2024-Q3-SITE-C-PL01,2024-Q3,ORG-12345,SITE-C,Wales,Plastic,Secondary,2024-04-26,1.13782,Supplied as goods
REC-1279-Q4 2024-SITE-D-PL02,2024-Q4,ORG-12345,SITE-D,Northern Ireland,Plastic,Secondary,2024-10-03,2779.91,Exported
REC-1280-2024-Q1-SITE-D-FB01,2024-Q1,ORG-12345,SITE-D,Northern Ireland,Fibre-based composite,Primary,2024-11-10,906.15,Imported
REC-1281-Q4 2024-SITE-D-ST01,2024-Q4,ORG-12345,SITE-D,Northern Ireland,Steel,Primary,2024-11-15,4771.12,Supplied as goods
REC-1282-Q2 2024-SITE-D-ST01,2024-Q2,ORG-12345,SITE-D,Northern Ireland,Steel,Tertiary,2024-07-13,3133.41,Imported
REC-1283-2024-Q3-SITE-E-PC01,2024-Q3,ORG-12345,SITE-E,England,Paper/card,Tertiary,2024-08-11,2.27455,Supplied as goods
REC-1284-2024-Q1-SITE-D-ST01,2024-Q1,ORG-12345,SITE-D,Northern Ireland,Steel,Shipment,2024-04-16,4754.37,Exported
REC-1285-2024-Q3-SITE-B-PC01,2024-Q3,ORG-12345,SITE-B,Scotland,Paper/card,Secondary,2024-03-29,1.82084,Supplied as goods
REC-1286-Q2 2024-SITE-C-PC01,2024-Q2,ORG-12345,SITE-C,Wales,Paper/card,Primary,2024-10-31,1.62702,Supplied as goods
REC-1287-Q2 2024-SITE-E-PC01,2024-Q2,ORG-12345,SITE-E,England,Paper/card,Primary,2024-05-05,377.86,Exported
REC-1288-Q4 2024-SITE-E-PL02,2024-Q4,ORG-12345,SITE-E,England,Plastic,Shipment,2024-08-24,3.5955100000000004,Imported
REC-1289-Q4 2024-SITE-D-PC01,2024-Q4,ORG-12345,SITE-D,Northern Ireland,Paper/card,Tertiary,2024-06-03,1.03084,Imported
REC-1290-Q4 2024-SITE-E-FB01,2024-Q4,ORG-12345,SITE-E,England,Fibre-based composite,Primary,2024-11-05,2291.29,Supplied as goods
REC-1291-2024-Q3-SITE-D-PL01,2024-Q3,ORG-12345,SITE-D,Northern Ireland,Plastic,Secondary,2024-08-08,3.2361500000000003,Supplied as goods
REC-1292-Q4 2024-SITE-A-PL01,2024-Q4,ORG-12345,SITE-A,England,Plastic,Shipment,2024-08-14,0.24365,Exported
REC-1293-2024-Q3-SITE-A-ST01,2024-Q3,ORG-12345,SITE-A,England,Steel,Secondary,2024-11-23,3780.78,Imported
REC-1294-2024-Q1-SITE-D-PL01,2024-Q1,ORG-12345,SITE-D,Northern Ireland,Plastic,Secondary,2024-11-26,3497.46,Imported
REC-1295-2024-Q1-SITE-B-PL02,2024-Q1,ORG-12345,SITE-B,Scotland,Plastic,Primary,2025-01-01,0.28678,Supplied as goods
REC-1296-2024-Q1-SITE-E-FB01,2024-Q1,ORG-12345,SITE-E,England,Fibre-based composite,Primary,2024-02-10,485.68,Supplied as goods
REC-1297-2024-Q3-SITE-A-ST01,2024-Q3,ORG-12345,SITE-A,England,Steel,Tertiary,2025-01-01,598.48,Supplied as goods
REC-1298-Q4 2024-SITE-E-FB01,2024-Q4,ORG-12345,SITE-E,England,Fibre-based composite,Secondary,2024-03-19,0.89318,Exported
REC-1299-2024-Q1-SITE-D-PC01,2024-Q1,ORG-12345,SITE-D,Northern Ireland,Paper/card,Tertiary,2024-10-11,3777.52,Supplied as goods
REC-1300-Q4 2024-SITE-C-AL01,2024-Q4,ORG-12345,SITE-C,Wales,Aluminium,Shipment,2024-03-02,3323.28,Imported
REC-1301-2024Q2-SITE-E-ST01,2024-Q2,ORG-12345,SITE-E,England,Steel,Tertiary,2024-12-11,3571.34,Imported
REC-1302-Q2 2024-SITE-A-AL01,2024-Q2,ORG-12345,SITE-A,England,Aluminium,Tertiary,2024-12-23,421.96,Supplied as goods
REC-1303-Q2 2024-SITE-C-AL01,2024-Q2,ORG-12345,SITE-C,Wales,Aluminium,Primary,2024-10-11,0.9801900000000001,Imported
REC-1304-Q2 2024-SITE-D-OT01,2024-Q2,ORG-12345,SITE-D,Northern Ireland,Other,Tertiary,2024-03-09,3814.42,Imported
REC-1305-Q2 2024-SITE-E-GL01,2024-Q2,ORG-12345,SITE-E,England,Glass,Primary,2024-04-20,1.9586,Imported
REC-1306-2024-Q1-SITE-E-PL02,2024-Q1,ORG-12345,SITE-E,England,Plastic,Secondary,2024-09-07,862.77,Imported
REC-1307-2024-Q3-SITE-B-PL02,2024-Q3,ORG-12345,SITE-B,Scotland,Plastic,Tertiary,2024-03-15,1240.78,Supplied as goods
REC-1308-Q4 2024-SITE-C-OT01,2024-Q4,ORG-12345,SITE-C,Wales,Other,Secondary,2024-04-01,1.3646099999999999,Imported
REC-1310-2024-Q3-SITE-B-PL01,2024-Q3,ORG-12345,SITE-B,Scotland,Plastic,Tertiary,2024-08-08,3673.41,Imported
REC-1312-2024-Q1-SITE-A-PL01,2024-Q1,ORG-12345,SITE-A,England,Plastic,Tertiary,2024-11-04,4.79691,Supplied as goods
REC-1313-Q4 2024-SITE-B-ST01,2024-Q4,ORG-12345,SITE-B,Scotland,Steel,Primary,2024-08-03,,Supplied as goods
REC-1314-Q2 2024-SITE-D-PL02,2024-Q2,ORG-12345,SITE-D,Northern Ireland,Plastic,Primary,2024-04-28,4129.14,Exported
REC-1315-2024-Q1-SITE-A-UNKNOWN,2024-Q1,ORG-12345,SITE-A,England,,Tertiary,2024-09-28,3543.97,Imported
REC-1316-2024-Q3-SITE-B-WD01,2024-Q3,ORG-12345,SITE-B,Scotland,Wood,Tertiary,2024-02-19,4.2701899999999995,Imported
REC-1317-Q4 2024-SITE-Z-GL01,2024-Q4,ORG-12345,SITE-Z,,Glass,Primary,2024-07-04,4.5043500000000005,Imported
REC-1318-2024-Q3-SITE-A-PL01,2024-Q3,ORG-12345,SITE-A,England,Plastic,Primary,2024-11-08,4.4122200000000005,Imported
REC-1319-2024-Q3-SITE-A-PL01,2024-Q3,ORG-12345,SITE-A,England,Plastic,Secondary,2024-10-09,2.3892100000000003,Supplied as goods
REC-1320-2024-Q3-SITE-C-OT01,2024-Q3,ORG-12345,SITE-C,Wales,Other,Primary,2024-09-22,3.88752,Supplied as goods
REC-1321-Q4 2024-SITE-C-PC01,2024-Q4,ORG-12345,SITE-C,Wales,Paper/card,Shipment,2024-07-13,3333.87,Imported
REC-1322-2024-Q3-SITE-A-ST01,2024-Q3,ORG-12345,SITE-A,England,Steel,Tertiary,2024-10-06,4462.29,Imported
REC-1323-Q4 2024-SITE-C-PL01,2024-Q4,ORG-12345,SITE-C,Wales,Plastic,Primary,2024-05-19,4.2885100000000005,Imported
REC-1324-2024-Q1-SITE-D-FB01,2024-Q1,ORG-12345,SITE-D,Northern Ireland,Fibre-based composite,Secondary,2024-11-30,3.73461,Supplied as goods
REC-1325-Q4 2024-SITE-C-OT01,2024-Q4,ORG-12345,SITE-C,Wales,Other,Secondary,2024-08-15,916.01,Exported
REC-1326-2024-Q1-SITE-E-ST01,2024-Q1,ORG-12345,SITE-E,England,Steel,Secondary,2024-09-03,253.44,Supplied as goods
REC-1327-Q4 2024-SITE-B-PC01,2024-Q4,ORG-12345,SITE-B,Scotland,Paper/card,Secondary,2024-03-31,4848.88,Supplied as goods
REC-1328-Q4 2024-SITE-C-OT01,2024-Q4,ORG-12345,SITE-C,Wales,Other,Secondary,2024-02-17,2.8128,Exported
REC-1329-2024-Q1-SITE-E-ST01,2024-Q1,ORG-12345,SITE-E,England,Steel,Primary,2024-09-21,252.72,Imported
REC-1330-2024-Q3-SITE-A-ST01,2024-Q3,ORG-12345,SITE-A,England,Steel,Primary,2024-07-12,1.79366,Imported
REC-1331-2024-Q3-SITE-A-ST01,2024-Q3,ORG-12345,SITE-A,England,Steel,Tertiary,2024-04-24,3.34336,Exported
REC-1332-2024-Q3-SITE-D-FB01,2024-Q3,ORG-12345,SITE-D,Northern Ireland,Fibre-based composite,Shipment,2024-12-27,1.48947,Supplied as goods
REC-1333-2024-Q3-SITE-C-FB01,2024-Q3,ORG-12345,SITE-C,Wales,Fibre-based composite,Secondary,2024-06-22,4.836189999999999,Imported
REC-1334-Q2 2024-SITE-E-GL01,2024-Q2,ORG-12345,SITE-E,England,Glass,Shipment,2024-04-26,3410.67,Imported
REC-1335-2024-Q1-SITE-C-ST01,2024-Q1,ORG-12345,SITE-C,Wales,Steel,Primary,2024-10-31,2793.7,Imported
REC-1336-Q2 2024-SITE-A-WD01,2024-Q2,ORG-12345,SITE-A,England,Wood,Shipment,2024-08-28,1911.03,Supplied as goods
REC-1337-Q4 2024-SITE-C-PC01,2024-Q4,ORG-12345,SITE-C,Wales,Paper/card,Shipment,2024-08-17,3577.36,Exported
REC-1338-2024-Q1-SITE-D-FB01,2024-Q1,ORG-12345,SITE-D,Northern Ireland,Fibre-based composite,Secondary,2024-11-24,4.56716,Supplied as goods
REC-1339-2024-Q3-SITE-B-ST01,2024-Q3,ORG-12345,SITE-B,Scotland,Steel,Tertiary,2024-08-03,2922.6,Supplied as goods
REC-1340-2024-Q1-SITE-A-GL01,2024-Q1,ORG-12345,SITE-A,England,Glass,Secondary,2024-06-01,79.47,Exported
REC-1341-Q4 2024-SITE-E-PL02,2024-Q4,ORG-12345,SITE-E,England,Plastic,Secondary,2024-07-02,532.13,Exported
REC-1342-Q2 2024-SITE-B-PL01,2024-Q2,ORG-12345,SITE-B,Scotland,Plastic,Primary,2024-09-24,2.9438600000000004,Exported
REC-1343-2024-Q3-SITE-C-GL01,2024-Q3,ORG-12345,SITE-C,Wales,Glass,Primary,2024-01-18,3.2163600000000003,Exported
REC-1344-Q2 2024-SITE-A-WD01,2024-Q2,ORG-12345,SITE-A,England,Wood,Shipment,2024-03-16,1.04346,Exported
REC-1345-Q4 2024-SITE-A-OT01,2024-Q4,ORG-12345,SITE-A,England,Other,Primary,2024-02-12,1061.25,Supplied as goods
REC-1346-2024-Q3-SITE-B-PL02,2024-Q3,ORG-12345,SITE-B,Scotland,Plastic,Secondary,2024-12-28,2.44441,Imported
REC-1347-2024-Q1-SITE-B-WD01,2024-Q1,ORG-12345,SITE-B,Scotland,Wood,Tertiary,2024-03-27,3104.93,Exported
REC-1348-Q4 2024-SITE-D-AL01,2024-Q4,ORG-12345,SITE-D,Northern Ireland,Aluminium,Primary,2024-06-11,3.72124,Exported
REC-1349-Q4 2024-SITE-D-PL02,2024-Q4,ORG-12345,SITE-D,Northern Ireland,Plastic,Shipment,2024-03-09,1868.33,Imported
REC-1350-2024-Q1-SITE-D-WD01,2024-Q1,ORG-12345,SITE-D,Northern Ireland,Wood,Secondary,2024-08-01,783.42,Imported
REC-1351-2024-Q3-SITE-A-PL01,2024-Q3,ORG-12345,SITE-A,England,Plastic,Shipment,2024-09-10,218.71,Imported
REC-1352-Q2 2024-SITE-E-WD01,2024-Q2,ORG-12345,SITE-E,England,Wood,Secondary,2024-10-09,4909.68,Supplied as goods
REC-1353-2024-Q3-SITE-C-FB01,2024-Q3,ORG-12345,SITE-C,Wales,Fibre-based composite,Shipment,2024-03-26,0.91376,Supplied as goods
REC-1354-Q4 2024-SITE-A-ST01,2024-Q4,ORG-12345,SITE-A,England,Steel,Tertiary,2024-09-12,1549.5,Exported
REC-1355-2024-Q3-SITE-B-GL01,2024-Q3,ORG-12345,SITE-B,Scotland,Glass,Shipment,2024-11-07,4640.69,Exported
REC-1356-2024-Q1-SITE-A-PC01,2024-Q1,ORG-12345,SITE-A,England,Paper/card,Shipment,2024-04-05,4.15794,Exported
REC-1357-Q2 2024-SITE-C-AL01,2024-Q2,ORG-12345,SITE-C,Wales,Aluminium,Primary,2024-05-15,575.79,Exported
REC-1358-2024-Q1-SITE-A-PL02,2024-Q1,ORG-12345,SITE-A,England,Plastic,Primary,2024-05-22,4467.74,Exported
REC-1359-2024-Q1-SITE-E-PL02,2024-Q1,ORG-12345,SITE-E,England,Plastic,Primary,2024-06-27,410.76,Exported
REC-1360-2024-Q3-SITE-B-PL02,2024-Q3,ORG-12345,SITE-B,Scotland,Plastic,Tertiary,2024-08-26,1.91926,Imported
REC-1361-Q2 2024-SITE-E-ST01,2024-Q2,ORG-12345,SITE-E,England,Steel,Primary,2024-11-08,3723.66,Supplied as goods
REC-1362-2024-Q1-SITE-B-PL01,2024-Q1,ORG-12345,SITE-B,Scotland,Plastic,Tertiary,2024-08-10,0.52622,Exported
REC-1363-Q2 2024-SITE-B-OT01,2024-Q2,ORG-12345,SITE-B,Scotland,Other,Tertiary,2024-09-13,1736.52,Supplied as goods
REC-1364-Q4 2024-SITE-A-OT01,2024-Q4,ORG-12345,SITE-A,England,Other,Secondary,2024-11-30,3.1114699999999997,Imported
REC-1365-2024-Q3-SITE-E-FB01,2024-Q3,ORG-12345,SITE-E,England,Fibre-based composite,Tertiary,2024-03-15,2.8673,Supplied as goods
REC-1366-Q2 2024-SITE-A-WD01,2024-Q2,ORG-12345,SITE-A,England,Wood,Primary,2024-05-22,3027.37,Supplied as goods
REC-1367-2024-Q1-SITE-C-FB01,2024-Q1,ORG-12345,SITE-C,Wales,Fibre-based composite,Tertiary,2024-11-04,0.38637,Imported
REC-1368-2024-Q1-SITE-D-AL01,2024-Q1,ORG-12345,SITE-D,Northern Ireland,Aluminium,Tertiary,2025-01-06,4662.45,Exported
REC-1369-2024-Q1-SITE-A-PL02,2024-Q1,ORG-12345,SITE-A,England,Plastic,Shipment,2024-08-17,4687.79,Imported
REC-1370-Q2 2024-SITE-B-ST01,2024-Q2,ORG-12345,SITE-B,Scotland,Steel,Primary,2024-07-01,4.44574,Imported
REC-1371-2024-Q1-SITE-C-PL01,2024-Q1,ORG-12345,SITE-C,Wales,Plastic,Primary,2024-11-16,0.41091000000000005,Imported
REC-1372-2024-Q1-SITE-A-PL02,2024-Q1,ORG-12345,SITE-A,England,Plastic,Shipment,2024-09-25,4735.67,Imported
REC-1373-Q2 2024-SITE-C-OT01,2024-Q2,ORG-12345,SITE-C,Wales,Other,Primary,2024-02-12,1783.78,Exported
REC-1374-Q4 2024-SITE-A-PL01,2024-Q4,ORG-12345,SITE-A,England,Plastic,Tertiary,2024-07-31,2694.22,Supplied as goods
REC-1375-Q2 2024-SITE-E-FB01,2024-Q2,ORG-12345,SITE-E,England,Fibre-based composite,Tertiary,2024-08-26,2177.11,Supplied as goods
REC-1376-2024-Q1-SITE-D-PL02,2024-Q1,ORG-12345,SITE-D,Northern Ireland,Plastic,Shipment,2024-05-12,1791.36,Imported
REC-1377-Q2 2024-SITE-A-PL02,2024-Q2,ORG-12345,SITE-A,England,Plastic,Shipment,2024-02-23,1.17427,Supplied as goods
REC-1378-2024-Q3-SITE-C-PL01,2024-Q3,ORG-12345,SITE-C,Wales,Plastic,Primary,2024-12-15,0.9439400000000001,Imported
REC-1379-2024-Q1-SITE-A-AL01,2024-Q1,ORG-12345,SITE-A,England,Aluminium,Secondary,2024-05-22,3050.31,Supplied as goods
REC-1380-Q4 2024-SITE-B-OT01,2024-Q4,ORG-12345,SITE-B,Scotland,Other,Primary,2024-06-17,3541.01,Imported
REC-1381-2024-Q3-SITE-E-PC01,2024-Q3,ORG-12345,SITE-E,England,Paper/card,Tertiary,2025-01-06,1.49878,Exported
REC-1382-Q4 2024-SITE-E-OT01,2024-Q4,ORG-12345,SITE-E,England,Other,Shipment,2024-02-24,317.29,Supplied as goods
REC-1383-2024-Q3-SITE-A-AL01,2024-Q3,ORG-12345,SITE-A,England,Aluminium,Primary,2024-03-27,1.1911500000000002,Exported
REC-1384-2024-Q1-SITE-A-PL01,2024-Q1,ORG-12345,SITE-A,England,Plastic,Primary,2024-02-01,2229.37,Exported
REC-1385-2024-Q3-SITE-A-ST01,2024-Q3,ORG-12345,SITE-A,England,Steel,Secondary,2024-07-29,1.95167,Exported
REC-1386-Q2 2024-SITE-B-WD01,2024-Q2,ORG-12345,SITE-B,Scotland,Wood,Primary,2024-04-18,1.95408,Imported
REC-1387-2024-Q3-SITE-E-FB01,2024-Q3,ORG-12345,SITE-E,England,Fibre-based composite,Shipment,2024-11-21,3.31899,Supplied as goods
REC-1388-2024-Q3-SITE-A-PC01,2024-Q3,ORG-12345,SITE-A,England,Paper/card,Tertiary,2024-11-28,4.06071,Imported
REC-1389-Q4 2024-SITE-A-FB01,2024-Q4,ORG-12345,SITE-A,England,Fibre-based composite,Tertiary,2024-12-27,3.92393,Imported
REC-1390-Q4 2024-SITE-B-ST01,2024-Q4,ORG-12345,SITE-B,Scotland,Steel,Tertiary,2024-05-15,2344.34,Exported
REC-1391-Q2 2024-SITE-A-GL01,2024-Q2,ORG-12345,SITE-A,England,Glass,Primary,2024-06-14,4007.97,Imported
REC-1392-2024-Q3-SITE-C-PC01,2024-Q3,ORG-12345,SITE-C,Wales,Paper/card,Shipment,2024-05-22,241.1,Imported
REC-1393-Q2 2024-SITE-C-PL01,2024-Q2,ORG-12345,SITE-C,Wales,Plastic,Primary,2024-09-07,2863.78,Imported
REC-1394-Q2 2024-SITE-D-PL01,2024-Q2,ORG-12345,SITE-D,Northern Ireland,Plastic,Secondary,2024-02-13,2358.88,Supplied as goods
REC-1395-Q2 2024-SITE-D-PL02,2024-Q2,ORG-12345,SITE-D,Northern Ireland,Plastic,Secondary,2024-06-04,2.7796700000000003,Exported
REC-1396-2024-Q1-SITE-B-ST01,2024-Q1,ORG-12345,SITE-B,Scotland,Steel,Tertiary,2024-03-13,0.67975,Imported
REC-1397-2024-Q3-SITE-E-PL01,2024-Q3,ORG-12345,SITE-E,England,Plastic,Primary,2024-10-24,2558.26,Exported
REC-1398-2024-Q3-SITE-A-AL01,2024-Q3,ORG-12345,SITE-A,England,Aluminium,Primary,2024-02-06,4960.26,Exported
REC-1399-2024-Q1-SITE-A-AL01,2024-Q1,ORG-12345,SITE-A,England,Aluminium,Secondary,2024-04-28,433.52,Supplied as goods
REC-1400-Q4 2024-SITE-A-PC01,2024-Q4,ORG-12345,SITE-A,England,Paper/card,Shipment,2024-03-28,4154.23,Imported
REC-1401-2024Q2-SITE-D-PL01,2024-Q2,ORG-12345,SITE-D,Northern Ireland,Plastic,Secondary,2024-06-13,3951.41,Exported
REC-1402-2024-Q1-SITE-E-PL01,2024-Q1,ORG-12345,SITE-E,England,Plastic,Primary,2024-11-21,0.27082,Imported
REC-1403-Q4 2024-SITE-B-AL01,2024-Q4,ORG-12345,SITE-B,Scotland,Aluminium,Primary,2024-01-31,2578.44,Imported
REC-1404-Q4 2024-SITE-B-GL01,2024-Q4,ORG-12345,SITE-B,Scotland,Glass,Secondary,2024-03-17,0.4383,Exported
REC-1405-2024-Q3-SITE-C-OT01,2024-Q3,ORG-12345,SITE-C,Wales,Other,Tertiary,2024-11-04,3.0551500000000003,Supplied as goods
REC-1406-Q4 2024-SITE-B-ST01,2024-Q4,ORG-12345,SITE-B,Scotland,Steel,Primary,2024-03-14,1253.21,Imported
REC-1407-2024-Q1-SITE-C-AL01,2024-Q1,ORG-12345,SITE-C,Wales,Aluminium,Secondary,2024-03-15,4790.16,Exported
REC-1408-Q4 2024-SITE-D-OT01,2024-Q4,ORG-12345,SITE-D,Northern Ireland,Other,Primary,2024-11-01,3.28398,Imported
REC-1410-Q2 2024-SITE-D-ST01,2024-Q2,ORG-12345,SITE-D,Northern Ireland,Steel,Secondary,2024-09-24,633.92,Imported
REC-1412-2024-Q1-SITE-B-PL02,2024-Q1,ORG-12345,SITE-B,Scotland,Plastic,Primary,2024-10-04,4.177600000000001,Supplied as goods
REC-1413-Q2 2024-SITE-E-OT01,2024-Q2,ORG-12345,SITE-E,England,Other,Secondary,2024-06-13,,Imported
REC-1414-2024-Q1-SITE-A-PL02,2024-Q1,ORG-12345,SITE-A,England,Plastic,Secondary,2024-07-14,2.9778200000000004,Imported
REC-1415-Q4 2024-SITE-C-UNKNOWN,2024-Q4,ORG-12345,SITE-C,Wales,,Secondary,2024-03-23,2276.28,Exported
REC-1416-2024-Q1-SITE-B-GL01,2024-Q1,ORG-12345,SITE-B,Scotland,Glass,Tertiary,2024-11-13,4.58589,Exported
REC-1417-Q2 2024-SITE-Z-PC01,2024-Q2,ORG-12345,SITE-Z,,Paper/card,Tertiary,2024-11-11,2294.96,Exported
REC-1418-2024-Q1-SITE-C-ST01,2024-Q1,ORG-12345,SITE-C,Wales,Steel,Tertiary,2024-10-06,1199.7,Supplied as goods
REC-1419-2024-Q3-SITE-C-OT01,2024-Q3,ORG-12345,SITE-C,Wales,Other,Shipment,2024-06-26,4228.12,Exported
REC-1420-2024-Q3-SITE-D-GL01,2024-Q3,ORG-12345,SITE-D,Northern Ireland,Glass,Primary,2024-11-25,4.0792399999999995,Supplied as goods
REC-1421-2024-Q3-SITE-C-PC01,2024-Q3,ORG-12345,SITE-C,Wales,Paper/card,Primary,2024-08-26,1.4597200000000001,Imported
REC-1422-2024-Q1-SITE-E-AL01,2024-Q1,ORG-12345,SITE-E,England,Aluminium,Primary,2024-12-21,4699.06,Imported
REC-1423-2024-Q1-SITE-A-ST01,2024-Q1,ORG-12345,SITE-A,England,Steel,Primary,2024-10-16,1.0738699999999999,Supplied as goods
REC-1424-Q2 2024-SITE-C-AL01,2024-Q2,ORG-12345,SITE-C,Wales,Aluminium,Primary,2024-11-02,4.1709,Imported
REC-1425-2024-Q1-SITE-C-FB01,2024-Q1,ORG-12345,SITE-C,Wales,Fibre-based composite,Tertiary,2024-03-16,2628.42,Imported
REC-1426-2024-Q1-SITE-C-WD01,2024-Q1,ORG-12345,SITE-C,Wales,Wood,Secondary,2024-02-24,1.35213,Imported
REC-1427-Q4 2024-SITE-C-AL01,2024-Q4,ORG-12345,SITE-C,Wales,Aluminium,Tertiary,2024-10-03,1669.22,Supplied as goods
REC-1428-2024-Q1-SITE-D-PL02,2024-Q1,ORG-12345,SITE-D,Northern Ireland,Plastic,Tertiary,2024-10-07,1.60831,Exported
REC-1429-Q2 2024-SITE-A-PC01,2024-Q2,ORG-12345,SITE-A,England,Paper/card,Primary,2024-11-10,3.3226,Exported
REC-1430-Q2 2024-SITE-D-FB01,2024-Q2,ORG-12345,SITE-D,Northern Ireland,Fibre-based composite,Tertiary,2024-04-19,3383.07,Supplied as goods
REC-1431-Q2 2024-SITE-E-WD01,2024-Q2,ORG-12345,SITE-E,England,Wood,Secondary,2024-08-24,1.03294,Supplied as goods
REC-1432-Q4 2024-SITE-A-PL02,2024-Q4,ORG-12345,SITE-A,England,Plastic,Secondary,2024-05-28,3.07553,Exported
REC-1433-Q2 2024-SITE-D-FB01,2024-Q2,ORG-12345,SITE-D,Northern Ireland,Fibre-based composite,Tertiary,2024-05-12,1211.84,Exported
REC-1434-2024-Q3-SITE-E-ST01,2024-Q3,ORG-12345,SITE-E,England,Steel,Tertiary,2024-09-17,2476.6,Imported
REC-1435-Q4 2024-SITE-D-ST01,2024-Q4,ORG-12345,SITE-D,Northern Ireland,Steel,Primary,2024-05-20,606.22,Supplied as goods
REC-1436-2024-Q3-SITE-A-FB01,2024-Q3,ORG-12345,SITE-A,England,Fibre-based composite,Primary,2024-08-05,2350.44,Supplied as goods
REC-1437-Q4 2024-SITE-E-GL01,2024-Q4,ORG-12345,SITE-E,England,Glass,Tertiary,2024-05-14,4208.6,Imported
REC-1438-2024-Q3-SITE-A-PL01,2024-Q3,ORG-12345,SITE-A,England,Plastic,Secondary,2024-12-25,2562.06,Imported
REC-1439-2024-Q3-SITE-D-PC01,2024-Q3,ORG-12345,SITE-D,Northern Ireland,Paper/card,Secondary,2024-05-31,4054.7,Imported
REC-1440-Q4 2024-SITE-C-WD01,2024-Q4,ORG-12345,SITE-C,Wales,Wood,Tertiary,2024-05-07,1.73222,Supplied as goods
REC-1441-2024-Q3-SITE-E-GL01,2024-Q3,ORG-12345,SITE-E,England,Glass,Shipment,2024-11-19,3.90878,Supplied as goods
REC-1442-2024-Q3-SITE-A-OT01,2024-Q3,ORG-12345,SITE-A,England,Other,Primary,2024-10-24,154.53,Exported
REC-1443-Q2 2024-SITE-E-PL02,2024-Q2,ORG-12345,SITE-E,England,Plastic,Tertiary,2024-10-15,2617.31,Supplied as goods
REC-1444-2024-Q3-SITE-C-FB01,2024-Q3,ORG-12345,SITE-C,Wales,Fibre-based composite,Tertiary,2024-05-04,1.18521,Exported
REC-1445-2024-Q1-SITE-A-OT01,2024-Q1,ORG-12345,SITE-A,England,Other,Tertiary,2024-08-05,4.703069999999999,Supplied as goods
REC-1446-Q2 2024-SITE-B-WD01,2024-Q2,ORG-12345,SITE-B,Scotland,Wood,Primary,2024-06-02,1.45129,Supplied as goods
REC-1447-2024-Q1-SITE-C-PL02,2024-Q1,ORG-12345,SITE-C,Wales,Plastic,Tertiary,2024-02-21,3.2936199999999998,Imported
REC-1448-2024-Q1-SITE-A-OT01,2024-Q1,ORG-12345,SITE-A,England,Other,Tertiary,2024-10-18,3823.81,Exported
REC-1449-2024-Q3-SITE-B-GL01,2024-Q3,ORG-12345,SITE-B,Scotland,Glass,Primary,2024-08-19,2961.57,Exported
REC-1450-2024-Q1-SITE-B-OT01,2024-Q1,ORG-12345,SITE-B,Scotland,Other,Tertiary,2024-12-15,1545.66,Supplied as goods
REC-1451-2024-Q3-SITE-D-WD01,2024-Q3,ORG-12345,SITE-D,Northern Ireland,Wood,Secondary,2024-06-08,2.1761999999999997,Imported
REC-1452-2024-Q3-SITE-D-OT01,2024-Q3,ORG-12345,SITE-D,Northern Ireland,Other,Shipment,2024-03-10,1942.92,Supplied as goods
REC-1453-Q4 2024-SITE-B-WD01,2024-Q4,ORG-12345,SITE-B,Scotland,Wood,Primary,2024-09-15,4877.19,Exported
REC-1454-Q2 2024-SITE-A-PL02,2024-Q2,ORG-12345,SITE-A,England,Plastic,Tertiary,2024-09-21,1.69556,Imported
REC-1455-Q2 2024-SITE-E-AL01,2024-Q2,ORG-12345,SITE-E,England,Aluminium,Primary,2024-09-23,2045.82,Supplied as goods
REC-1456-2024-Q3-SITE-A-ST01,2024-Q3,ORG-12345,SITE-A,England,Steel,Secondary,2024-10-30,3.71553,Imported
REC-1457-Q4 2024-SITE-E-FB01,2024-Q4,ORG-12345,SITE-E,England,Fibre-based composite,Tertiary,2024-09-26,1.3773199999999999,Supplied as goods
REC-1458-2024-Q1-SITE-E-PC01,2024-Q1,ORG-12345,SITE-E,England,Paper/card,Tertiary,2024-08-19,1643.1,Supplied as goods
REC-1459-2024-Q1-SITE-E-PL02,2024-Q1,ORG-12345,SITE-E,England,Plastic,Secondary,2024-04-25,3.79659,Supplied as goods
REC-1460-Q2 2024-SITE-D-WD01,2024-Q2,ORG-12345,SITE-D,Northern Ireland,Wood,Tertiary,2024-10-09,243.36,Supplied as goods
REC-1461-2024-Q1-SITE-D-WD01,2024-Q1,ORG-12345,SITE-D,Northern Ireland,Wood,Primary,2024-03-15,4377.36,Exported
REC-1462-2024-Q3-SITE-E-FB01,2024-Q3,ORG-12345,SITE-E,England,Fibre-based composite,Secondary,2024-07-23,4613.75,Exported
REC-1463-2024-Q3-SITE-E-GL01,2024-Q3,ORG-12345,SITE-E,England,Glass,Primary,2024-11-19,2.6400900000000003,Imported
REC-1464-Q2 2024-SITE-B-ST01,2024-Q2,ORG-12345,SITE-B,Scotland,Steel,Secondary,2024-09-13,1092.55,Imported
REC-1465-2024-Q1-SITE-A-PL01,2024-Q1,ORG-12345,SITE-A,England,Plastic,Secondary,2025-01-08,937.17,Imported
REC-1466-2024-Q1-SITE-C-AL01,2024-Q1,ORG-12345,SITE-C,Wales,Aluminium,Primary,2024-11-29,514.55,Exported
REC-1467-2024-Q1-SITE-C-WD01,2024-Q1,ORG-12345,SITE-C,Wales,Wood,Shipment,2024-06-03,0.38051999999999997,Supplied as goods
REC-1468-Q4 2024-SITE-C-ST01,2024-Q4,ORG-12345,SITE-C,Wales,Steel,Tertiary,2024-10-28,2943.12,Imported
REC-1469-Q2 2024-SITE-A-OT01,2024-Q2,ORG-12345,SITE-A,England,Other,Tertiary,2024-04-15,1.05281,Exported
REC-1470-2024-Q3-SITE-C-ST01,2024-Q3,ORG-12345,SITE-C,Wales,Steel,Shipment,2024-11-25,677.19,Supplied as goods
REC-1471-2024-Q1-SITE-B-WD01,2024-Q1,ORG-12345,SITE-B,Scotland,Wood,Primary,2024-03-30,0.06322,Supplied as goods
REC-1472-2024-Q1-SITE-A-GL01,2024-Q1,ORG-12345,SITE-A,England,Glass,Primary,2024-10-02,4379.34,Imported
REC-1473-2024-Q1-SITE-E-WD01,2024-Q1,ORG-12345,SITE-E,England,Wood,Secondary,2024-10-27,2384.86,Exported
REC-1474-2024-Q3-SITE-C-FB01,2024-Q3,ORG-12345,SITE-C,Wales,Fibre-based composite,Secondary,2024-02-24,3545.91,Imported
REC-1475-Q4 2024-SITE-D-AL01,2024-Q4,ORG-12345,SITE-D,Northern Ireland,Aluminium,Primary,2025-01-04,4.176340000000001,Exported
REC-1476-Q2 2024-SITE-C-ST01,2024-Q2,ORG-12345,SITE-C,Wales,Steel,Tertiary,2024-07-20,2811.63,Supplied as goods
REC-1477-Q2 2024-SITE-B-WD01,2024-Q2,ORG-12345,SITE-B,Scotland,Wood,Tertiary,2024-07-24,1762.66,Exported
REC-1478-Q2 2024-SITE-E-GL01,2024-Q2,ORG-12345,SITE-E,England,Glass,Tertiary,2024-11-10,1019.39,Supplied as goods
REC-1479-2024-Q1-SITE-E-ST01,2024-Q1,ORG-12345,SITE-E,England,Steel,Secondary,2024-06-02,4559.65,Supplied as goods
REC-1480-2024-Q3-SITE-A-PL01,2024-Q3,ORG-12345,SITE-A,England,Plastic,Tertiary,2024-11-30,3226.29,Imported
REC-1481-Q4 2024-SITE-E-PL01,2024-Q4,ORG-12345,SITE-E,England,Plastic,Shipment,2024-04-12,4322.77,Supplied as goods
REC-1482-2024-Q3-SITE-A-WD01,2024-Q3,ORG-12345,SITE-A,England,Wood,Tertiary,2024-11-23,3.7654,Exported
REC-1483-Q4 2024-SITE-A-GL01,2024-Q4,ORG-12345,SITE-A,England,Glass,Tertiary,2024-02-12,0.9256900000000001,Exported
REC-1484-2024-Q3-SITE-E-WD01,2024-Q3,ORG-12345,SITE-E,England,Wood,Tertiary,2024-12-15,0.35851,Exported
REC-1485-2024-Q3-SITE-B-PL01,2024-Q3,ORG-12345,SITE-B,Scotland,Plastic,Secondary,2024-01-22,4248.74,Exported
REC-1486-Q2 2024-SITE-B-FB01,2024-Q2,ORG-12345,SITE-B,Scotland,Fibre-based composite,Secondary,2024-05-30,3.3647199999999997,Exported
REC-1487-Q4 2024-SITE-E-PL02,2024-Q4,ORG-12345,SITE-E,England,Plastic,Primary,2024-12-05,0.27032,Imported
REC-1488-Q4 2024-SITE-C-PL01,2024-Q4,ORG-12345,SITE-C,Wales,Plastic,Secondary,2025-01-05,2.82477,Imported
REC-1489-2024-Q1-SITE-B-PL02,2024-Q1,ORG-12345,SITE-B,Scotland,Plastic,Shipment,2024-06-25,0.4864,Imported
REC-1490-Q4 2024-SITE-C-PL01,2024-Q4,ORG-12345,SITE-C,Wales,Plastic,Tertiary,2024-05-20,3.95425,Supplied as goods
REC-1491-2024-Q3-SITE-B-ST01,2024-Q3,ORG-12345,SITE-B,Scotland,Steel,Tertiary,2024-07-27,3.22947,Exported
REC-1492-Q2 2024-SITE-D-ST01,2024-Q2,ORG-12345,SITE-D,Northern Ireland,Steel,Primary,2024-06-02,745.11,Imported
REC-1493-2024-Q1-SITE-C-AL01,2024-Q1,ORG-12345,SITE-C,Wales,Aluminium,Primary,2024-07-14,1333.8,Imported
REC-1494-Q4 2024-SITE-A-PC01,2024-Q4,ORG-12345,SITE-A,England,Paper/card,Secondary,2024-10-16,2.63906,Exported
REC-1495-2024-Q3-SITE-B-AL01,2024-Q3,ORG-12345,SITE-B,Scotland,Aluminium,Tertiary,2024-09-28,1767.26,Imported
REC-1496-Q2 2024-SITE-E-OT01,2024-Q2,ORG-12345,SITE-E,England,Other,Tertiary,2024-05-05,3.9817600000000004,Exported
REC-1497-Q2 2024-SITE-D-WD01,2024-Q2,ORG-12345,SITE-D,Northern Ireland,Wood,Secondary,2024-11-10,4.6135,Supplied as goods
REC-1498-2024-Q1-SITE-C-PC01,2024-Q1,ORG-12345,SITE-C,Wales,Paper/card,Secondary,2024-07-16,1.92066,Exported
REC-1499-Q2 2024-SITE-A-PL01,2024-Q2,ORG-12345,SITE-A,England,Plastic,Primary,2024-06-19,2403.7,Imported
REC-1500-Q4 2024-SITE-D-GL01,2024-Q4,ORG-12345,SITE-D,Northern Ireland,Glass,Secondary,2024-11-04,0.9715,Exported
REC-1501-2024Q2-SITE-C-FB01,2024-Q2,ORG-12345,SITE-C,Wales,Fibre-based composite,Tertiary,2024-07-05,2.39418,Imported
REC-1502-2024-Q1-SITE-E-WD01,2024-Q1,ORG-12345,SITE-E,England,Wood,Tertiary,2024-08-20,1.53586,Imported
REC-1503-Q2 2024-SITE-E-ST01,2024-Q2,ORG-12345,SITE-E,England,Steel,Primary,2024-11-15,2.98573,Imported
REC-1504-2024-Q1-SITE-C-OT01,2024-Q1,ORG-12345,SITE-C,Wales,Other,Primary,2024-06-21,3.77166,Exported
REC-1505-2024-Q1-SITE-D-GL01,2024-Q1,ORG-12345,SITE-D,Northern Ireland,Glass,Tertiary,2024-03-30,2.32063,Imported
REC-1506-Q2 2024-SITE-B-AL01,2024-Q2,ORG-12345,SITE-B,Scotland,Aluminium,Primary,2024-03-01,1.57226,Imported
REC-1507-Q4 2024-SITE-A-AL01,2024-Q4,ORG-12345,SITE-A,England,Aluminium,Primary,2024-03-15,2798.97,Exported
REC-1508-Q4 2024-SITE-D-PL02,2024-Q4,ORG-12345,SITE-D,Northern Ireland,Plastic,Secondary,2024-05-18,3.44959,Exported
REC-1510-2024-Q1-SITE-D-FB01,2024-Q1,ORG-12345,SITE-D,Northern Ireland,Fibre-based composite,Shipment,2024-11-21,2693.87,Imported
REC-1512-2024-Q1-SITE-B-FB01,2024-Q1,ORG-12345,SITE-B,Scotland,Fibre-based composite,Primary,2024-06-17,1188.86,Exported
REC-1513-Q2 2024-SITE-D-FB01,2024-Q2,ORG-12345,SITE-D,Northern Ireland,Fibre-based composite,Primary,2024-06-22,,Imported
REC-1514-Q2 2024-SITE-B-FB01,2024-Q2,ORG-12345,SITE-B,Scotland,Fibre-based composite,Tertiary,2024-12-29,222.39,Imported
REC-1515-2024-Q1-SITE-C-UNKNOWN,2024-Q1,ORG-12345,SITE-C,Wales,,Tertiary,2024-08-09,2.3513699999999997,Supplied as goods
REC-1516-2024-Q1-SITE-D-PL01,2024-Q1,ORG-12345,SITE-D,Northern Ireland,Plastic,Primary,2024-12-14,687.26,Imported
REC-1517-Q4 2024-SITE-Z-FB01,2024-Q4,ORG-12345,SITE-Z,,Fibre-based composite,Secondary,2024-07-23,1549.62,Supplied as goods
REC-1518-Q2 2024-SITE-A-WD01,2024-Q2,ORG-12345,SITE-A,England,Wood,Tertiary,2024-10-13,4228.63,Imported
REC-1519-2024-Q3-SITE-C-FB01,2024-Q3,ORG-12345,SITE-C,Wales,Fibre-based composite,Tertiary,2024-10-04,0.44605,Exported
REC-1520-Q4 2024-SITE-A-WD01,2024-Q4,ORG-12345,SITE-A,England,Wood,Secondary,2024-07-20,2.35058,Supplied as goods
REC-1521-2024-Q3-SITE-C-PL01,2024-Q3,ORG-12345,SITE-C,Wales,Plastic,Shipment,2024-10-18,1878.02,Exported
REC-1522-2024-Q3-SITE-D-ST01,2024-Q3,ORG-12345,SITE-D,Northern Ireland,Steel,Primary,2024-12-05,1.8165799999999999,Imported
REC-1523-Q4 2024-SITE-E-PL01,2024-Q4,ORG-12345,SITE-E,England,Plastic,Shipment,2024-04-13,1.81836,Supplied as goods
REC-1524-Q4 2024-SITE-D-PL02,2024-Q4,ORG-12345,SITE-D,Northern Ireland,Plastic,Shipment,2024-07-09,0.6739700000000001,Supplied as goods
REC-1525-2024-Q1-SITE-A-WD01,2024-Q1,ORG-12345,SITE-A,England,Wood,Tertiary,2024-07-23,1258.3,Exported
REC-1526-2024-Q1-SITE-D-PL01,2024-Q1,ORG-12345,SITE-D,Northern Ireland,Plastic,Primary,2024-12-06,4.88537,Exported
REC-1527-Q4 2024-SITE-A-ST01,2024-Q4,ORG-12345,SITE-A,England,Steel,Secondary,2024-04-22,160.8,Imported
REC-1528-2024-Q3-SITE-A-ST01,2024-Q3,ORG-12345,SITE-A,England,Steel,Secondary,2024-09-13,2.5945,Exported
REC-1529-2024-Q1-SITE-C-AL01,2024-Q1,ORG-12345,SITE-C,Wales,Aluminium,Tertiary,2024-08-06,1.41019,Imported
REC-1530-2024-Q1-SITE-B-GL01,2024-Q1,ORG-12345,SITE-B,Scotland,Glass,Tertiary,2024-12-16,1399.76,Imported
REC-1531-Q2 2024-SITE-A-GL01,2024-Q2,ORG-12345,SITE-A,England,Glass,Secondary,2024-01-24,2339.08,Imported
REC-1532-Q4 2024-SITE-E-PC01,2024-Q4,ORG-12345,SITE-E,England,Paper/card,Primary,2024-11-14,3076.36,Supplied as goods
REC-1533-2024-Q3-SITE-C-PC01,2024-Q3,ORG-12345,SITE-C,Wales,Paper/card,Shipment,2024-07-10,2.40423,Imported
REC-1534-Q2 2024-SITE-B-WD01,2024-Q2,ORG-12345,SITE-B,Scotland,Wood,Primary,2024-08-01,4279.06,Imported
REC-1535-2024-Q3-SITE-D-ST01,2024-Q3,ORG-12345,SITE-D,Northern Ireland,Steel,Secondary,2024-04-30,3.32046,Supplied as goods
REC-1536-Q4 2024-SITE-D-OT01,2024-Q4,ORG-12345,SITE-D,Northern Ireland,Other,Secondary,2024-04-03,1494.52,Imported
REC-1537-2024-Q3-SITE-A-GL01,2024-Q3,ORG-12345,SITE-A,England,Glass,Shipment,2024-09-22,2846.22,Imported
REC-1538-Q4 2024-SITE-A-AL01,2024-Q4,ORG-12345,SITE-A,England,Aluminium,Secondary,2024-05-02,0.7019,Exported
REC-1539-Q4 2024-SITE-D-PL02,2024-Q4,ORG-12345,SITE-D,Northern Ireland,Plastic,Shipment,2024-05-05,0.93418,Imported
REC-1540-2024-Q3-SITE-A-FB01,2024-Q3,ORG-12345,SITE-A,England,Fibre-based composite,Shipment,2024-10-15,1631.05,Imported
REC-1541-2024-Q3-SITE-D-OT01,2024-Q3,ORG-12345,SITE-D,Northern Ireland,Other,Secondary,2024-04-04,4302.33,Supplied as goods
REC-1542-Q2 2024-SITE-D-GL01,2024-Q2,ORG-12345,SITE-D,Northern Ireland,Glass,Secondary,2024-03-05,66.52,Imported
REC-1543-Q2 2024-SITE-D-FB01,2024-Q2,ORG-12345,SITE-D,Northern Ireland,Fibre-based composite,Shipment,2024-01-29,2119.59,Exported
REC-1544-Q4 2024-SITE-E-AL01,2024-Q4,ORG-12345,SITE-E,England,Aluminium,Primary,2024-06-29,3.1186100000000003,Exported
REC-1545-2024-Q1-SITE-C-AL01,2024-Q1,ORG-12345,SITE-C,Wales,Aluminium,Primary,2024-11-17,3.1462,Exported
REC-1546-2024-Q3-SITE-D-FB01,2024-Q3,ORG-12345,SITE-D,Northern Ireland,Fibre-based composite,Shipment,2024-05-16,4.324020000000001,Exported
REC-1547-2024-Q3-SITE-B-GL01,2024-Q3,ORG-12345,SITE-B,Scotland,Glass,Secondary,2024-01-30,4610.86,Exported
REC-1548-Q2 2024-SITE-B-AL01,2024-Q2,ORG-12345,SITE-B,Scotland,Aluminium,Shipment,2024-09-27,2323.0,Imported
REC-1549-Q4 2024-SITE-B-PL02,2024-Q4,ORG-12345,SITE-B,Scotland,Plastic,Tertiary,2024-02-19,4.19748,Exported
REC-1550-Q4 2024-SITE-E-PL01,2024-Q4,ORG-12345,SITE-E,England,Plastic,Tertiary,2024-02-20,3426.02,Supplied as goods
REC-1551-Q4 2024-SITE-D-FB01,2024-Q4,ORG-12345,SITE-D,Northern Ireland,Fibre-based composite,Secondary,2024-02-14,2.7098400000000002,Exported
REC-1552-Q4 2024-SITE-C-ST01,2024-Q4,ORG-12345,SITE-C,Wales,Steel,Tertiary,2024-10-02,4.15012,Imported
REC-1553-2024-Q1-SITE-E-WD01,2024-Q1,ORG-12345,SITE-E,England,Wood,Secondary,2024-04-10,562.93,Supplied as goods
REC-1554-Q2 2024-SITE-D-PC01,2024-Q2,ORG-12345,SITE-D,Northern Ireland,Paper/card,Secondary,2024-03-04,1.73218,Exported
REC-1555-2024-Q3-SITE-B-PC01,2024-Q3,ORG-12345,SITE-B,Scotland,Paper/card,Tertiary,2024-06-14,416.64,Exported
REC-1556-2024-Q1-SITE-E-WD01,2024-Q1,ORG-12345,SITE-E,England,Wood,Secondary,2024-03-30,3512.83,Imported
REC-1557-2024-Q3-SITE-E-OT01,2024-Q3,ORG-12345,SITE-E,England,Other,Secondary,2024-06-12,1144.06,Supplied as goods
REC-1558-Q4 2024-SITE-D-ST01,2024-Q4,ORG-12345,SITE-D,Northern Ireland,Steel,Tertiary,2024-06-13,2859.82,Supplied as goods
REC-1559-2024-Q3-SITE-D-GL01,2024-Q3,ORG-12345,SITE-D,Northern Ireland,Glass,Tertiary,2024-05-10,686.34,Exported
REC-1560-2024-Q1-SITE-E-PL01,2024-Q1,ORG-12345,SITE-E,England,Plastic,Tertiary,2024-07-19,2.9369899999999998,Supplied as goods
REC-1561-Q2 2024-SITE-C-OT01,2024-Q2,ORG-12345,SITE-C,Wales,Other,Tertiary,2024-09-27,2.0589299999999997,Exported
REC-1562-Q4 2024-SITE-B-PC01,2024-Q4,ORG-12345,SITE-B,Scotland,Paper/card,Shipment,2024-09-18,1920.99,Imported
REC-1563-2024-Q3-SITE-B-FB01,2024-Q3,ORG-12345,SITE-B,Scotland,Fibre-based composite,Primary,2024-05-08,4737.39,Exported
REC-1564-2024-Q3-SITE-B-GL01,2024-Q3,ORG-12345,SITE-B,Scotland,Glass,Secondary,2024-09-06,3.90117,Exported
REC-1565-2024-Q3-SITE-B-PL01,2024-Q3,ORG-12345,SITE-B,Scotland,Plastic,Tertiary,2024-01-31,4.23644,Exported
REC-1566-2024-Q1-SITE-C-FB01,2024-Q1,ORG-12345,SITE-C,Wales,Fibre-based composite,Tertiary,2024-08-30,4.76254,Supplied as goods
REC-1567-Q2 2024-SITE-B-OT01,2024-Q2,ORG-12345,SITE-B,Scotland,Other,Primary,2024-09-04,1.31756,Supplied as goods
REC-1568-Q2 2024-SITE-A-GL01,2024-Q2,ORG-12345,SITE-A,England,Glass,Primary,2024-02-16,1365.53,Exported
REC-1569-Q4 2024-SITE-B-GL01,2024-Q4,ORG-12345,SITE-B,Scotland,Glass,Shipment,2024-03-05,0.35128,Imported
REC-1570-Q4 2024-SITE-B-OT01,2024-Q4,ORG-12345,SITE-B,Scotland,Other,Tertiary,2024-08-28,1.62835,Supplied as goods
REC-1571-Q4 2024-SITE-E-PL02,2024-Q4,ORG-12345,SITE-E,England,Plastic,Secondary,2024-11-01,0.54439,Supplied as goods
REC-1572-Q2 2024-SITE-D-PL01,2024-Q2,ORG-12345,SITE-D,Northern Ireland,Plastic,Shipment,2024-12-05,4.31264,Imported
REC-1573-Q2 2024-SITE-D-WD01,2024-Q2,ORG-12345,SITE-D,Northern Ireland,Wood,Primary,2024-09-30,3785.07,Imported
REC-1574-Q2 2024-SITE-C-WD01,2024-Q2,ORG-12345,SITE-C,Wales,Wood,Shipment,2024-06-03,4759.61,Imported
REC-1575-Q4 2024-SITE-B-OT01,2024-Q4,ORG-12345,SITE-B,Scotland,Other,Shipment,2024-06-26,3.14831,Imported
REC-1576-2024-Q3-SITE-D-OT01,2024-Q3,ORG-12345,SITE-D,Northern Ireland,Other,Secondary,2024-08-28,0.8575,Imported
REC-1577-2024-Q1-SITE-B-PC01,2024-Q1,ORG-12345,SITE-B,Scotland,Paper/card,Tertiary,2024-05-03,2.71602,Exported
REC-1578-2024-Q3-SITE-A-ST01,2024-Q3,ORG-12345,SITE-A,England,Steel,Shipment,2024-05-01,1634.08,Imported
REC-1579-Q2 2024-SITE-B-GL01,2024-Q2,ORG-12345,SITE-B,Scotland,Glass,Secondary,2024-12-19,999.93,Supplied as goods
REC-1580-Q2 2024-SITE-C-GL01,2024-Q2,ORG-12345,SITE-C,Wales,Glass,Secondary,2024-09-12,4906.71,Exported
REC-1581-Q4 2024-SITE-C-ST01,2024-Q4,ORG-12345,SITE-C,Wales,Steel,Secondary,2024-08-19,1565.85,Supplied as goods
REC-1582-Q4 2024-SITE-A-FB01,2024-Q4,ORG-12345,SITE-A,England,Fibre-based composite,Tertiary,2024-12-10,78.08,Imported
REC-1583-2024-Q3-SITE-B-GL01,2024-Q3,ORG-12345,SITE-B,Scotland,Glass,Secondary,2024-07-24,0.14642,Imported
REC-1584-Q2 2024-SITE-E-PL01,2024-Q2,ORG-12345,SITE-E,England,Plastic,Secondary,2024-11-26,3965.05,Imported
REC-1585-2024-Q3-SITE-B-OT01,2024-Q3,ORG-12345,SITE-B,Scotland,Other,Secondary,2024-09-16,0.5788300000000001,Imported
REC-1586-2024-Q3-SITE-B-WD01,2024-Q3,ORG-12345,SITE-B,Scotland,Wood,Primary,2024-11-10,1980.81,Exported
REC-1587-2024-Q3-SITE-C-FB01,2024-Q3,ORG-12345,SITE-C,Wales,Fibre-based composite,Primary,2024-06-08,327.77,Supplied as goods
REC-1588-Q4 2024-SITE-C-PL02,2024-Q4,ORG-12345,SITE-C,Wales,Plastic,Secondary,2024-04-01,4.41021,Supplied as goods
REC-1589-2024-Q3-SITE-B-ST01,2024-Q3,ORG-12345,SITE-B,Scotland,Steel,Shipment,2024-10-20,2831.09,Supplied as goods
REC-1590-2024-Q1-SITE-B-ST01,2024-Q1,ORG-12345,SITE-B,Scotland,Steel,Shipment,2024-06-23,4.09568,Exported
REC-1591-2024-Q3-SITE-B-PC01,2024-Q3,ORG-12345,SITE-B,Scotland,Paper/card,Tertiary,2024-05-10,3.749,Imported
REC-1592-2024-Q1-SITE-C-WD01,2024-Q1,ORG-12345,SITE-C,Wales,Wood,Secondary,2024-03-16,1034.98,Imported
REC-1593-2024-Q1-SITE-E-FB01,2024-Q1,ORG-12345,SITE-E,England,Fibre-based composite,Secondary,2024-07-24,4.04002,Imported
REC-1594-Q4 2024-SITE-E-PL01,2024-Q4,ORG-12345,SITE-E,England,Plastic,Shipment,2024-11-04,4978.49,Imported
REC-1595-2024-Q1-SITE-E-PC01,2024-Q1,ORG-12345,SITE-E,England,Paper/card,Tertiary,2024-04-05,3.68545,Supplied as goods
REC-1596-Q2 2024-SITE-E-OT01,2024-Q2,ORG-12345,SITE-E,England,Other,Tertiary,2024-12-30,2890.93,Supplied as goods
REC-1597-2024-Q1-SITE-C-FB01,2024-Q1,ORG-12345,SITE-C,Wales,Fibre-based composite,Tertiary,2024-12-11,2.35529,Imported
REC-1598-Q4 2024-SITE-A-PC01,2024-Q4,ORG-12345,SITE-A,England,Paper/card,Secondary,2024-06-13,3916.51,Exported
REC-1599-Q4 2024-SITE-C-PL01,2024-Q4,ORG-12345,SITE-C,Wales,Plastic,Shipment,2024-05-26,0.14341,Imported
REC-1600-2024-Q3-SITE-B-AL01,2024-Q3,ORG-12345,SITE-B,Scotland,Aluminium,Shipment,2024-11-05,3850.51,Exported
REC-1601-2024Q2-SITE-A-GL01,2024-Q2,ORG-12345,SITE-A,England,Glass,Primary,2024-11-18,1.07041,Supplied as goods
REC-1602-2024-Q3-SITE-C-PL01,2024-Q3,ORG-12345,SITE-C,Wales,Plastic,Tertiary,2024-12-16,2.72338,Supplied as goods
REC-1603-Q2 2024-SITE-B-AL01,2024-Q2,ORG-12345,SITE-B,Scotland,Aluminium,Primary,2024-01-28,858.28,Imported
REC-1604-Q4 2024-SITE-A-GL01,2024-Q4,ORG-12345,SITE-A,England,Glass,Secondary,2024-04-30,4179.08,Supplied as goods
REC-1605-Q4 2024-SITE-B-FB01,2024-Q4,ORG-12345,SITE-B,Scotland,Fibre-based composite,Primary,2024-03-18,2.22081,Imported
REC-1606-Q2 2024-SITE-B-PL02,2024-Q2,ORG-12345,SITE-B,Scotland,Plastic,Primary,2024-09-21,4.57075,Exported
REC-1607-2024-Q3-SITE-A-PC01,2024-Q3,ORG-12345,SITE-A,England,Paper/card,Tertiary,2024-03-15,2.10488,Imported
REC-1608-Q4 2024-SITE-D-OT01,2024-Q4,ORG-12345,SITE-D,Northern Ireland,Other,Primary,2024-07-14,129.92,Imported
REC-1610-2024-Q1-SITE-C-FB01,2024-Q1,ORG-12345,SITE-C,Wales,Fibre-based composite,Secondary,2024-05-21,4758.98,Supplied as goods
REC-1612-Q4 2024-SITE-E-AL01,2024-Q4,ORG-12345,SITE-E,England,Aluminium,Tertiary,2024-08-16,3321.71,Exported
REC-1613-2024-Q1-SITE-C-GL01,2024-Q1,ORG-12345,SITE-C,Wales,Glass,Primary,2024-01-30,,Exported
REC-1614-2024-Q3-SITE-C-WD01,2024-Q3,ORG-12345,SITE-C,Wales,Wood,Primary,2024-01-28,2048.09,Imported
REC-1615-2024-Q1-SITE-D-UNKNOWN,2024-Q1,ORG-12345,SITE-D,Northern Ireland,,Primary,2024-07-26,0.2194,Imported
REC-1616-2024-Q1-SITE-B-OT01,2024-Q1,ORG-12345,SITE-B,Scotland,Other,Primary,2024-02-17,545.57,Supplied as goods
REC-1617-2024-Q1-SITE-Z-PL02,2024-Q1,ORG-12345,SITE-Z,,Plastic,Secondary,2024-09-14,4917.68,Imported
REC-1618-2024-Q1-SITE-E-WD01,2024-Q1,ORG-12345,SITE-E,England,Wood,Secondary,2024-09-23,1648.24,Supplied as goods
REC-1619-2024-Q1-SITE-B-AL01,2024-Q1,ORG-12345,SITE-B,Scotland,Aluminium,Primary,2024-03-03,2.59793,Supplied as goods
REC-1620-Q2 2024-SITE-C-FB01,2024-Q2,ORG-12345,SITE-C,Wales,Fibre-based composite,Secondary,2024-12-17,0.57088,Exported
REC-1621-2024-Q3-SITE-B-ST01,2024-Q3,ORG-12345,SITE-B,Scotland,Steel,Secondary,2024-07-24,4871.09,Exported
REC-1622-2024-Q1-SITE-D-GL01,2024-Q1,ORG-12345,SITE-D,Northern Ireland,Glass,Shipment,2024-04-17,4.6763900000000005,Exported
REC-1623-Q4 2024-SITE-B-PL01,2024-Q4,ORG-12345,SITE-B,Scotland,Plastic,Primary,2024-01-20,0.21886000000000003,Exported
REC-1624-Q2 2024-SITE-D-WD01,2024-Q2,ORG-12345,SITE-D,Northern Ireland,Wood,Secondary,2024-11-28,979.35,Imported
REC-1625-2024-Q3-SITE-E-ST01,2024-Q3,ORG-12345,SITE-E,England,Steel,Shipment,2024-04-19,633.2,Imported
REC-1626-2024-Q3-SITE-A-ST01,2024-Q3,ORG-12345,SITE-A,England,Steel,Secondary,2024-05-28,3871.44,Imported
REC-1627-Q2 2024-SITE-E-PL02,2024-Q2,ORG-12345,SITE-E,England,Plastic,Tertiary,2024-05-10,2.16125,Imported
REC-1628-2024-Q3-SITE-B-WD01,2024-Q3,ORG-12345,SITE-B,Scotland,Wood,Tertiary,2024-09-02,645.37,Supplied as goods
REC-1629-Q2 2024-SITE-D-FB01,2024-Q2,ORG-12345,SITE-D,Northern Ireland,Fibre-based composite,Shipment,2024-12-28,4.83315,Supplied as goods
REC-1630-Q2 2024-SITE-E-AL01,2024-Q2,ORG-12345,SITE-E,England,Aluminium,Tertiary,2024-10-12,1033.45,Supplied as goods
REC-1631-Q2 2024-SITE-E-OT01,2024-Q2,ORG-12345,SITE-E,England,Other,Primary,2024-04-05,1.84515,Exported
REC-1632-Q4 2024-SITE-B-PL02,2024-Q4,ORG-12345,SITE-B,Scotland,Plastic,Tertiary,2024-06-05,3.19279,Supplied as goods
REC-1633-Q4 2024-SITE-D-PL01,2024-Q4,ORG-12345,SITE-D,Northern Ireland,Plastic,Secondary,2024-03-24,1979.37,Imported
REC-1634-2024-Q1-SITE-B-ST01,2024-Q1,ORG-12345,SITE-B,Scotland,Steel,Primary,2024-08-12,1294.08,Supplied as goods
REC-1635-Q2 2024-SITE-D-GL01,2024-Q2,ORG-12345,SITE-D,Northern Ireland,Glass,Primary,2024-08-16,4.12108,Imported
REC-1636-Q2 2024-SITE-A-FB01,2024-Q2,ORG-12345,SITE-A,England,Fibre-based composite,Shipment,2024-03-26,1280.44,Supplied as goods
REC-1637-Q4 2024-SITE-B-FB01,2024-Q4,ORG-12345,SITE-B,Scotland,Fibre-based composite,Primary,2024-12-24,3.71129,Exported
REC-1638-2024-Q3-SITE-E-ST01,2024-Q3,ORG-12345,SITE-E,England,Steel,Tertiary,2024-03-07,0.10331,Imported
REC-1639-Q4 2024-SITE-E-WD01,2024-Q4,ORG-12345,SITE-E,England,Wood,Primary,2024-02-20,2.2194499999999997,Exported
REC-1640-Q4 2024-SITE-A-PC01,2024-Q4,ORG-12345,SITE-A,England,Paper/card,Secondary,2024-11-09,1938.43,Supplied as goods
REC-1641-Q2 2024-SITE-C-GL01,2024-Q2,ORG-12345,SITE-C,Wales,Glass,Tertiary,2024-03-07,4334.26,Exported
REC-1642-Q4 2024-SITE-B-PL02,2024-Q4,ORG-12345,SITE-B,Scotland,Plastic,Tertiary,2024-08-23,4800.69,Exported
REC-1643-2024-Q3-SITE-C-FB01,2024-Q3,ORG-12345,SITE-C,Wales,Fibre-based composite,Primary,2024-10-01,570.69,Exported
REC-1644-2024-Q1-SITE-A-PC01,2024-Q1,ORG-12345,SITE-A,England,Paper/card,Secondary,2024-09-19,4189.67,Exported
REC-1645-2024-Q1-SITE-C-AL01,2024-Q1,ORG-12345,SITE-C,Wales,Aluminium,Shipment,2024-09-20,1145.87,Imported
REC-1646-2024-Q1-SITE-A-OT01,2024-Q1,ORG-12345,SITE-A,England,Other,Shipment,2024-12-09,1910.32,Exported
REC-1647-Q4 2024-SITE-C-PL02,2024-Q4,ORG-12345,SITE-C,Wales,Plastic,Shipment,2024-02-04,0.63149,Supplied as goods
REC-1648-Q4 2024-SITE-D-PC01,2024-Q4,ORG-12345,SITE-D,Northern Ireland,Paper/card,Tertiary,2024-01-28,4.26855,Imported
REC-1649-2024-Q3-SITE-A-AL01,2024-Q3,ORG-12345,SITE-A,England,Aluminium,Shipment,2024-01-29,169.51,Supplied as goods
REC-1650-Q2 2024-SITE-C-WD01,2024-Q2,ORG-12345,SITE-C,Wales,Wood,Tertiary,2024-08-30,1825.02,Imported
REC-1651-Q2 2024-SITE-B-PL01,2024-Q2,ORG-12345,SITE-B,Scotland,Plastic,Secondary,2024-10-21,3510.57,Imported
REC-1652-2024-Q1-SITE-D-PC01,2024-Q1,ORG-12345,SITE-D,Northern Ireland,Paper/card,Tertiary,2024-07-13,3.77893,Imported
REC-1653-2024-Q1-SITE-A-OT01,2024-Q1,ORG-12345,SITE-A,England,Other,Tertiary,2024-08-09,1616.84,Supplied as goods
REC-1654-2024-Q3-SITE-B-PC01,2024-Q3,ORG-12345,SITE-B,Scotland,Paper/card,Shipment,2024-09-19,3215.4,Imported
REC-1655-2024-Q3-SITE-B-PC01,2024-Q3,ORG-12345,SITE-B,Scotland,Paper/card,Secondary,2024-03-12,4.484109999999999,Imported
REC-1656-Q2 2024-SITE-E-AL01,2024-Q2,ORG-12345,SITE-E,England,Aluminium,Shipment,2024-11-26,4548.71,Imported
REC-1657-Q2 2024-SITE-C-PL02,2024-Q2,ORG-12345,SITE-C,Wales,Plastic,Primary,2024-07-07,498.18,Supplied as goods
REC-1658-2024-Q3-SITE-A-OT01,2024-Q3,ORG-12345,SITE-A,England,Other,Secondary,2024-11-01,708.51,Imported
REC-1659-Q2 2024-SITE-B-PL02,2024-Q2,ORG-12345,SITE-B,Scotland,Plastic,Secondary,2024-06-03,2.2405500000000003,Supplied as goods
REC-1660-Q2 2024-SITE-B-PL01,2024-Q2,ORG-12345,SITE-B,Scotland,Plastic,Secondary,2024-12-11,4.17458,Supplied as goods
REC-1661-Q4 2024-SITE-E-AL01,2024-Q4,ORG-12345,SITE-E,England,Aluminium,Primary,2024-08-14,1.51913,Supplied as goods
REC-1662-Q4 2024-SITE-E-OT01,2024-Q4,ORG-12345,SITE-E,England,Other,Shipment,2024-11-04,1.0015800000000001,Exported
REC-1663-Q4 2024-SITE-C-FB01,2024-Q4,ORG-12345,SITE-C,Wales,Fibre-based composite,Tertiary,2024-07-19,3548.39,Imported
REC-1664-Q2 2024-SITE-C-AL01,2024-Q2,ORG-12345,SITE-C,Wales,Aluminium,Secondary,2024-11-06,1.81752,Exported
REC-1665-Q2 2024-SITE-A-GL01,2024-Q2,ORG-12345,SITE-A,England,Glass,Primary,2024-07-11,3556.35,Exported
REC-1666-Q4 2024-SITE-D-OT01,2024-Q4,ORG-12345,SITE-D,Northern Ireland,Other,Tertiary,2024-11-12,2.35317,Supplied as goods
REC-1667-2024-Q1-SITE-E-FB01,2024-Q1,ORG-12345,SITE-E,England,Fibre-based composite,Primary,2024-09-15,159.47,Supplied as goods
REC-1668-2024-Q3-SITE-E-GL01,2024-Q3,ORG-12345,SITE-E,England,Glass,Primary,2024-01-29,1804.34,Exported
REC-1669-Q2 2024-SITE-D-WD01,2024-Q2,ORG-12345,SITE-D,Northern Ireland,Wood,Secondary,2024-09-02,3.83361,Exported
REC-1670-Q4 2024-SITE-B-ST01,2024-Q4,ORG-12345,SITE-B,Scotland,Steel,Shipment,2024-10-17,3389.6,Exported
REC-1671-2024-Q1-SITE-C-PC01,2024-Q1,ORG-12345,SITE-C,Wales,Paper/card,Tertiary,2024-11-24,4.8559,Supplied as goods
REC-1672-Q2 2024-SITE-B-PL02,2024-Q2,ORG-12345,SITE-B,Scotland,Plastic,Shipment,2024-01-30,3.6653800000000003,Imported
REC-1673-Q4 2024-SITE-D-WD01,2024-Q4,ORG-12345,SITE-D,Northern Ireland,Wood,Tertiary,2024-07-28,1.6923599999999999,Supplied as goods
REC-1674-Q2 2024-SITE-C-WD01,2024-Q2,ORG-12345,SITE-C,Wales,Wood,Primary,2024-08-22,955.8,Imported
REC-1675-Q2 2024-SITE-B-ST01,2024-Q2,ORG-12345,SITE-B,Scotland,Steel,Secondary,2024-12-11,963.6,Supplied as goods
REC-1676-2024-Q1-SITE-A-PL02,2024-Q1,ORG-12345,SITE-A,England,Plastic,Secondary,2024-02-14,3771.49,Imported
REC-1677-2024-Q3-SITE-A-PC01,2024-Q3,ORG-12345,SITE-A,England,Paper/card,Primary,2024-06-19,0.05856,Supplied as goods
REC-1678-Q2 2024-SITE-B-PL01,2024-Q2,ORG-12345,SITE-B,Scotland,Plastic,Tertiary,2024-11-27,2.83866,Exported
REC-1679-Q2 2024-SITE-A-WD01,2024-Q2,ORG-12345,SITE-A,England,Wood,Primary,2024-07-24,1130.95,Exported
REC-1680-Q2 2024-SITE-E-GL01,2024-Q2,ORG-12345,SITE-E,England,Glass,Secondary,2024-01-30,4.23757,Exported
REC-1681-2024-Q1-SITE-C-PL01,2024-Q1,ORG-12345,SITE-C,Wales,Plastic,Shipment,2024-12-29,4045.66,Supplied as goods
REC-1682-Q2 2024-SITE-D-GL01,2024-Q2,ORG-12345,SITE-D,Northern Ireland,Glass,Shipment,2024-04-03,0.87856,Exported
REC-1683-2024-Q1-SITE-D-PC01,2024-Q1,ORG-12345,SITE-D,Northern Ireland,Paper/card,Secondary,2024-10-24,2762.5,Exported
REC-1684-Q2 2024-SITE-D-PL02,2024-Q2,ORG-12345,SITE-D,Northern Ireland,Plastic,Secondary,2024-02-05,1.8601800000000002,Supplied as goods
REC-1685-2024-Q1-SITE-E-PC01,2024-Q1,ORG-12345,SITE-E,England,Paper/card,Primary,2024-12-15,4.0639899999999995,Imported
REC-1686-Q2 2024-SITE-E-PC01,2024-Q2,ORG-12345,SITE-E,England,Paper/card,Shipment,2024-06-27,2896.68,Exported
REC-1687-Q4 2024-SITE-D-GL01,2024-Q4,ORG-12345,SITE-D,Northern Ireland,Glass,Secondary,2024-02-26,1500.15,Supplied as goods
REC-1688-Q4 2024-SITE-E-WD01,2024-Q4,ORG-12345,SITE-E,England,Wood,Primary,2024-09-25,566.38,Imported
REC-1689-2024-Q1-SITE-B-ST01,2024-Q1,ORG-12345,SITE-B,Scotland,Steel,Tertiary,2024-11-10,3.50956,Exported
REC-1690-2024-Q1-SITE-E-OT01,2024-Q1,ORG-12345,SITE-E,England,Other,Primary,2024-06-18,1.60259,Exported
REC-1691-Q2 2024-SITE-D-FB01,2024-Q2,ORG-12345,SITE-D,Northern Ireland,Fibre-based composite,Primary,2024-07-22,4.82273,Imported
REC-1692-2024-Q3-SITE-B-PL01,2024-Q3,ORG-12345,SITE-B,Scotland,Plastic,Primary,2024-04-28,2.31331,Supplied as goods
REC-1693-Q4 2024-SITE-A-WD01,2024-Q4,ORG-12345,SITE-A,England,Wood,Primary,2025-01-01,3.22008,Exported
REC-1694-Q4 2024-SITE-B-PL02,2024-Q4,ORG-12345,SITE-B,Scotland,Plastic,Secondary,2024-07-23,4526.76,Supplied as goods
REC-1695-2024-Q3-SITE-E-FB01,2024-Q3,ORG-12345,SITE-E,England,Fibre-based composite,Primary,2024-12-28,0.75126,Supplied as goods
REC-1696-2024-Q1-SITE-D-ST01,2024-Q1,ORG-12345,SITE-D,Northern Ireland,Steel,Primary,2024-08-13,3696.34,Exported
REC-1697-2024-Q1-SITE-C-FB01,2024-Q1,ORG-12345,SITE-C,Wales,Fibre-based composite,Secondary,2025-01-03,4092.79,Supplied as goods
REC-1698-2024-Q1-SITE-B-FB01,2024-Q1,ORG-12345,SITE-B,Scotland,Fibre-based composite,Primary,2024-03-13,3.8472800000000005,Exported
REC-1699-2024-Q3-SITE-B-PL02,2024-Q3,ORG-12345,SITE-B,Scotland,Plastic,Primary,2025-01-04,379.18,Imported
REC-1700-2024-Q1-SITE-A-FB01,2024-Q1,ORG-12345,SITE-A,England,Fibre-based composite,Secondary,2024-04-27,1467.87,Exported
REC-1701-2024Q2-SITE-D-PL02,2024-Q2,ORG-12345,SITE-D,Northern Ireland,Plastic,Shipment,2024-03-12,1.0439,Imported
REC-1702-Q4 2024-SITE-B-AL01,2024-Q4,ORG-12345,SITE-B,Scotland,Aluminium,Primary,2024-07-22,0.96317,Imported
REC-1703-Q2 2024-SITE-E-WD01,2024-Q2,ORG-12345,SITE-E,England,Wood,Primary,2024-06-25,2.23802,Supplied as goods
REC-1704-Q2 2024-SITE-C-PL01,2024-Q2,ORG-12345,SITE-C,Wales,Plastic,Shipment,2024-09-07,4745.52,Supplied as goods
REC-1705-2024-Q1-SITE-C-AL01,2024-Q1,ORG-12345,SITE-C,Wales,Aluminium,Tertiary,2024-04-18,1.98699,Supplied as goods
REC-1706-2024-Q1-SITE-D-AL01,2024-Q1,ORG-12345,SITE-D,Northern Ireland,Aluminium,Secondary,2024-11-18,3.61985,Exported
REC-1707-2024-Q1-SITE-A-OT01,2024-Q1,ORG-12345,SITE-A,England,Other,Secondary,2024-03-15,847.44,Exported
REC-1708-2024-Q3-SITE-C-FB01,2024-Q3,ORG-12345,SITE-C,Wales,Fibre-based composite,Shipment,2024-03-28,0.13644,Exported
REC-1710-2024-Q1-SITE-E-PL02,2024-Q1,ORG-12345,SITE-E,England,Plastic,Tertiary,2024-12-12,3.8227700000000002,Supplied as goods
REC-1712-2024-Q3-SITE-D-ST01,2024-Q3,ORG-12345,SITE-D,Northern Ireland,Steel,Secondary,2024-03-28,2.3021700000000003,Exported
REC-1713-Q2 2024-SITE-C-ST01,2024-Q2,ORG-12345,SITE-C,Wales,Steel,Tertiary,2024-01-25,,Exported
REC-1714-Q2 2024-SITE-D-FB01,2024-Q2,ORG-12345,SITE-D,Northern Ireland,Fibre-based composite,Tertiary,2024-03-19,762.72,Imported
REC-1715-Q4 2024-SITE-D-UNKNOWN,2024-Q4,ORG-12345,SITE-D,Northern Ireland,,Primary,2024-07-31,2134.65,Imported
REC-1716-Q2 2024-SITE-B-WD01,2024-Q2,ORG-12345,SITE-B,Scotland,Wood,Secondary,2024-05-05,1663.75,Imported
REC-1717-Q4 2024-SITE-Z-AL01,2024-Q4,ORG-12345,SITE-Z,,Aluminium,Shipment,2024-12-09,4742.62,Supplied as goods
REC-1718-Q4 2024-SITE-E-ST01,2024-Q4,ORG-12345,SITE-E,England,Steel,Primary,2024-11-29,0.7495900000000001,Imported
REC-1719-Q4 2024-SITE-D-FB01,2024-Q4,ORG-12345,SITE-D,Northern Ireland,Fibre-based composite,Primary,2024-08-28,1.12503,Supplied as goods
REC-1720-Q2 2024-SITE-C-PL01,2024-Q2,ORG-12345,SITE-C,Wales,Plastic,Tertiary,2024-08-07,1.96055,Supplied as goods
REC-1721-Q4 2024-SITE-B-AL01,2024-Q4,ORG-12345,SITE-B,Scotland,Aluminium,Primary,2024-11-22,1.6166300000000002,Imported
REC-1722-2024-Q1-SITE-A-OT01,2024-Q1,ORG-12345,SITE-A,England,Other,Tertiary,2024-01-19,4.38579,Exported
REC-1723-Q2 2024-SITE-B-PL01,2024-Q2,ORG-12345,SITE-B,Scotland,Plastic,Secondary,2024-06-20,1600.8,Supplied as goods
REC-1724-2024-Q3-SITE-D-PL02,2024-Q3,ORG-12345,SITE-D,Northern Ireland,Plastic,Secondary,2024-04-13,4550.77,Exported
REC-1725-Q2 2024-SITE-B-ST01,2024-Q2,ORG-12345,SITE-B,Scotland,Steel,Secondary,2024-03-15,4.02156,Supplied as goods
REC-1726-Q2 2024-SITE-C-OT01,2024-Q2,ORG-12345,SITE-C,Wales,Other,Shipment,2024-12-19,833.49,Imported
REC-1727-Q4 2024-SITE-D-GL01,2024-Q4,ORG-12345,SITE-D,Northern Ireland,Glass,Secondary,2024-09-15,3.79058,Supplied as goods
REC-1728-Q2 2024-SITE-D-GL01,2024-Q2,ORG-12345,SITE-D,Northern Ireland,Glass,Tertiary,2024-01-25,2951.57,Supplied as goods
REC-1729-2024-Q3-SITE-A-WD01,2024-Q3,ORG-12345,SITE-A,England,Wood,Tertiary,2024-04-14,1751.95,Exported
REC-1730-Q2 2024-SITE-A-GL01,2024-Q2,ORG-12345,SITE-A,England,Glass,Shipment,2024-06-27,3.403,Imported
REC-1731-Q4 2024-SITE-A-ST01,2024-Q4,ORG-12345,SITE-A,England,Steel,Tertiary,2024-07-19,1805.82,Supplied as goods
REC-1732-2024-Q3-SITE-D-ST01,2024-Q3,ORG-12345,SITE-D,Northern Ireland,Steel,Primary,2024-02-10,1.4372200000000002,Exported
REC-1733-2024-Q1-SITE-C-AL01,2024-Q1,ORG-12345,SITE-C,Wales,Aluminium,Tertiary,2024-12-16,1352.41,Imported
REC-1734-2024-Q1-SITE-B-WD01,2024-Q1,ORG-12345,SITE-B,Scotland,Wood,Tertiary,2024-11-03,1.69795,Supplied as goods
REC-1735-Q4 2024-SITE-D-PL01,2024-Q4,ORG-12345,SITE-D,Northern Ireland,Plastic,Secondary,2025-01-04,1038.23,Imported
REC-1736-2024-Q3-SITE-D-ST01,2024-Q3,ORG-12345,SITE-D,Northern Ireland,Steel,Tertiary,2024-07-10,1711.39,Imported
REC-1737-Q4 2024-SITE-A-ST01,2024-Q4,ORG-12345,SITE-A,England,Steel,Shipment,2024-02-27,2469.71,Supplied as goods
REC-1738-2024-Q1-SITE-B-PC01,2024-Q1,ORG-12345,SITE-B,Scotland,Paper/card,Tertiary,2024-02-22,4.4843,Exported
REC-1739-2024-Q1-SITE-A-GL01,2024-Q1,ORG-12345,SITE-A,England,Glass,Secondary,2024-01-21,0.8123300000000001,Supplied as goods
REC-1740-2024-Q1-SITE-C-PC01,2024-Q1,ORG-12345,SITE-C,Wales,Paper/card,Tertiary,2024-03-17,398.39,Exported
REC-1741-2024-Q1-SITE-B-PL01,2024-Q1,ORG-12345,SITE-B,Scotland,Plastic,Tertiary,2024-03-01,1.03763,Supplied as goods
REC-1742-Q4 2024-SITE-A-PL01,2024-Q4,ORG-12345,SITE-A,England,Plastic,Secondary,2024-11-30,1.2037200000000001,Exported
REC-1743-Q2 2024-SITE-E-OT01,2024-Q2,ORG-12345,SITE-E,England,Other,Primary,2024-06-10,4096.88,Imported
REC-1744-Q2 2024-SITE-B-PL01,2024-Q2,ORG-12345,SITE-B,Scotland,Plastic,Secondary,2024-03-28,2.56254,Supplied as goods
REC-1745-Q2 2024-SITE-B-OT01,2024-Q2,ORG-12345,SITE-B,Scotland,Other,Shipment,2024-05-10,3.5148400000000004,Supplied as goods
REC-1746-Q4 2024-SITE-E-GL01,2024-Q4,ORG-12345,SITE-E,England,Glass,Secondary,2024-12-07,4188.4,Exported
REC-1747-2024-Q1-SITE-B-ST01,2024-Q1,ORG-12345,SITE-B,Scotland,Steel,Primary,2024-12-29,1292.2,Imported
REC-1748-2024-Q3-SITE-D-ST01,2024-Q3,ORG-12345,SITE-D,Northern Ireland,Steel,Secondary,2024-02-14,0.37002999999999997,Supplied as goods
REC-1749-2024-Q1-SITE-A-FB01,2024-Q1,ORG-12345,SITE-A,England,Fibre-based composite,Primary,2024-11-11,3833.95,Exported
REC-1750-2024-Q3-SITE-E-PC01,2024-Q3,ORG-12345,SITE-E,England,Paper/card,Tertiary,2024-06-26,3.04726,Exported
REC-1751-2024-Q3-SITE-D-WD01,2024-Q3,ORG-12345,SITE-D,Northern Ireland,Wood,Secondary,2024-06-23,4064.28,Exported
REC-1752-2024-Q3-SITE-A-OT01,2024-Q3,ORG-12345,SITE-A,England,Other,Tertiary,2024-09-09,1.1791500000000001,Supplied as goods
REC-1753-Q2 2024-SITE-D-WD01,2024-Q2,ORG-12345,SITE-D,Northern Ireland,Wood,Secondary,2024-07-30,2344.94,Imported
REC-1754-Q4 2024-SITE-B-FB01,2024-Q4,ORG-12345,SITE-B,Scotland,Fibre-based composite,Primary,2024-01-22,3951.91,Supplied as goods
REC-1755-Q2 2024-SITE-E-FB01,2024-Q2,ORG-12345,SITE-E,England,Fibre-based composite,Tertiary,2024-03-03,4.53154,Exported
REC-1756-2024-Q1-SITE-B-PL01,2024-Q1,ORG-12345,SITE-B,Scotland,Plastic,Secondary,2024-08-02,792.0,Imported
REC-1757-Q4 2024-SITE-D-GL01,2024-Q4,ORG-12345,SITE-D,Northern Ireland,Glass,Secondary,2024-08-24,1.42446,Exported
REC-1758-2024-Q3-SITE-A-GL01,2024-Q3,ORG-12345,SITE-A,England,Glass,Secondary,2024-09-15,0.34581,Exported
REC-1759-Q4 2024-SITE-B-ST01,2024-Q4,ORG-12345,SITE-B,Scotland,Steel,Primary,2024-01-21,2617.88,Supplied as goods
REC-1760-Q4 2024-SITE-E-ST01,2024-Q4,ORG-12345,SITE-E,England,Steel,Tertiary,2024-03-17,1725.97,Supplied as goods
REC-1761-2024-Q3-SITE-B-GL01,2024-Q3,ORG-12345,SITE-B,Scotland,Glass,Shipment,2024-09-13,1738.43,Imported
REC-1762-2024-Q3-SITE-B-PL02,2024-Q3,ORG-12345,SITE-B,Scotland,Plastic,Primary,2024-05-13,1.88154,Imported
REC-1763-2024-Q3-SITE-E-PC01,2024-Q3,ORG-12345,SITE-E,England,Paper/card,Tertiary,2024-04-23,3944.69,Imported
REC-1764-Q2 2024-SITE-E-GL01,2024-Q2,ORG-12345,SITE-E,England,Glass,Secondary,2024-09-21,2.88276,Exported
REC-1765-Q2 2024-SITE-D-WD01,2024-Q2,ORG-12345,SITE-D,Northern Ireland,Wood,Primary,2024-06-27,2.57925,Imported
REC-1766-Q4 2024-SITE-A-PL02,2024-Q4,ORG-12345,SITE-A,England,Plastic,Shipment,2024-04-22,2340.31,Imported
REC-1767-Q2 2024-SITE-D-ST01,2024-Q2,ORG-12345,SITE-D,Northern Ireland,Steel,Tertiary,2024-12-04,1.8507200000000001,Supplied as goods
REC-1768-Q2 2024-SITE-E-PL01,2024-Q2,ORG-12345,SITE-E,England,Plastic,Secondary,2024-06-26,4132.94,Imported
REC-1769-2024-Q1-SITE-B-WD01,2024-Q1,ORG-12345,SITE-B,Scotland,Wood,Secondary,2024-02-15,4.42191,Exported
REC-1770-2024-Q1-SITE-D-AL01,2024-Q1,ORG-12345,SITE-D,Northern Ireland,Aluminium,Shipment,2024-05-27,1448.16,Exported
REC-1771-2024-Q3-SITE-A-AL01,2024-Q3,ORG-12345,SITE-A,England,Aluminium,Primary,2024-03-30,175.15,Imported
REC-1772-2024-Q1-SITE-C-WD01,2024-Q1,ORG-12345,SITE-C,Wales,Wood,Tertiary,2024-09-04,2798.56,Imported
REC-1773-Q2 2024-SITE-B-ST01,2024-Q2,ORG-12345,SITE-B,Scotland,Steel,Primary,2024-01-23,3052.39,Exported
REC-1774-2024-Q3-SITE-B-PL02,2024-Q3,ORG-12345,SITE-B,Scotland,Plastic,Primary,2024-07-25,2785.25,Imported
REC-1775-Q2 2024-SITE-D-OT01,2024-Q2,ORG-12345,SITE-D,Northern Ireland,Other,Primary,2024-11-23,2199.59,Exported
REC-1776-2024-Q1-SITE-E-PL01,2024-Q1,ORG-12345,SITE-E,England,Plastic,Tertiary,2024-03-22,1.65387,Imported
REC-1777-Q2 2024-SITE-E-WD01,2024-Q2,ORG-12345,SITE-E,England,Wood,Primary,2024-05-14,0.74256,Supplied as goods
REC-1778-Q4 2024-SITE-A-PL02,2024-Q4,ORG-12345,SITE-A,England,Plastic,Tertiary,2024-02-19,4862.98,Imported
REC-1779-Q2 2024-SITE-D-WD01,2024-Q2,ORG-12345,SITE-D,Northern Ireland,Wood,Secondary,2024-02-29,357.64,Exported
REC-1780-Q2 2024-SITE-B-AL01,2024-Q2,ORG-12345,SITE-B,Scotland,Aluminium,Secondary,2024-12-10,620.48,Supplied as goods
REC-1781-2024-Q1-SITE-D-OT01,2024-Q1,ORG-12345,SITE-D,Northern Ireland,Other,Primary,2024-05-06,3.23237,Supplied as goods
REC-1782-Q4 2024-SITE-D-AL01,2024-Q4,ORG-12345,SITE-D,Northern Ireland,Aluminium,Primary,2024-10-02,2527.89,Supplied as goods
REC-1783-2024-Q1-SITE-E-ST01,2024-Q1,ORG-12345,SITE-E,England,Steel,Secondary,2024-04-26,3364.73,Supplied as goods
REC-1784-2024-Q1-SITE-C-PL01,2024-Q1,ORG-12345,SITE-C,Wales,Plastic,Primary,2024-07-21,2.93456,Supplied as goods
REC-1785-2024-Q1-SITE-E-OT01,2024-Q1,ORG-12345,SITE-E,England,Other,Tertiary,2024-11-28,2.01605,Supplied as goods
REC-1786-Q2 2024-SITE-B-ST01,2024-Q2,ORG-12345,SITE-B,Scotland,Steel,Secondary,2024-05-25,1902.79,Exported
REC-1787-2024-Q3-SITE-A-PC01,2024-Q3,ORG-12345,SITE-A,England,Paper/card,Primary,2024-01-29,4494.74,Imported
REC-1788-Q2 2024-SITE-B-WD01,2024-Q2,ORG-12345,SITE-B,Scotland,Wood,Shipment,2024-02-05,3375.64,Exported
REC-1789-2024-Q3-SITE-B-FB01,2024-Q3,ORG-12345,SITE-B,Scotland,Fibre-based composite,Tertiary,2024-12-25,3.72693,Supplied as goods
REC-1790-2024-Q3-SITE-B-AL01,2024-Q3,ORG-12345,SITE-B,Scotland,Aluminium,Shipment,2024-10-02,1.83664,Imported
REC-1791-Q2 2024-SITE-C-PL01,2024-Q2,ORG-12345,SITE-C,Wales,Plastic,Secondary,2024-07-31,1.1213,Supplied as goods
REC-1792-Q4 2024-SITE-D-PC01,2024-Q4,ORG-12345,SITE-D,Northern Ireland,Paper/card,Secondary,2024-11-15,3.0289699999999997,Imported
REC-1793-2024-Q1-SITE-A-ST01,2024-Q1,ORG-12345,SITE-A,England,Steel,Tertiary,2024-01-30,4.2939300000000005,Exported
REC-1794-Q4 2024-SITE-C-PL01,2024-Q4,ORG-12345,SITE-C,Wales,Plastic,Tertiary,2024-10-31,4.7366,Supplied as goods
REC-1795-2024-Q3-SITE-D-GL01,2024-Q3,ORG-12345,SITE-D,Northern Ireland,Glass,Primary,2024-06-06,1.87185,Supplied as goods
REC-1796-2024-Q3-SITE-A-FB01,2024-Q3,ORG-12345,SITE-A,England,Fibre-based composite,Tertiary,2024-05-28,1.52248,Supplied as goods
REC-1797-Q2 2024-SITE-D-WD01,2024-Q2,ORG-12345,SITE-D,Northern Ireland,Wood,Tertiary,2024-03-12,0.64561,Supplied as goods
REC-1798-2024-Q1-SITE-C-PL02,2024-Q1,ORG-12345,SITE-C,Wales,Plastic,Tertiary,2024-10-29,2303.46,Supplied as goods
REC-1799-Q4 2024-SITE-A-WD01,2024-Q4,ORG-12345,SITE-A,England,Wood,Primary,2024-07-26,3.4744200000000003,Exported
REC-1800-Q2 2024-SITE-D-PL01,2024-Q2,ORG-12345,SITE-D,Northern Ireland,Plastic,Primary,2024-11-05,2190.81,Imported
REC-1801-2024Q2-SITE-C-PL01,2024-Q2,ORG-12345,SITE-C,Wales,Plastic,Tertiary,2024-05-30,4799.17,Supplied as goods
REC-1802-Q4 2024-SITE-B-PL01,2024-Q4,ORG-12345,SITE-B,Scotland,Plastic,Tertiary,2024-12-12,4.8177900000000005,Imported
REC-1803-Q4 2024-SITE-E-PL01,2024-Q4,ORG-12345,SITE-E,England,Plastic,Primary,2024-02-08,4185.19,Exported
REC-1804-Q2 2024-SITE-D-ST01,2024-Q2,ORG-12345,SITE-D,Northern Ireland,Steel,Secondary,2024-12-17,3010.34,Supplied as goods
REC-1805-Q4 2024-SITE-C-PC01,2024-Q4,ORG-12345,SITE-C,Wales,Paper/card,Tertiary,2024-11-07,2.7268000000000003,Exported
REC-1806-Q4 2024-SITE-B-FB01,2024-Q4,ORG-12345,SITE-B,Scotland,Fibre-based composite,Secondary,2024-10-18,4918.39,Imported
REC-1807-2024-Q3-SITE-B-FB01,2024-Q3,ORG-12345,SITE-B,Scotland,Fibre-based composite,Secondary,2024-03-15,477.91,Imported
REC-1808-2024-Q3-SITE-A-WD01,2024-Q3,ORG-12345,SITE-A,England,Wood,Secondary,2024-11-30,4.31591,Exported
REC-1810-2024-Q1-SITE-E-FB01,2024-Q1,ORG-12345,SITE-E,England,Fibre-based composite,Primary,2024-01-17,4.40958,Imported
REC-1812-2024-Q3-SITE-B-PC01,2024-Q3,ORG-12345,SITE-B,Scotland,Paper/card,Shipment,2024-08-10,2639.45,Imported
REC-1813-2024-Q1-SITE-B-PL02,2024-Q1,ORG-12345,SITE-B,Scotland,Plastic,Primary,2024-03-10,,Exported
REC-1814-Q4 2024-SITE-B-WD01,2024-Q4,ORG-12345,SITE-B,Scotland,Wood,Primary,2024-05-01,3489.94,Supplied as goods
REC-1815-2024-Q1-SITE-A-UNKNOWN,2024-Q1,ORG-12345,SITE-A,England,,Tertiary,2024-06-14,4.76018,Supplied as goods
REC-1816-2024-Q3-SITE-A-PL02,2024-Q3,ORG-12345,SITE-A,England,Plastic,Primary,2024-03-15,4.1469,Supplied as goods
REC-1817-Q4 2024-SITE-Z-FB01,2024-Q4,ORG-12345,SITE-Z,,Fibre-based composite,Secondary,2024-04-30,2044.85,Exported
REC-1818-2024-Q1-SITE-E-ST01,2024-Q1,ORG-12345,SITE-E,England,Steel,Secondary,2024-09-22,2968.97,Exported
REC-1819-Q4 2024-SITE-D-PL01,2024-Q4,ORG-12345,SITE-D,Northern Ireland,Plastic,Secondary,2024-03-05,1789.91,Imported
REC-1820-2024-Q1-SITE-D-FB01,2024-Q1,ORG-12345,SITE-D,Northern Ireland,Fibre-based composite,Tertiary,2024-02-03,3120.15,Exported
REC-1821-Q2 2024-SITE-A-WD01,2024-Q2,ORG-12345,SITE-A,England,Wood,Tertiary,2024-12-03,2.40062,Supplied as goods
REC-1822-Q4 2024-SITE-E-PL02,2024-Q4,ORG-12345,SITE-E,England,Plastic,Secondary,2024-06-28,3.75781,Imported
REC-1823-Q4 2024-SITE-E-ST01,2024-Q4,ORG-12345,SITE-E,England,Steel,Shipment,2024-01-20,4.28048,Exported
REC-1824-Q2 2024-SITE-A-GL01,2024-Q2,ORG-12345,SITE-A,England,Glass,Shipment,2024-06-03,3915.13,Exported
REC-1825-2024-Q1-SITE-C-FB01,2024-Q1,ORG-12345,SITE-C,Wales,Fibre-based composite,Tertiary,2024-10-05,3.28583,Exported
REC-1826-2024-Q3-SITE-A-WD01,2024-Q3,ORG-12345,SITE-A,England,Wood,Primary,2024-07-02,1.50228,Imported
REC-1827-Q4 2024-SITE-B-FB01,2024-Q4,ORG-12345,SITE-B,Scotland,Fibre-based composite,Primary,2024-05-21,0.8162400000000001,Exported
REC-1828-2024-Q1-SITE-D-PL01,2024-Q1,ORG-12345,SITE-D,Northern Ireland,Plastic,Secondary,2024-04-17,4.0436700000000005,Exported
REC-1829-Q4 2024-SITE-B-AL01,2024-Q4,ORG-12345,SITE-B,Scotland,Aluminium,Secondary,2024-03-14,2938.67,Exported
REC-1830-Q4 2024-SITE-D-PL02,2024-Q4,ORG-12345,SITE-D,Northern Ireland,Plastic,Primary,2025-01-06,0.7034,Supplied as goods
REC-1831-2024-Q1-SITE-E-FB01,2024-Q1,ORG-12345,SITE-E,England,Fibre-based composite,Primary,2024-09-13,2649.62,Exported
REC-1832-2024-Q1-SITE-A-PL01,2024-Q1,ORG-12345,SITE-A,England,Plastic,Secondary,2024-05-28,2808.54,Imported
REC-1833-2024-Q1-SITE-B-PC01,2024-Q1,ORG-12345,SITE-B,Scotland,Paper/card,Secondary,2024-04-06,2.56021,Imported
REC-1834-2024-Q3-SITE-E-PL02,2024-Q3,ORG-12345,SITE-E,England,Plastic,Shipment,2024-05-28,3339.97,Supplied as goods
REC-1835-2024-Q1-SITE-A-WD01,2024-Q1,ORG-12345,SITE-A,England,Wood,Primary,2024-04-27,968.28,Exported
REC-1836-2024-Q3-SITE-A-GL01,2024-Q3,ORG-12345,SITE-A,England,Glass,Secondary,2024-10-02,3745.88,Supplied as goods
REC-1837-Q2 2024-SITE-C-PL01,2024-Q2,ORG-12345,SITE-C,Wales,Plastic,Primary,2024-05-18,3.3462600000000005,Exported
REC-1838-Q4 2024-SITE-D-WD01,2024-Q4,ORG-12345,SITE-D,Northern Ireland,Wood,Tertiary,2024-03-05,983.9,Supplied as goods
REC-1839-Q2 2024-SITE-B-GL01,2024-Q2,ORG-12345,SITE-B,Scotland,Glass,Secondary,2024-03-29,3.18531,Exported
REC-1840-Q2 2024-SITE-E-PL02,2024-Q2,ORG-12345,SITE-E,England,Plastic,Secondary,2024-11-30,4.94984,Exported
REC-1841-Q4 2024-SITE-C-FB01,2024-Q4,ORG-12345,SITE-C,Wales,Fibre-based composite,Tertiary,2024-08-23,1.84053,Exported
REC-1842-2024-Q3-SITE-B-PL01,2024-Q3,ORG-12345,SITE-B,Scotland,Plastic,Tertiary,2024-09-01,3.91413,Imported
REC-1843-Q2 2024-SITE-B-AL01,2024-Q2,ORG-12345,SITE-B,Scotland,Aluminium,Tertiary,2024-10-07,2422.86,Supplied as goods
REC-1844-2024-Q1-SITE-D-ST01,2024-Q1,ORG-12345,SITE-D,Northern Ireland,Steel,Secondary,2024-02-27,2.19207,Supplied as goods
REC-1845-2024-Q3-SITE-D-GL01,2024-Q3,ORG-12345,SITE-D,Northern Ireland,Glass,Tertiary,2024-12-12,247.75,Exported
REC-1846-Q4 2024-SITE-D-PC01,2024-Q4,ORG-12345,SITE-D,Northern Ireland,Paper/card,Secondary,2025-01-01,3046.21,Exported
REC-1847-2024-Q3-SITE-D-OT01,2024-Q3,ORG-12345,SITE-D,Northern Ireland,Other,Tertiary,2025-01-03,3.01674,Exported
REC-1848-2024-Q3-SITE-C-WD01,2024-Q3,ORG-12345,SITE-C,Wales,Wood,Secondary,2024-06-10,2.60914,Exported
REC-1849-Q2 2024-SITE-B-OT01,2024-Q2,ORG-12345,SITE-B,Scotland,Other,Primary,2024-06-19,4637.76,Imported
REC-1850-2024-Q3-SITE-C-AL01,2024-Q3,ORG-12345,SITE-C,Wales,Aluminium,Tertiary,2024-08-19,2612.48,Imported
REC-1851-Q2 2024-SITE-C-AL01,2024-Q2,ORG-12345,SITE-C,Wales,Aluminium,Tertiary,2024-12-31,4.458220000000001,Exported
REC-1852-Q2 2024-SITE-D-PC01,2024-Q2,ORG-12345,SITE-D,Northern Ireland,Paper/card,Tertiary,2024-06-12,2.78687,Exported
REC-1853-Q4 2024-SITE-B-AL01,2024-Q4,ORG-12345,SITE-B,Scotland,Aluminium,Primary,2024-05-19,3960.23,Exported
REC-1854-2024-Q3-SITE-E-FB01,2024-Q3,ORG-12345,SITE-E,England,Fibre-based composite,Secondary,2024-05-24,1390.17,Exported
REC-1855-2024-Q1-SITE-A-PL02,2024-Q1,ORG-12345,SITE-A,England,Plastic,Secondary,2024-05-24,4834.24,Supplied as goods
REC-1856-Q4 2024-SITE-E-WD01,2024-Q4,ORG-12345,SITE-E,England,Wood,Secondary,2024-05-30,2938.74,Exported
REC-1857-Q4 2024-SITE-D-PL01,2024-Q4,ORG-12345,SITE-D,Northern Ireland,Plastic,Secondary,2024-06-23,4.9094,Exported
REC-1858-2024-Q1-SITE-A-PL02,2024-Q1,ORG-12345,SITE-A,England,Plastic,Primary,2024-03-10,0.65844,Supplied as goods
REC-1859-Q2 2024-SITE-D-OT01,2024-Q2,ORG-12345,SITE-D,Northern Ireland,Other,Shipment,2024-12-18,0.68074,Imported
REC-1860-Q4 2024-SITE-C-PL01,2024-Q4,ORG-12345,SITE-C,Wales,Plastic,Primary,2024-05-12,1721.15,Supplied as goods
REC-1861-2024-Q3-SITE-E-AL01,2024-Q3,ORG-12345,SITE-E,England,Aluminium,Shipment,2024-04-01,2874.55,Exported
REC-1862-Q4 2024-SITE-B-PL01,2024-Q4,ORG-12345,SITE-B,Scotland,Plastic,Shipment,2024-10-18,1.61775,Exported
REC-1863-2024-Q1-SITE-D-PL01,2024-Q1,ORG-12345,SITE-D,Northern Ireland,Plastic,Primary,2024-05-20,2877.64,Supplied as goods
REC-1864-Q2 2024-SITE-B-FB01,2024-Q2,ORG-12345,SITE-B,Scotland,Fibre-based composite,Primary,2024-03-09,2.32456,Supplied as goods
REC-1865-Q2 2024-SITE-D-PL01,2024-Q2,ORG-12345,SITE-D,Northern Ireland,Plastic,Primary,2024-03-06,1577.05,Exported
REC-1866-Q4 2024-SITE-D-PL02,2024-Q4,ORG-12345,SITE-D,Northern Ireland,Plastic,Secondary,2024-10-18,2.24846,Exported
REC-1867-2024-Q1-SITE-C-ST01,2024-Q1,ORG-12345,SITE-C,Wales,Steel,Primary,2024-09-30,2483.02,Exported
REC-1868-2024-Q1-SITE-B-FB01,2024-Q1,ORG-12345,SITE-B,Scotland,Fibre-based composite,Tertiary,2025-01-06,3052.44,Imported
REC-1869-Q4 2024-SITE-C-FB01,2024-Q4,ORG-12345,SITE-C,Wales,Fibre-based composite,Primary,2024-05-21,1075.3,Imported
REC-1870-Q2 2024-SITE-A-ST01,2024-Q2,ORG-12345,SITE-A,England,Steel,Primary,2025-01-06,3022.16,Imported
REC-1871-2024-Q3-SITE-E-PL02,2024-Q3,ORG-12345,SITE-E,England,Plastic,Secondary,2024-07-28,4010.5,Exported
REC-1872-Q4 2024-SITE-A-PL01,2024-Q4,ORG-12345,SITE-A,England,Plastic,Secondary,2024-07-11,3634.68,Imported
REC-1873-Q2 2024-SITE-D-AL01,2024-Q2,ORG-12345,SITE-D,Northern Ireland,Aluminium,Secondary,2024-05-06,4562.41,Imported
REC-1874-2024-Q3-SITE-D-OT01,2024-Q3,ORG-12345,SITE-D,Northern Ireland,Other,Shipment,2024-05-11,4.0602,Exported
REC-1875-2024-Q1-SITE-C-PL02,2024-Q1,ORG-12345,SITE-C,Wales,Plastic,Tertiary,2024-05-24,0.50727,Supplied as goods
REC-1876-Q2 2024-SITE-C-WD01,2024-Q2,ORG-12345,SITE-C,Wales,Wood,Primary,2024-08-11,751.09,Imported
REC-1877-2024-Q1-SITE-E-ST01,2024-Q1,ORG-12345,SITE-E,England,Steel,Primary,2024-12-15,0.38056,Exported
REC-1878-Q2 2024-SITE-B-GL01,2024-Q2,ORG-12345,SITE-B,Scotland,Glass,Secondary,2024-04-24,2377.73,Exported
REC-1879-2024-Q1-SITE-E-PL02,2024-Q1,ORG-12345,SITE-E,England,Plastic,Primary,2024-10-24,1.38177,Supplied as goods
REC-1880-2024-Q1-SITE-B-PC01,2024-Q1,ORG-12345,SITE-B,Scotland,Paper/card,Tertiary,2024-04-11,0.80596,Supplied as goods
REC-1881-Q2 2024-SITE-D-ST01,2024-Q2,ORG-12345,SITE-D,Northern Ireland,Steel,Shipment,2024-02-08,2.52952,Supplied as goods
REC-1882-2024-Q3-SITE-E-WD01,2024-Q3,ORG-12345,SITE-E,England,Wood,Primary,2024-05-19,1247.53,Supplied as goods
REC-1883-2024-Q1-SITE-B-WD01,2024-Q1,ORG-12345,SITE-B,Scotland,Wood,Primary,2024-07-26,0.59389,Exported
REC-1884-Q4 2024-SITE-D-GL01,2024-Q4,ORG-12345,SITE-D,Northern Ireland,Glass,Primary,2024-09-09,2330.82,Imported
REC-1885-Q4 2024-SITE-C-OT01,2024-Q4,ORG-12345,SITE-C,Wales,Other,Secondary,2024-09-28,2908.49,Exported
REC-1886-2024-Q1-SITE-C-WD01,2024-Q1,ORG-12345,SITE-C,Wales,Wood,Primary,2024-08-13,1074.12,Supplied as goods
REC-1887-Q2 2024-SITE-D-FB01,2024-Q2,ORG-12345,SITE-D,Northern Ireland,Fibre-based composite,Secondary,2024-05-04,1899.44,Imported
REC-1888-Q2 2024-SITE-E-FB01,2024-Q2,ORG-12345,SITE-E,England,Fibre-based composite,Tertiary,2024-06-17,3764.22,Exported
REC-1889-2024-Q3-SITE-D-FB01,2024-Q3,ORG-12345,SITE-D,Northern Ireland,Fibre-based composite,Primary,2024-08-06,0.13107,Supplied as goods
REC-1890-Q2 2024-SITE-D-WD01,2024-Q2,ORG-12345,SITE-D,Northern Ireland,Wood,Tertiary,2024-02-10,1.88926,Imported
REC-1891-2024-Q1-SITE-C-AL01,2024-Q1,ORG-12345,SITE-C,Wales,Aluminium,Primary,2024-09-09,4617.6,Exported
REC-1892-Q4 2024-SITE-C-FB01,2024-Q4,ORG-12345,SITE-C,Wales,Fibre-based composite,Tertiary,2024-09-16,436.71,Imported
REC-1893-2024-Q1-SITE-A-PL02,2024-Q1,ORG-12345,SITE-A,England,Plastic,Secondary,2024-10-28,1.00772,Imported
REC-1894-Q4 2024-SITE-A-ST01,2024-Q4,ORG-12345,SITE-A,England,Steel,Primary,2024-07-04,2572.06,Supplied as goods
REC-1895-2024-Q1-SITE-A-WD01,2024-Q1,ORG-12345,SITE-A,England,Wood,Secondary,2024-09-20,1666.4,Exported
REC-1896-Q4 2024-SITE-B-FB01,2024-Q4,ORG-12345,SITE-B,Scotland,Fibre-based composite,Tertiary,2024-12-18,0.22897,Exported
REC-1897-Q2 2024-SITE-B-WD01,2024-Q2,ORG-12345,SITE-B,Scotland,Wood,Tertiary,2024-11-25,3.1942600000000003,Exported
REC-1898-2024-Q1-SITE-C-FB01,2024-Q1,ORG-12345,SITE-C,Wales,Fibre-based composite,Secondary,2024-04-23,1.1401800000000002,Imported
REC-1899-2024-Q3-SITE-D-FB01,2024-Q3,ORG-12345,SITE-D,Northern Ireland,Fibre-based composite,Shipment,2024-01-15,2.11707,Supplied as goods
REC-1900-Q2 2024-SITE-A-PL02,2024-Q2,ORG-12345,SITE-A,England,Plastic,Primary,2024-04-08,1364.26,Supplied as goods
REC-1901-2024Q2-SITE-E-WD01,2024-Q2,ORG-12345,SITE-E,England,Wood,Primary,2024-05-26,3363.61,Supplied as goods
REC-1902-Q2 2024-SITE-E-OT01,2024-Q2,ORG-12345,SITE-E,England,Other,Shipment,2024-12-29,1686.47,Exported
REC-1903-2024-Q1-SITE-B-OT01,2024-Q1,ORG-12345,SITE-B,Scotland,Other,Primary,2024-09-18,4.04064,Imported
REC-1904-2024-Q3-SITE-A-ST01,2024-Q3,ORG-12345,SITE-A,England,Steel,Secondary,2024-03-09,1537.82,Exported
REC-1905-Q4 2024-SITE-B-GL01,2024-Q4,ORG-12345,SITE-B,Scotland,Glass,Shipment,2024-03-05,4.23022,Supplied as goods
REC-1906-2024-Q3-SITE-D-OT01,2024-Q3,ORG-12345,SITE-D,Northern Ireland,Other,Shipment,2024-02-25,2092.59,Imported
REC-1907-2024-Q1-SITE-C-AL01,2024-Q1,ORG-12345,SITE-C,Wales,Aluminium,Primary,2024-03-15,2.43181,Exported
REC-1908-2024-Q3-SITE-C-FB01,2024-Q3,ORG-12345,SITE-C,Wales,Fibre-based composite,Primary,2024-06-20,2.39221,Imported
REC-1910-Q2 2024-SITE-C-AL01,2024-Q2,ORG-12345,SITE-C,Wales,Aluminium,Secondary,2024-06-30,3.07233,Supplied as goods
REC-1912-Q4 2024-SITE-A-WD01,2024-Q4,ORG-12345,SITE-A,England,Wood,Primary,2024-01-31,3.25745,Exported
REC-1913-2024-Q1-SITE-E-GL01,2024-Q1,ORG-12345,SITE-E,England,Glass,Secondary,2024-04-08,,Imported
REC-1914-2024-Q1-SITE-A-ST01,2024-Q1,ORG-12345,SITE-A,England,Steel,Secondary,2024-04-11,0.24276,Supplied as goods
REC-1915-2024-Q1-SITE-E-UNKNOWN,2024-Q1,ORG-12345,SITE-E,England,,Tertiary,2024-06-08,582.32,Imported
REC-1916-2024-Q1-SITE-B-GL01,2024-Q1,ORG-12345,SITE-B,Scotland,Glass,Primary,2024-11-20,3050.53,Imported
REC-1917-Q4 2024-SITE-Z-AL01,2024-Q4,ORG-12345,SITE-Z,,Aluminium,Tertiary,2024-07-16,208.57,Imported
REC-1918-Q2 2024-SITE-D-OT01,2024-Q2,ORG-12345,SITE-D,Northern Ireland,Other,Secondary,2024-12-21,3284.77,Imported
REC-1919-2024-Q1-SITE-A-PC01,2024-Q1,ORG-12345,SITE-A,England,Paper/card,Primary,2024-11-10,2.33337,Supplied as goods
REC-1920-2024-Q1-SITE-B-PL02,2024-Q1,ORG-12345,SITE-B,Scotland,Plastic,Primary,2024-07-03,4.99122,Supplied as goods
REC-1921-2024-Q1-SITE-D-PC01,2024-Q1,ORG-12345,SITE-D,Northern Ireland,Paper/card,Shipment,2024-12-22,3607.27,Supplied as goods
REC-1922-2024-Q1-SITE-D-OT01,2024-Q1,ORG-12345,SITE-D,Northern Ireland,Other,Tertiary,2024-04-04,1.5475999999999999,Exported
REC-1923-Q4 2024-SITE-C-FB01,2024-Q4,ORG-12345,SITE-C,Wales,Fibre-based composite,Primary,2024-09-25,0.37697,Imported
REC-1924-Q2 2024-SITE-D-WD01,2024-Q2,ORG-12345,SITE-D,Northern Ireland,Wood,Tertiary,2024-08-18,3929.44,Imported
REC-1925-Q2 2024-SITE-A-PC01,2024-Q2,ORG-12345,SITE-A,England,Paper/card,Tertiary,2024-08-14,4.34726,Exported
REC-1926-Q4 2024-SITE-B-PL02,2024-Q4,ORG-12345,SITE-B,Scotland,Plastic,Secondary,2024-04-27,0.78343,Imported
REC-1927-2024-Q3-SITE-C-GL01,2024-Q3,ORG-12345,SITE-C,Wales,Glass,Secondary,2024-01-16,3865.76,Supplied as goods
REC-1928-2024-Q3-SITE-C-PL02,2024-Q3,ORG-12345,SITE-C,Wales,Plastic,Secondary,2024-08-02,1.04848,Exported
REC-1929-2024-Q1-SITE-D-OT01,2024-Q1,ORG-12345,SITE-D,Northern Ireland,Other,Shipment,2024-11-12,4.63656,Exported
REC-1930-2024-Q3-SITE-A-OT01,2024-Q3,ORG-12345,SITE-A,England,Other,Secondary,2024-01-24,4984.11,Exported
REC-1931-Q4 2024-SITE-D-FB01,2024-Q4,ORG-12345,SITE-D,Northern Ireland,Fibre-based composite,Shipment,2024-11-21,4.82717,Exported
REC-1932-2024-Q1-SITE-C-AL01,2024-Q1,ORG-12345,SITE-C,Wales,Aluminium,Secondary,2024-12-22,1153.35,Exported
REC-1933-Q2 2024-SITE-A-ST01,2024-Q2,ORG-12345,SITE-A,England,Steel,Secondary,2024-05-16,0.07121,Imported
REC-1934-Q4 2024-SITE-C-FB01,2024-Q4,ORG-12345,SITE-C,Wales,Fibre-based composite,Primary,2024-09-27,0.28643,Imported
REC-1935-Q2 2024-SITE-E-ST01,2024-Q2,ORG-12345,SITE-E,England,Steel,Tertiary,2024-12-18,3333.41,Exported
REC-1936-2024-Q3-SITE-E-OT01,2024-Q3,ORG-12345,SITE-E,England,Other,Secondary,2024-10-20,4283.41,Supplied as goods
REC-1937-Q4 2024-SITE-B-AL01,2024-Q4,ORG-12345,SITE-B,Scotland,Aluminium,Primary,2024-03-05,2176.03,Exported
REC-1938-Q4 2024-SITE-C-GL01,2024-Q4,ORG-12345,SITE-C,Wales,Glass,Tertiary,2024-08-20,1328.06,Exported
REC-1939-2024-Q1-SITE-C-AL01,2024-Q1,ORG-12345,SITE-C,Wales,Aluminium,Tertiary,2024-04-03,1839.08,Supplied as goods
REC-1940-Q2 2024-SITE-C-PL02,2024-Q2,ORG-12345,SITE-C,Wales,Plastic,Tertiary,2024-09-02,4.77025,Supplied as goods
REC-1941-2024-Q1-SITE-E-PC01,2024-Q1,ORG-12345,SITE-E,England,Paper/card,Primary,2024-12-22,3841.7,Exported
REC-1942-Q2 2024-SITE-C-ST01,2024-Q2,ORG-12345,SITE-C,Wales,Steel,Tertiary,2024-04-20,1.81348,Supplied as goods
REC-1943-Q2 2024-SITE-A-OT01,2024-Q2,ORG-12345,SITE-A,England,Other,Secondary,2024-07-08,0.14023,Exported
REC-1944-2024-Q1-SITE-C-GL01,2024-Q1,ORG-12345,SITE-C,Wales,Glass,Shipment,2024-08-01,2697.31,Exported
REC-1945-Q2 2024-SITE-B-FB01,2024-Q2,ORG-12345,SITE-B,Scotland,Fibre-based composite,Primary,2024-11-27,3890.52,Exported
REC-1946-Q4 2024-SITE-B-WD01,2024-Q4,ORG-12345,SITE-B,Scotland,Wood,Tertiary,2024-09-05,3.7512800000000004,Exported
REC-1947-Q4 2024-SITE-A-FB01,2024-Q4,ORG-12345,SITE-A,England,Fibre-based composite,Secondary,2024-01-16,1.8759100000000002,Exported
REC-1948-2024-Q1-SITE-D-PC01,2024-Q1,ORG-12345,SITE-D,Northern Ireland,Paper/card,Primary,2024-09-08,4672.9,Exported
REC-1949-Q2 2024-SITE-E-PL02,2024-Q2,ORG-12345,SITE-E,England,Plastic,Primary,2024-09-24,2.99351,Supplied as goods
REC-1950-2024-Q1-SITE-E-OT01,2024-Q1,ORG-12345,SITE-E,England,Other,Shipment,2024-06-25,3.81984,Exported
REC-1951-2024-Q1-SITE-A-AL01,2024-Q1,ORG-12345,SITE-A,England,Aluminium,Secondary,2024-06-16,4119.71,Exported
REC-1952-2024-Q3-SITE-C-GL01,2024-Q3,ORG-12345,SITE-C,Wales,Glass,Tertiary,2024-02-22,4.08768,Imported
REC-1953-2024-Q1-SITE-D-OT01,2024-Q1,ORG-12345,SITE-D,Northern Ireland,Other,Secondary,2024-06-08,2516.52,Supplied as goods
REC-1954-2024-Q1-SITE-E-PC01,2024-Q1,ORG-12345,SITE-E,England,Paper/card,Primary,2024-03-13,0.51073,Exported
REC-1955-Q2 2024-SITE-B-PL02,2024-Q2,ORG-12345,SITE-B,Scotland,Plastic,Secondary,2024-02-24,1.6256400000000002,Imported
REC-1956-2024-Q3-SITE-E-AL01,2024-Q3,ORG-12345,SITE-E,England,Aluminium,Primary,2024-12-16,1.59187,Imported
REC-1957-Q4 2024-SITE-C-ST01,2024-Q4,ORG-12345,SITE-C,Wales,Steel,Primary,2024-12-16,3.7738899999999997,Imported
REC-1958-2024-Q1-SITE-A-PC01,2024-Q1,ORG-12345,SITE-A,England,Paper/card,Secondary,2024-09-15,0.30766000000000004,Exported
REC-1959-Q2 2024-SITE-C-PL01,2024-Q2,ORG-12345,SITE-C,Wales,Plastic,Secondary,2024-10-28,2.05964,Imported
REC-1960-Q4 2024-SITE-A-AL01,2024-Q4,ORG-12345,SITE-A,England,Aluminium,Primary,2024-03-19,0.88348,Imported
REC-1961-2024-Q3-SITE-A-GL01,2024-Q3,ORG-12345,SITE-A,England,Glass,Tertiary,2024-04-20,2572.94,Exported
REC-1962-Q4 2024-SITE-E-WD01,2024-Q4,ORG-12345,SITE-E,England,Wood,Shipment,2024-10-11,0.34389,Supplied as goods
REC-1963-2024-Q3-SITE-E-ST01,2024-Q3,ORG-12345,SITE-E,England,Steel,Secondary,2024-05-21,2052.38,Supplied as goods
REC-1964-2024-Q1-SITE-A-PL02,2024-Q1,ORG-12345,SITE-A,England,Plastic,Tertiary,2024-11-12,1312.25,Imported
REC-1965-2024-Q1-SITE-E-AL01,2024-Q1,ORG-12345,SITE-E,England,Aluminium,Tertiary,2024-05-21,3.47193,Imported
REC-1966-2024-Q1-SITE-A-GL01,2024-Q1,ORG-12345,SITE-A,England,Glass,Tertiary,2024-08-04,1.1927400000000001,Supplied as goods
REC-1967-2024-Q1-SITE-B-GL01,2024-Q1,ORG-12345,SITE-B,Scotland,Glass,Primary,2024-01-22,4.79903,Imported
REC-1968-2024-Q1-SITE-B-FB01,2024-Q1,ORG-12345,SITE-B,Scotland,Fibre-based composite,Primary,2024-06-29,1.07135,Imported
REC-1969-Q2 2024-SITE-D-FB01,2024-Q2,ORG-12345,SITE-D,Northern Ireland,Fibre-based composite,Secondary,2024-03-29,2618.39,Exported
REC-1970-Q4 2024-SITE-D-AL01,2024-Q4,ORG-12345,SITE-D,Northern Ireland,Aluminium,Secondary,2024-08-25,0.9806,Imported
REC-1971-2024-Q1-SITE-A-PL01,2024-Q1,ORG-12345,SITE-A,England,Plastic,Secondary,2024-09-05,2.1948000000000003,Supplied as goods
REC-1972-2024-Q3-SITE-B-OT01,2024-Q3,ORG-12345,SITE-B,Scotland,Other,Secondary,2024-04-14,2096.35,Supplied as goods
REC-1973-Q4 2024-SITE-E-FB01,2024-Q4,ORG-12345,SITE-E,England,Fibre-based composite,Tertiary,2024-06-18,2.39251,Supplied as goods
REC-1974-Q4 2024-SITE-D-AL01,2024-Q4,ORG-12345,SITE-D,Northern Ireland,Aluminium,Secondary,2024-04-06,3457.73,Supplied as goods
REC-1975-Q4 2024-SITE-B-WD01,2024-Q4,ORG-12345,SITE-B,Scotland,Wood,Primary,2024-05-06,4.52879,Imported
REC-1976-2024-Q3-SITE-C-OT01,2024-Q3,ORG-12345,SITE-C,Wales,Other,Shipment,2024-05-24,4.67318,Exported
REC-1977-2024-Q1-SITE-D-PL02,2024-Q1,ORG-12345,SITE-D,Northern Ireland,Plastic,Secondary,2024-10-31,2606.58,Exported
REC-1978-Q2 2024-SITE-E-PL02,2024-Q2,ORG-12345,SITE-E,England,Plastic,Primary,2024-09-25,1.2978900000000002,Imported
REC-1979-Q4 2024-SITE-E-OT01,2024-Q4,ORG-12345,SITE-E,England,Other,Primary,2024-07-07,4795.18,Supplied as goods
REC-1980-2024-Q3-SITE-D-PL01,2024-Q3,ORG-12345,SITE-D,Northern Ireland,Plastic,Secondary,2024-06-02,977.49,Supplied as goods
REC-1981-Q4 2024-SITE-A-AL01,2024-Q4,ORG-12345,SITE-A,England,Aluminium,Tertiary,2024-11-29,3365.69,Imported
REC-1982-Q4 2024-SITE-C-AL01,2024-Q4,ORG-12345,SITE-C,Wales,Aluminium,Primary,2024-10-13,276.73,Imported
REC-1983-2024-Q1-SITE-A-PC01,2024-Q1,ORG-12345,SITE-A,England,Paper/card,Secondary,2024-03-25,2.18257,Supplied as goods
REC-1984-2024-Q1-SITE-E-AL01,2024-Q1,ORG-12345,SITE-E,England,Aluminium,Secondary,2024-12-28,1064.55,Supplied as goods
REC-1985-2024-Q3-SITE-B-OT01,2024-Q3,ORG-12345,SITE-B,Scotland,Other,Secondary,2024-02-02,0.72182,Exported
REC-1986-Q4 2024-SITE-E-ST01,2024-Q4,ORG-12345,SITE-E,England,Steel,Primary,2024-03-02,2075.23,Exported
REC-1987-Q2 2024-SITE-E-PC01,2024-Q2,ORG-12345,SITE-E,England,Paper/card,Primary,2024-09-14,637.96,Exported
REC-1988-Q2 2024-SITE-D-ST01,2024-Q2,ORG-12345,SITE-D,Northern Ireland,Steel,Shipment,2024-07-02,3.30362,Supplied as goods
REC-1989-Q4 2024-SITE-A-PL02,2024-Q4,ORG-12345,SITE-A,England,Plastic,Primary,2024-07-11,2935.25,Exported
REC-1990-2024-Q1-SITE-A-PC01,2024-Q1,ORG-12345,SITE-A,England,Paper/card,Tertiary,2024-11-02,2.80362,Imported
REC-1991-2024-Q1-SITE-B-PL01,2024-Q1,ORG-12345,SITE-B,Scotland,Plastic,Tertiary,2024-04-15,1.0031,Imported
REC-1992-2024-Q1-SITE-D-AL01,2024-Q1,ORG-12345,SITE-D,Northern Ireland,Aluminium,Tertiary,2024-09-01,1028.34,Supplied as goods
REC-1993-2024-Q3-SITE-C-AL01,2024-Q3,ORG-12345,SITE-C,Wales,Aluminium,Shipment,2024-08-23,0.20588,Supplied as goods
REC-1994-Q4 2024-SITE-D-GL01,2024-Q4,ORG-12345,SITE-D,Northern Ireland,Glass,Tertiary,2024-04-11,4.17642,Supplied as goods
REC-1995-2024-Q1-SITE-A-PC01,2024-Q1,ORG-12345,SITE-A,England,Paper/card,Primary,2024-05-02,916.72,Exported
REC-1996-2024-Q3-SITE-B-PL02,2024-Q3,ORG-12345,SITE-B,Scotland,Plastic,Primary,2024-10-07,0.58678,Imported
REC-1997-Q2 2024-SITE-D-OT01,2024-Q2,ORG-12345,SITE-D,Northern Ireland,Other,Tertiary,2024-10-13,4752.34,Exported
REC-1998-2024-Q3-SITE-C-AL01,2024-Q3,ORG-12345,SITE-C,Wales,Aluminium,Secondary,2024-11-20,902.07,Imported
REC-1999-Q4 2024-SITE-D-AL01,2024-Q4,ORG-12345,SITE-D,Northern Ireland,Aluminium,Tertiary,2024-11-07,1021.53,Supplied as goods
REC-2000-2024-Q1-SITE-B-PL02,2024-Q1,ORG-12345,SITE-B,Scotland,Plastic,Tertiary,2024-09-16,0.6775599999999999,Exported
REC-2001-2024Q2-SITE-A-FB01,2024-Q2,ORG-12345,SITE-A,England,Fibre-based composite,Tertiary,2024-05-12,3.57662,Exported
REC-2002-2024-Q1-SITE-B-GL01,2024-Q1,ORG-12345,SITE-B,Scotland,Glass,Primary,2024-10-09,2.5666599999999997,Supplied as goods
REC-2003-2024-Q1-SITE-B-OT01,2024-Q1,ORG-12345,SITE-B,Scotland,Other,Primary,2024-09-22,1.34264,Imported
REC-2004-Q2 2024-SITE-E-AL01,2024-Q2,ORG-12345,SITE-E,England,Aluminium,Primary,2024-08-28,3.50894,Supplied as goods
REC-2005-Q4 2024-SITE-C-PL02,2024-Q4,ORG-12345,SITE-C,Wales,Plastic,Secondary,2024-12-28,3.18758,Exported
REC-2006-2024-Q1-SITE-A-ST01,2024-Q1,ORG-12345,SITE-A,England,Steel,Tertiary,2024-01-30,0.1983,Imported
REC-2007-Q2 2024-SITE-A-PL02,2024-Q2,ORG-12345,SITE-A,England,Plastic,Secondary,2024-03-15,3.79991,Supplied as goods
REC-2008-2024-Q1-SITE-E-WD01,2024-Q1,ORG-12345,SITE-E,England,Wood,Tertiary,2024-03-31,3.25536,Exported
REC-2010-Q4 2024-SITE-C-OT01,2024-Q4,ORG-12345,SITE-C,Wales,Other,Tertiary,2024-02-23,3021.72,Supplied as goods
REC-2012-2024-Q3-SITE-A-OT01,2024-Q3,ORG-12345,SITE-A,England,Other,Secondary,2024-07-26,0.17994,Imported
REC-2013-Q2 2024-SITE-E-PC01,2024-Q2,ORG-12345,SITE-E,England,Paper/card,Tertiary,2024-07-26,,Imported
REC-2014-Q2 2024-SITE-E-PL02,2024-Q2,ORG-12345,SITE-E,England,Plastic,Primary,2024-07-22,788.9,Imported
REC-2015-2024-Q1-SITE-A-UNKNOWN,2024-Q1,ORG-12345,SITE-A,England,,Secondary,2024-09-11,4116.81,Imported
REC-2016-2024-Q3-SITE-E-PL01,2024-Q3,ORG-12345,SITE-E,England,Plastic,Secondary,2024-11-29,1239.93,Supplied as goods
REC-2017-2024-Q1-SITE-Z-OT01,2024-Q1,ORG-12345,SITE-Z,,Other,Primary,2024-05-23,369.35,Supplied as goods
REC-2018-2024-Q3-SITE-C-OT01,2024-Q3,ORG-12345,SITE-C,Wales,Other,Primary,2024-04-14,4.58041,Exported
REC-2019-Q2 2024-SITE-E-OT01,2024-Q2,ORG-12345,SITE-E,England,Other,Secondary,2024-04-20,4.40825,Imported
REC-2020-2024-Q1-SITE-B-OT01,2024-Q1,ORG-12345,SITE-B,Scotland,Other,Tertiary,2025-01-05,2.02856,Supplied as goods
REC-2021-2024-Q3-SITE-E-FB01,2024-Q3,ORG-12345,SITE-E,England,Fibre-based composite,Shipment,2024-06-15,1.5110000000000001,Exported
REC-2022-Q4 2024-SITE-C-GL01,2024-Q4,ORG-12345,SITE-C,Wales,Glass,Primary,2024-03-08,4.40326,Supplied as goods
REC-2023-2024-Q3-SITE-D-ST01,2024-Q3,ORG-12345,SITE-D,Northern Ireland,Steel,Tertiary,2024-08-01,0.45673,Imported
REC-2024-Q4 2024-SITE-B-GL01,2024-Q4,ORG-12345,SITE-B,Scotland,Glass,Secondary,2024-12-25,3.80041,Imported
REC-2025-2024-Q1-SITE-B-PC01,2024-Q1,ORG-12345,SITE-B,Scotland,Paper/card,Secondary,2024-02-27,3431.76,Exported
REC-2026-2024-Q1-SITE-C-WD01,2024-Q1,ORG-12345,SITE-C,Wales,Wood,Secondary,2024-03-10,2085.4,Imported
REC-2027-2024-Q3-SITE-C-PC01,2024-Q3,ORG-12345,SITE-C,Wales,Paper/card,Primary,2024-03-23,3.50216,Exported
REC-2028-2024-Q3-SITE-A-WD01,2024-Q3,ORG-12345,SITE-A,England,Wood,Shipment,2024-12-07,354.57,Exported
REC-2029-2024-Q3-SITE-B-PL01,2024-Q3,ORG-12345,SITE-B,Scotland,Plastic,Tertiary,2024-10-10,1.2321400000000002,Imported
REC-2030-Q2 2024-SITE-D-ST01,2024-Q2,ORG-12345,SITE-D,Northern Ireland,Steel,Shipment,2024-03-07,4.423229999999999,Imported
REC-2031-2024-Q1-SITE-A-PL02,2024-Q1,ORG-12345,SITE-A,England,Plastic,Primary,2024-04-25,3019.28,Exported
REC-2032-Q2 2024-SITE-D-AL01,2024-Q2,ORG-12345,SITE-D,Northern Ireland,Aluminium,Shipment,2024-08-09,3.17282,Supplied as goods
REC-2033-2024-Q1-SITE-A-PC01,2024-Q1,ORG-12345,SITE-A,England,Paper/card,Primary,2024-09-29,4.41779,Supplied as goods
REC-2034-Q4 2024-SITE-D-WD01,2024-Q4,ORG-12345,SITE-D,Northern Ireland,Wood,Tertiary,2024-10-09,4.95754,Imported
REC-2035-2024-Q1-SITE-A-PL01,2024-Q1,ORG-12345,SITE-A,England,Plastic,Primary,2024-08-14,1.08308,Supplied as goods
REC-2036-Q4 2024-SITE-B-PL02,2024-Q4,ORG-12345,SITE-B,Scotland,Plastic,Shipment,2024-09-12,4.1961,Supplied as goods
REC-2037-2024-Q1-SITE-D-WD01,2024-Q1,ORG-12345,SITE-D,Northern Ireland,Wood,Secondary,2024-12-28,1.45406,Exported
REC-2038-2024-Q1-SITE-B-AL01,2024-Q1,ORG-12345,SITE-B,Scotland,Aluminium,Secondary,2024-06-22,3068.23,Imported
REC-2039-2024-Q3-SITE-A-PL02,2024-Q3,ORG-12345,SITE-A,England,Plastic,Tertiary,2024-05-12,4360.67,Supplied as goods
REC-2040-Q2 2024-SITE-E-FB01,2024-Q2,ORG-12345,SITE-E,England,Fibre-based composite,Shipment,2024-04-23,1.7476,Imported
REC-2041-Q2 2024-SITE-E-GL01,2024-Q2,ORG-12345,SITE-E,England,Glass,Tertiary,2024-05-16,0.83051,Exported
REC-2042-2024-Q3-SITE-A-WD01,2024-Q3,ORG-12345,SITE-A,England,Wood,Secondary,2025-01-05,1.72159,Imported
REC-2043-2024-Q1-SITE-C-ST01,2024-Q1,ORG-12345,SITE-C,Wales,Steel,Primary,2024-05-15,2.7037199999999997,Exported
REC-2044-2024-Q1-SITE-E-WD01,2024-Q1,ORG-12345,SITE-E,England,Wood,Secondary,2024-03-20,2.20509,Imported
REC-2045-Q2 2024-SITE-A-FB01,2024-Q2,ORG-12345,SITE-A,England,Fibre-based composite,Tertiary,2024-08-01,4.69728,Supplied as goods
REC-2046-Q2 2024-SITE-D-FB01,2024-Q2,ORG-12345,SITE-D,Northern Ireland,Fibre-based composite,Shipment,2024-09-04,4.09995,Supplied as goods
REC-2047-2024-Q3-SITE-B-PL02,2024-Q3,ORG-12345,SITE-B,Scotland,Plastic,Secondary,2024-07-15,1.1036199999999998,Exported
REC-2048-2024-Q1-SITE-D-PL01,2024-Q1,ORG-12345,SITE-D,Northern Ireland,Plastic,Tertiary,2024-11-30,2.56993,Imported
REC-2049-Q2 2024-SITE-E-WD01,2024-Q2,ORG-12345,SITE-E,England,Wood,Secondary,2024-05-29,3.23855,Exported
REC-2050-2024-Q1-SITE-E-ST01,2024-Q1,ORG-12345,SITE-E,England,Steel,Tertiary,2024-08-31,623.35,Supplied as goods
REC-2051-2024-Q1-SITE-D-AL01,2024-Q1,ORG-12345,SITE-D,Northern Ireland,Aluminium,Secondary,2024-05-13,1.22526,Imported
REC-2052-Q4 2024-SITE-C-PC01,2024-Q4,ORG-12345,SITE-C,Wales,Paper/card,Shipment,2025-01-04,0.6644800000000001,Exported
REC-2053-2024-Q3-SITE-C-PL01,2024-Q3,ORG-12345,SITE-C,Wales,Plastic,Shipment,2024-04-17,2.56163,Supplied as goods
REC-2054-Q4 2024-SITE-D-PL01,2024-Q4,ORG-12345,SITE-D,Northern Ireland,Plastic,Tertiary,2024-11-03,4.95988,Imported
REC-2055-2024-Q3-SITE-A-FB01,2024-Q3,ORG-12345,SITE-A,England,Fibre-based composite,Tertiary,2024-10-15,1517.24,Exported
REC-2056-2024-Q3-SITE-B-PC01,2024-Q3,ORG-12345,SITE-B,Scotland,Paper/card,Shipment,2024-03-07,3.2020500000000003,Imported
REC-2057-Q2 2024-SITE-B-ST01,2024-Q2,ORG-12345,SITE-B,Scotland,Steel,Primary,2024-04-18,4.44233,Exported
REC-2058-2024-Q1-SITE-D-AL01,2024-Q1,ORG-12345,SITE-D,Northern Ireland,Aluminium,Secondary,2024-11-28,3892.53,Supplied as goods
REC-2059-Q4 2024-SITE-D-PL01,2024-Q4,ORG-12345,SITE-D,Northern Ireland,Plastic,Shipment,2024-12-08,0.81725,Imported
REC-2060-Q2 2024-SITE-E-WD01,2024-Q2,ORG-12345,SITE-E,England,Wood,Primary,2024-12-23,1.11874,Exported
REC-2061-2024-Q1-SITE-E-PC01,2024-Q1,ORG-12345,SITE-E,England,Paper/card,Tertiary,2024-01-16,4.497680000000001,Supplied as goods
REC-2062-Q4 2024-SITE-E-PC01,2024-Q4,ORG-12345,SITE-E,England,Paper/card,Secondary,2024-01-30,0.63314,Exported
REC-2063-Q2 2024-SITE-E-OT01,2024-Q2,ORG-12345,SITE-E,England,Other,Tertiary,2024-12-18,2060.84,Supplied as goods
REC-2064-Q4 2024-SITE-C-ST01,2024-Q4,ORG-12345,SITE-C,Wales,Steel,Primary,2024-02-21,1943.05,Exported
REC-2065-Q2 2024-SITE-A-AL01,2024-Q2,ORG-12345,SITE-A,England,Aluminium,Primary,2024-10-11,2435.55,Exported
REC-2066-Q2 2024-SITE-C-PC01,2024-Q2,ORG-12345,SITE-C,Wales,Paper/card,Shipment,2024-08-06,4.9033500000000005,Imported
REC-2067-2024-Q3-SITE-E-OT01,2024-Q3,ORG-12345,SITE-E,England,Other,Primary,2024-02-04,2958.68,Supplied as goods
REC-2068-2024-Q1-SITE-A-PL01,2024-Q1,ORG-12345,SITE-A,England,Plastic,Tertiary,2024-10-04,2.41817,Supplied as goods
REC-2069-2024-Q1-SITE-A-FB01,2024-Q1,ORG-12345,SITE-A,England,Fibre-based composite,Shipment,2024-07-31,4541.33,Imported
REC-2070-2024-Q3-SITE-E-OT01,2024-Q3,ORG-12345,SITE-E,England,Other,Primary,2024-02-08,0.45201,Supplied as goods
REC-2071-2024-Q3-SITE-A-PL02,2024-Q3,ORG-12345,SITE-A,England,Plastic,Secondary,2024-11-20,327.13,Exported
REC-2072-Q2 2024-SITE-D-PL02,2024-Q2,ORG-12345,SITE-D,Northern Ireland,Plastic,Tertiary,2024-10-08,1640.89,Exported
REC-2073-2024-Q1-SITE-B-AL01,2024-Q1,ORG-12345,SITE-B,Scotland,Aluminium,Tertiary,2024-07-21,4749.65,Exported
REC-2074-Q4 2024-SITE-D-AL01,2024-Q4,ORG-12345,SITE-D,Northern Ireland,Aluminium,Tertiary,2024-06-07,1387.1,Imported
REC-2075-Q4 2024-SITE-B-FB01,2024-Q4,ORG-12345,SITE-B,Scotland,Fibre-based composite,Primary,2024-12-23,3585.86,Supplied as goods
REC-2076-Q4 2024-SITE-D-GL01,2024-Q4,ORG-12345,SITE-D,Northern Ireland,Glass,Shipment,2024-02-08,1.75552,Supplied as goods
REC-2077-2024-Q1-SITE-C-GL01,2024-Q1,ORG-12345,SITE-C,Wales,Glass,Shipment,2024-10-09,4.6658,Exported
REC-2078-Q4 2024-SITE-B-OT01,2024-Q4,ORG-12345,SITE-B,Scotland,Other,Secondary,2024-02-29,4.85297,Supplied as goods
REC-2079-2024-Q3-SITE-B-GL01,2024-Q3,ORG-12345,SITE-B,Scotland,Glass,Secondary,2024-03-10,3.58885,Imported
REC-2080-2024-Q1-SITE-B-WD01,2024-Q1,ORG-12345,SITE-B,Scotland,Wood,Shipment,2024-11-18,2.34806,Supplied as goods
REC-2081-2024-Q3-SITE-B-GL01,2024-Q3,ORG-12345,SITE-B,Scotland,Glass,Primary,2024-09-10,607.47,Imported
REC-2082-Q2 2024-SITE-A-WD01,2024-Q2,ORG-12345,SITE-A,England,Wood,Shipment,2024-08-31,4883.34,Exported
REC-2083-2024-Q1-SITE-E-PL02,2024-Q1,ORG-12345,SITE-E,England,Plastic,Tertiary,2024-04-10,1518.8,Exported
REC-2084-2024-Q1-SITE-E-PC01,2024-Q1,ORG-12345,SITE-E,England,Paper/card,Primary,2024-08-22,4327.41,Supplied as goods
REC-2085-2024-Q1-SITE-C-ST01,2024-Q1,ORG-12345,SITE-C,Wales,Steel,Secondary,2024-09-11,1.22071,Supplied as goods
REC-2086-Q2 2024-SITE-E-OT01,2024-Q2,ORG-12345,SITE-E,England,Other,Primary,2024-02-22,4529.96,Supplied as goods
REC-2087-Q2 2024-SITE-E-PL01,2024-Q2,ORG-12345,SITE-E,England,Plastic,Tertiary,2024-12-01,3213.36,Supplied as goods
REC-2088-2024-Q3-SITE-B-AL01,2024-Q3,ORG-12345,SITE-B,Scotland,Aluminium,Secondary,2024-09-22,4656.4,Exported
REC-2089-Q2 2024-SITE-E-WD01,2024-Q2,ORG-12345,SITE-E,England,Wood,Primary,2024-10-04,4.33959,Imported
REC-2090-2024-Q3-SITE-A-GL01,2024-Q3,ORG-12345,SITE-A,England,Glass,Shipment,2024-11-03,4979.78,Exported
REC-2091-2024-Q1-SITE-D-WD01,2024-Q1,ORG-12345,SITE-D,Northern Ireland,Wood,Tertiary,2024-09-15,2489.49,Supplied as goods
REC-2092-Q2 2024-SITE-E-PL01,2024-Q2,ORG-12345,SITE-E,England,Plastic,Secondary,2024-07-19,1217.95,Imported
REC-2093-Q2 2024-SITE-B-PL01,2024-Q2,ORG-12345,SITE-B,Scotland,Plastic,Secondary,2024-07-11,0.76097,Exported
REC-2094-2024-Q1-SITE-C-PC01,2024-Q1,ORG-12345,SITE-C,Wales,Paper/card,Tertiary,2024-10-17,476.64,Supplied as goods
REC-2095-Q2 2024-SITE-A-WD01,2024-Q2,ORG-12345,SITE-A,England,Wood,Primary,2024-11-02,1.3613,Exported
REC-2096-2024-Q1-SITE-E-GL01,2024-Q1,ORG-12345,SITE-E,England,Glass,Secondary,2024-11-12,2019.76,Exported
REC-2097-2024-Q3-SITE-E-OT01,2024-Q3,ORG-12345,SITE-E,England,Other,Tertiary,2024-01-23,1379.16,Exported
REC-2098-Q2 2024-SITE-E-GL01,2024-Q2,ORG-12345,SITE-E,England,Glass,Primary,2024-10-18,4.26182,Supplied as goods
REC-2099-2024-Q3-SITE-E-FB01,2024-Q3,ORG-12345,SITE-E,England,Fibre-based composite,Tertiary,2024-03-21,3597.92,Exported
REC-2100-2024-Q3-SITE-A-ST01,2024-Q3,ORG-12345,SITE-A,England,Steel,Shipment,2024-09-02,4.23837,Imported
REC-2101-2024Q2-SITE-D-OT01,2024-Q2,ORG-12345,SITE-D,Northern Ireland,Other,Shipment,2024-04-15,4.81403,Imported
REC-2102-Q2 2024-SITE-B-AL01,2024-Q2,ORG-12345,SITE-B,Scotland,Aluminium,Shipment,2024-11-25,2265.52,Imported
REC-2103-Q4 2024-SITE-D-WD01,2024-Q4,ORG-12345,SITE-D,Northern Ireland,Wood,Primary,2024-10-13,3.91223,Imported
REC-2104-Q4 2024-SITE-E-WD01,2024-Q4,ORG-12345,SITE-E,England,Wood,Secondary,2024-04-02,792.09,Exported
REC-2105-2024-Q3-SITE-A-GL01,2024-Q3,ORG-12345,SITE-A,England,Glass,Secondary,2024-10-09,2.90518,Exported
REC-2106-2024-Q1-SITE-C-PL01,2024-Q1,ORG-12345,SITE-C,Wales,Plastic,Secondary,2024-05-31,0.97187,Exported
REC-2107-2024-Q3-SITE-D-PL01,2024-Q3,ORG-12345,SITE-D,Northern Ireland,Plastic,Tertiary,2024-03-15,3790.06,Imported
REC-2108-Q2 2024-SITE-E-PL01,2024-Q2,ORG-12345,SITE-E,England,Plastic,Primary,2024-07-08,667.89,Exported
REC-2110-2024-Q3-SITE-B-PC01,2024-Q3,ORG-12345,SITE-B,Scotland,Paper/card,Tertiary,2024-05-07,1.5061099999999998,Exported
REC-2112-2024-Q3-SITE-B-PC01,2024-Q3,ORG-12345,SITE-B,Scotland,Paper/card,Primary,2024-04-09,3819.42,Exported
REC-2113-2024-Q3-SITE-C-GL01,2024-Q3,ORG-12345,SITE-C,Wales,Glass,Secondary,2024-05-08,,Exported
REC-2114-2024-Q1-SITE-C-OT01,2024-Q1,ORG-12345,SITE-C,Wales,Other,Primary,2024-09-21,3567.55,Exported
REC-2115-2024-Q3-SITE-A-UNKNOWN,2024-Q3,ORG-12345,SITE-A,England,,Secondary,2024-12-28,4750.41,Imported
REC-2116-2024-Q1-SITE-C-ST01,2024-Q1,ORG-12345,SITE-C,Wales,Steel,Tertiary,2024-10-03,1.1598199999999999,Imported
REC-2117-2024-Q1-SITE-Z-PL02,2024-Q1,ORG-12345,SITE-Z,,Plastic,Tertiary,2024-10-08,4573.71,Supplied as goods
REC-2118-2024-Q3-SITE-A-PC01,2024-Q3,ORG-12345,SITE-A,England,Paper/card,Shipment,2024-08-03,1.3822100000000002,Supplied as goods
REC-2119-2024-Q3-SITE-C-ST01,2024-Q3,ORG-12345,SITE-C,Wales,Steel,Primary,2024-03-09,1.50357,Imported
REC-2120-Q4 2024-SITE-D-AL01,2024-Q4,ORG-12345,SITE-D,Northern Ireland,Aluminium,Tertiary,2024-10-09,1.86225,Supplied as goods
REC-2121-2024-Q1-SITE-A-PL02,2024-Q1,ORG-12345,SITE-A,England,Plastic,Primary,2024-05-30,2264.27,Imported
REC-2122-2024-Q1-SITE-A-GL01,2024-Q1,ORG-12345,SITE-A,England,Glass,Tertiary,2024-04-14,4021.79,Exported
REC-2123-Q4 2024-SITE-E-WD01,2024-Q4,ORG-12345,SITE-E,England,Wood,Secondary,2024-02-14,2.6696,Exported
REC-2124-Q2 2024-SITE-B-GL01,2024-Q2,ORG-12345,SITE-B,Scotland,Glass,Tertiary,2024-10-10,83.3,Imported
REC-2125-Q4 2024-SITE-C-OT01,2024-Q4,ORG-12345,SITE-C,Wales,Other,Tertiary,2024-02-13,2.04086,Imported
REC-2126-Q4 2024-SITE-E-PC01,2024-Q4,ORG-12345,SITE-E,England,Paper/card,Tertiary,2024-06-15,2556.88,Exported
REC-2127-2024-Q3-SITE-C-GL01,2024-Q3,ORG-12345,SITE-C,Wales,Glass,Primary,2024-11-11,3545.2,Imported
REC-2128-Q2 2024-SITE-B-FB01,2024-Q2,ORG-12345,SITE-B,Scotland,Fibre-based composite,Secondary,2024-11-24,3948.66,Imported
REC-2129-Q2 2024-SITE-A-PL02,2024-Q2,ORG-12345,SITE-A,England,Plastic,Primary,2024-02-04,2169.13,Exported
REC-2130-Q2 2024-SITE-E-PL01,2024-Q2,ORG-12345,SITE-E,England,Plastic,Primary,2024-05-15,1.89389,Imported
REC-2131-Q2 2024-SITE-A-GL01,2024-Q2,ORG-12345,SITE-A,England,Glass,Tertiary,2024-06-28,4006.59,Supplied as goods
REC-2132-Q2 2024-SITE-E-PC01,2024-Q2,ORG-12345,SITE-E,England,Paper/card,Secondary,2024-03-06,2632.85,Supplied as goods
REC-2133-Q4 2024-SITE-D-ST01,2024-Q4,ORG-12345,SITE-D,Northern Ireland,Steel,Secondary,2024-09-26,4263.05,Imported
REC-2134-Q4 2024-SITE-C-AL01,2024-Q4,ORG-12345,SITE-C,Wales,Aluminium,Secondary,2024-01-18,4499.4,Imported
REC-2135-2024-Q3-SITE-C-GL01,2024-Q3,ORG-12345,SITE-C,Wales,Glass,Secondary,2024-02-19,4.92471,Exported
REC-2136-Q2 2024-SITE-B-OT01,2024-Q2,ORG-12345,SITE-B,Scotland,Other,Primary,2024-03-19,3.55245,Supplied as goods
REC-2137-2024-Q1-SITE-C-AL01,2024-Q1,ORG-12345,SITE-C,Wales,Aluminium,Shipment,2024-07-26,4.39939,Supplied as goods
REC-2138-Q2 2024-SITE-D-PL01,2024-Q2,ORG-12345,SITE-D,Northern Ireland,Plastic,Primary,2024-10-24,1261.5,Exported
REC-2139-2024-Q1-SITE-D-WD01,2024-Q1,ORG-12345,SITE-D,Northern Ireland,Wood,Secondary,2024-09-04,2685.94,Supplied as goods
REC-2140-2024-Q3-SITE-D-GL01,2024-Q3,ORG-12345,SITE-D,Northern Ireland,Glass,Tertiary,2024-07-18,4504.27,Supplied as goods
REC-2141-2024-Q1-SITE-B-OT01,2024-Q1,ORG-12345,SITE-B,Scotland,Other,Tertiary,2024-03-27,2444.98,Imported
REC-2142-Q2 2024-SITE-E-PL02,2024-Q2,ORG-12345,SITE-E,England,Plastic,Shipment,2024-03-07,3722.41,Exported
REC-2143-Q4 2024-SITE-A-FB01,2024-Q4,ORG-12345,SITE-A,England,Fibre-based composite,Primary,2024-02-16,4351.7,Exported
REC-2144-Q2 2024-SITE-E-WD01,2024-Q2,ORG-12345,SITE-E,England,Wood,Tertiary,2024-06-29,1.03169,Supplied as goods
REC-2145-Q2 2024-SITE-D-GL01,2024-Q2,ORG-12345,SITE-D,Northern Ireland,Glass,Primary,2024-08-20,2.90441,Supplied as goods
REC-2146-Q2 2024-SITE-B-PC01,2024-Q2,ORG-12345,SITE-B,Scotland,Paper/card,Tertiary,2024-04-09,423.05,Exported
REC-2147-Q2 2024-SITE-E-PC01,2024-Q2,ORG-12345,SITE-E,England,Paper/card,Tertiary,2024-10-25,3.5272300000000003,Imported
REC-2148-Q2 2024-SITE-D-ST01,2024-Q2,ORG-12345,SITE-D,Northern Ireland,Steel,Secondary,2024-08-03,654.67,Imported
REC-2149-Q4 2024-SITE-C-ST01,2024-Q4,ORG-12345,SITE-C,Wales,Steel,Primary,2024-03-14,2876.67,Supplied as goods
REC-2150-Q2 2024-SITE-A-GL01,2024-Q2,ORG-12345,SITE-A,England,Glass,Secondary,2024-04-13,4133.1,Exported
REC-2151-Q4 2024-SITE-E-WD01,2024-Q4,ORG-12345,SITE-E,England,Wood,Primary,2024-09-25,0.32442000000000004,Supplied as goods
REC-2152-Q2 2024-SITE-B-PL02,2024-Q2,ORG-12345,SITE-B,Scotland,Plastic,Primary,2024-03-31,3554.2,Imported
REC-2153-2024-Q3-SITE-B-PL01,2024-Q3,ORG-12345,SITE-B,Scotland,Plastic,Tertiary,2024-02-11,3.77611,Exported
REC-2154-Q4 2024-SITE-C-OT01,2024-Q4,ORG-12345,SITE-C,Wales,Other,Primary,2024-12-31,0.2364,Supplied as goods
REC-2155-Q2 2024-SITE-C-WD01,2024-Q2,ORG-12345,SITE-C,Wales,Wood,Shipment,2025-01-09,2554.28,Exported
REC-2156-Q4 2024-SITE-E-PC01,2024-Q4,ORG-12345,SITE-E,England,Paper/card,Tertiary,2024-02-04,1.81895,Exported
REC-2157-2024-Q1-SITE-D-AL01,2024-Q1,ORG-12345,SITE-D,Northern Ireland,Aluminium,Primary,2024-11-03,4.89105,Imported
REC-2158-2024-Q1-SITE-B-PC01,2024-Q1,ORG-12345,SITE-B,Scotland,Paper/card,Primary,2024-03-31,0.37872000000000006,Imported
REC-2159-2024-Q1-SITE-A-GL01,2024-Q1,ORG-12345,SITE-A,England,Glass,Tertiary,2024-04-25,4712.05,Exported
REC-2160-Q2 2024-SITE-A-WD01,2024-Q2,ORG-12345,SITE-A,England,Wood,Secondary,2024-11-05,4.345890000000001,Exported
REC-2161-2024-Q1-SITE-A-FB01,2024-Q1,ORG-12345,SITE-A,England,Fibre-based composite,Secondary,2024-08-05,1091.56,Supplied as goods
REC-2162-Q2 2024-SITE-B-PL01,2024-Q2,ORG-12345,SITE-B,Scotland,Plastic,Tertiary,2024-12-31,3.67219,Supplied as goods
REC-2163-2024-Q1-SITE-A-WD01,2024-Q1,ORG-12345,SITE-A,England,Wood,Secondary,2024-12-24,3.7756700000000003,Imported
REC-2164-Q2 2024-SITE-B-PL02,2024-Q2,ORG-12345,SITE-B,Scotland,Plastic,Primary,2024-03-16,1.94378,Supplied as goods
REC-2165-Q2 2024-SITE-B-PL01,2024-Q2,ORG-12345,SITE-B,Scotland,Plastic,Secondary,2024-05-03,3628.85,Supplied as goods
REC-2166-Q2 2024-SITE-C-PL01,2024-Q2,ORG-12345,SITE-C,Wales,Plastic,Secondary,2024-01-21,1002.6,Exported
REC-2167-2024-Q1-SITE-E-GL01,2024-Q1,ORG-12345,SITE-E,England,Glass,Secondary,2024-06-07,4390.52,Exported
REC-2168-Q2 2024-SITE-E-GL01,2024-Q2,ORG-12345,SITE-E,England,Glass,Primary,2024-01-19,1458.03,Supplied as goods
REC-2169-2024-Q1-SITE-B-PC01,2024-Q1,ORG-12345,SITE-B,Scotland,Paper/card,Primary,2024-04-23,3001.8,Supplied as goods
REC-2170-Q2 2024-SITE-A-PC01,2024-Q2,ORG-12345,SITE-A,England,Paper/card,Secondary,2024-12-21,1.9334500000000001,Exported
REC-2171-Q2 2024-SITE-A-PC01,2024-Q2,ORG-12345,SITE-A,England,Paper/card,Primary,2024-03-15,2.93812,Exported
REC-2172-2024-Q3-SITE-E-GL01,2024-Q3,ORG-12345,SITE-E,England,Glass,Secondary,2024-07-20,2148.12,Supplied as goods
REC-2173-2024-Q1-SITE-C-FB01,2024-Q1,ORG-12345,SITE-C,Wales,Fibre-based composite,Secondary,2024-04-03,1.09946,Supplied as goods
REC-2174-2024-Q3-SITE-A-PL01,2024-Q3,ORG-12345,SITE-A,England,Plastic,Primary,2024-04-06,4654.42,Imported
REC-2175-2024-Q1-SITE-B-WD01,2024-Q1,ORG-12345,SITE-B,Scotland,Wood,Primary,2024-02-27,2.49954,Exported
REC-2176-Q2 2024-SITE-B-FB01,2024-Q2,ORG-12345,SITE-B,Scotland,Fibre-based composite,Secondary,2024-10-12,0.16078,Exported
REC-2177-Q2 2024-SITE-A-PL02,2024-Q2,ORG-12345,SITE-A,England,Plastic,Secondary,2024-06-09,1.34226,Imported
REC-2178-Q4 2024-SITE-D-PL01,2024-Q4,ORG-12345,SITE-D,Northern Ireland,Plastic,Primary,2024-12-07,667.24,Supplied as goods
REC-2179-2024-Q1-SITE-E-WD01,2024-Q1,ORG-12345,SITE-E,England,Wood,Secondary,2024-08-28,4470.56,Imported
REC-2180-2024-Q3-SITE-B-PC01,2024-Q3,ORG-12345,SITE-B,Scotland,Paper/card,Secondary,2024-03-09,2.1545900000000002,Imported
REC-2181-2024-Q1-SITE-A-GL01,2024-Q1,ORG-12345,SITE-A,England,Glass,Tertiary,2024-02-14,2.3356399999999997,Imported
REC-2182-Q4 2024-SITE-A-PL02,2024-Q4,ORG-12345,SITE-A,England,Plastic,Tertiary,2024-05-11,0.65705,Exported
REC-2183-Q2 2024-SITE-D-PL02,2024-Q2,ORG-12345,SITE-D,Northern Ireland,Plastic,Secondary,2024-10-05,1.41704,Imported
REC-2184-2024-Q1-SITE-D-PL01,2024-Q1,ORG-12345,SITE-D,Northern Ireland,Plastic,Shipment,2024-11-13,2608.42,Supplied as goods
REC-2185-Q4 2024-SITE-A-PL01,2024-Q4,ORG-12345,SITE-A,England,Plastic,Tertiary,2024-04-24,585.5,Exported
REC-2186-Q4 2024-SITE-A-OT01,2024-Q4,ORG-12345,SITE-A,England,Other,Primary,2024-05-11,2.29217,Imported
REC-2187-2024-Q3-SITE-C-PC01,2024-Q3,ORG-12345,SITE-C,Wales,Paper/card,Primary,2024-06-16,4074.34,Supplied as goods
REC-2188-2024-Q1-SITE-A-AL01,2024-Q1,ORG-12345,SITE-A,England,Aluminium,Tertiary,2024-08-24,0.91615,Imported
REC-2189-Q4 2024-SITE-D-GL01,2024-Q4,ORG-12345,SITE-D,Northern Ireland,Glass,Secondary,2024-08-21,4304.05,Exported
REC-2190-Q2 2024-SITE-C-ST01,2024-Q2,ORG-12345,SITE-C,Wales,Steel,Secondary,2024-04-26,1.0625799999999999,Supplied as goods
REC-2191-Q4 2024-SITE-D-FB01,2024-Q4,ORG-12345,SITE-D,Northern Ireland,Fibre-based composite,Primary,2024-02-24,4613.75,Imported
REC-2192-2024-Q1-SITE-D-PC01,2024-Q1,ORG-12345,SITE-D,Northern Ireland,Paper/card,Shipment,2024-02-13,2.64685,Supplied as goods
REC-2193-2024-Q1-SITE-C-ST01,2024-Q1,ORG-12345,SITE-C,Wales,Steel,Secondary,2024-03-14,2156.54,Imported
REC-2194-2024-Q3-SITE-A-PL01,2024-Q3,ORG-12345,SITE-A,England,Plastic,Secondary,2024-01-25,2453.99,Exported
REC-2195-2024-Q3-SITE-E-ST01,2024-Q3,ORG-12345,SITE-E,England,Steel,Shipment,2024-01-16,2.7422,Supplied as goods
REC-2196-Q2 2024-SITE-C-PC01,2024-Q2,ORG-12345,SITE-C,Wales,Paper/card,Primary,2024-05-24,4.987550000000001,Exported
REC-2197-Q4 2024-SITE-D-OT01,2024-Q4,ORG-12345,SITE-D,Northern Ireland,Other,Primary,2024-05-08,1523.26,Exported
REC-2198-Q4 2024-SITE-D-PL02,2024-Q4,ORG-12345,SITE-D,Northern Ireland,Plastic,Primary,2024-10-25,2.9720700000000004,Imported
REC-2199-Q2 2024-SITE-B-ST01,2024-Q2,ORG-12345,SITE-B,Scotland,Steel,Primary,2024-06-09,4.54497,Imported
REC-2200-Q2 2024-SITE-B-PL01,2024-Q2,ORG-12345,SITE-B,Scotland,Plastic,Secondary,2024-08-25,2.87654,Imported
REC-2201-2024Q2-SITE-E-GL01,2024-Q2,ORG-12345,SITE-E,England,Glass,Primary,2024-08-30,3459.98,Exported
REC-2202-Q4 2024-SITE-B-PL01,2024-Q4,ORG-12345,SITE-B,Scotland,Plastic,Primary,2024-03-26,4121.6,Exported
REC-2203-Q2 2024-SITE-E-PL01,2024-Q2,ORG-12345,SITE-E,England,Plastic,Primary,2024-02-29,302.35,Imported
REC-2204-2024-Q1-SITE-C-FB01,2024-Q1,ORG-12345,SITE-C,Wales,Fibre-based composite,Primary,2024-02-26,3.32074,Supplied as goods
REC-2205-2024-Q1-SITE-B-AL01,2024-Q1,ORG-12345,SITE-B,Scotland,Aluminium,Secondary,2024-08-29,3.52399,Exported
REC-2206-2024-Q1-SITE-E-PL01,2024-Q1,ORG-12345,SITE-E,England,Plastic,Tertiary,2024-10-20,2543.07,Exported
REC-2207-Q4 2024-SITE-A-FB01,2024-Q4,ORG-12345,SITE-A,England,Fibre-based composite,Secondary,2024-03-15,2.6987600000000005,Imported
REC-2208-2024-Q3-SITE-E-OT01,2024-Q3,ORG-12345,SITE-E,England,Other,Tertiary,2024-01-20,2876.88,Supplied as goods
REC-2210-Q4 2024-SITE-B-PC01,2024-Q4,ORG-12345,SITE-B,Scotland,Paper/card,Secondary,2024-02-27,0.5137999999999999,Exported
REC-2212-Q2 2024-SITE-E-ST01,2024-Q2,ORG-12345,SITE-E,England,Steel,Tertiary,2024-08-02,3019.51,Supplied as goods
REC-2213-2024-Q3-SITE-E-WD01,2024-Q3,ORG-12345,SITE-E,England,Wood,Tertiary,2024-03-15,,Exported
REC-2214-2024-Q3-SITE-A-ST01,2024-Q3,ORG-12345,SITE-A,England,Steel,Tertiary,2024-02-06,3961.08,Supplied as goods
REC-2215-Q2 2024-SITE-C-UNKNOWN,2024-Q2,ORG-12345,SITE-C,Wales,,Shipment,2024-07-26,1278.15,Exported
REC-2216-2024-Q3-SITE-B-PC01,2024-Q3,ORG-12345,SITE-B,Scotland,Paper/card,Primary,2024-02-07,2926.12,Imported
REC-2217-Q2 2024-SITE-Z-FB01,2024-Q2,ORG-12345,SITE-Z,,Fibre-based composite,Tertiary,2024-05-29,1451.05,Exported
REC-2218-2024-Q1-SITE-B-FB01,2024-Q1,ORG-12345,SITE-B,Scotland,Fibre-based composite,Primary,2024-01-20,2292.65,Imported
REC-2219-2024-Q3-SITE-B-GL01,2024-Q3,ORG-12345,SITE-B,Scotland,Glass,Shipment,2024-05-18,0.5559400000000001,Imported
REC-2220-Q2 2024-SITE-E-FB01,2024-Q2,ORG-12345,SITE-E,England,Fibre-based composite,Secondary,2024-10-14,2.75622,Exported
REC-2221-Q2 2024-SITE-D-FB01,2024-Q2,ORG-12345,SITE-D,Northern Ireland,Fibre-based composite,Shipment,2024-08-04,2.53395,Exported
REC-2222-2024-Q1-SITE-D-WD01,2024-Q1,ORG-12345,SITE-D,Northern Ireland,Wood,Primary,2024-02-16,2.25361,Exported
REC-2223-Q2 2024-SITE-E-PL02,2024-Q2,ORG-12345,SITE-E,England,Plastic,Secondary,2024-12-18,1.11154,Supplied as goods
REC-2224-Q2 2024-SITE-B-GL01,2024-Q2,ORG-12345,SITE-B,Scotland,Glass,Tertiary,2024-08-10,3.58794,Supplied as goods
REC-2225-2024-Q3-SITE-C-PL01,2024-Q3,ORG-12345,SITE-C,Wales,Plastic,Secondary,2024-10-02,4.90601,Supplied as goods
REC-2226-2024-Q3-SITE-B-PL02,2024-Q3,ORG-12345,SITE-B,Scotland,Plastic,Secondary,2024-06-17,3.9098100000000002,Imported
REC-2227-2024-Q3-SITE-D-WD01,2024-Q3,ORG-12345,SITE-D,Northern Ireland,Wood,Primary,2024-01-31,0.66662,Imported
REC-2228-2024-Q1-SITE-D-AL01,2024-Q1,ORG-12345,SITE-D,Northern Ireland,Aluminium,Tertiary,2024-09-18,1404.32,Imported
REC-2229-2024-Q1-SITE-E-PL02,2024-Q1,ORG-12345,SITE-E,England,Plastic,Tertiary,2024-10-18,677.55,Exported
REC-2230-2024-Q3-SITE-A-PL01,2024-Q3,ORG-12345,SITE-A,England,Plastic,Tertiary,2024-08-28,2.33554,Imported
REC-2231-2024-Q3-SITE-B-ST01,2024-Q3,ORG-12345,SITE-B,Scotland,Steel,Secondary,2024-04-18,4.246560000000001,Exported
REC-2232-Q2 2024-SITE-E-FB01,2024-Q2,ORG-12345,SITE-E,England,Fibre-based composite,Tertiary,2024-11-07,4738.57,Imported
REC-2233-Q4 2024-SITE-E-FB01,2024-Q4,ORG-12345,SITE-E,England,Fibre-based composite,Tertiary,2024-06-22,2770.28,Exported
REC-2234-2024-Q1-SITE-A-PL02,2024-Q1,ORG-12345,SITE-A,England,Plastic,Secondary,2024-11-24,2962.34,Imported
REC-2235-2024-Q3-SITE-D-GL01,2024-Q3,ORG-12345,SITE-D,Northern Ireland,Glass,Tertiary,2025-01-05,3.41364,Exported
REC-2236-2024-Q1-SITE-D-FB01,2024-Q1,ORG-12345,SITE-D,Northern Ireland,Fibre-based composite,Tertiary,2024-12-29,1.78874,Supplied as goods
REC-2237-Q4 2024-SITE-B-PL01,2024-Q4,ORG-12345,SITE-B,Scotland,Plastic,Primary,2024-05-21,2712.2,Exported
REC-2238-2024-Q3-SITE-C-FB01,2024-Q3,ORG-12345,SITE-C,Wales,Fibre-based composite,Tertiary,2024-02-12,672.53,Exported
REC-2239-2024-Q3-SITE-B-FB01,2024-Q3,ORG-12345,SITE-B,Scotland,Fibre-based composite,Secondary,2024-11-07,293.3,Supplied as goods
REC-2240-2024-Q3-SITE-D-ST01,2024-Q3,ORG-12345,SITE-D,Northern Ireland,Steel,Primary,2024-10-26,1501.92,Supplied as goods
REC-2241-2024-Q3-SITE-D-FB01,2024-Q3,ORG-12345,SITE-D,Northern Ireland,Fibre-based composite,Secondary,2024-01-22,2081.78,Imported
REC-2242-2024-Q3-SITE-D-ST01,2024-Q3,ORG-12345,SITE-D,Northern Ireland,Steel,Secondary,2024-01-29,4332.63,Imported
REC-2243-2024-Q1-SITE-B-WD01,2024-Q1,ORG-12345,SITE-B,Scotland,Wood,Tertiary,2024-03-21,3.85163,Imported
REC-2244-Q2 2024-SITE-D-AL01,2024-Q2,ORG-12345,SITE-D,Northern Ireland,Aluminium,Tertiary,2024-04-18,1327.54,Imported
REC-2245-2024-Q3-SITE-D-FB01,2024-Q3,ORG-12345,SITE-D,Northern Ireland,Fibre-based composite,Secondary,2024-11-21,1.48149,Exported
REC-2246-Q2 2024-SITE-B-PC01,2024-Q2,ORG-12345,SITE-B,Scotland,Paper/card,Primary,2024-04-13,95.32,Supplied as goods
REC-2247-Q4 2024-SITE-D-GL01,2024-Q4,ORG-12345,SITE-D,Northern Ireland,Glass,Secondary,2024-12-16,4818.23,Supplied as goods
REC-2248-2024-Q1-SITE-E-WD01,2024-Q1,ORG-12345,SITE-E,England,Wood,Secondary,2024-01-29,714.97,Imported
REC-2249-2024-Q3-SITE-A-PL02,2024-Q3,ORG-12345,SITE-A,England,Plastic,Primary,2024-05-22,1.44061,Supplied as goods
REC-2250-2024-Q1-SITE-A-OT01,2024-Q1,ORG-12345,SITE-A,England,Other,Tertiary,2024-09-13,3.2151199999999998,Exported
REC-2251-2024-Q1-SITE-B-OT01,2024-Q1,ORG-12345,SITE-B,Scotland,Other,Secondary,2024-11-05,3.56929,Imported
REC-2252-Q2 2024-SITE-D-PC01,2024-Q2,ORG-12345,SITE-D,Northern Ireland,Paper/card,Secondary,2024-08-11,4658.38,Supplied as goods
REC-2253-Q2 2024-SITE-A-ST01,2024-Q2,ORG-12345,SITE-A,England,Steel,Tertiary,2024-03-11,3211.04,Supplied as goods
REC-2254-2024-Q3-SITE-D-GL01,2024-Q3,ORG-12345,SITE-D,Northern Ireland,Glass,Primary,2024-08-22,2.66737,Supplied as goods
REC-2255-2024-Q3-SITE-D-PC01,2024-Q3,ORG-12345,SITE-D,Northern Ireland,Paper/card,Tertiary,2024-04-10,3.66101,Exported
REC-2256-Q2 2024-SITE-A-PC01,2024-Q2,ORG-12345,SITE-A,England,Paper/card,Secondary,2024-06-29,0.9154,Exported
REC-2257-2024-Q3-SITE-C-ST01,2024-Q3,ORG-12345,SITE-C,Wales,Steel,Secondary,2024-07-21,283.39,Imported
REC-2258-2024-Q1-SITE-B-ST01,2024-Q1,ORG-12345,SITE-B,Scotland,Steel,Tertiary,2024-03-26,1.72577,Imported
REC-2259-Q4 2024-SITE-E-AL01,2024-Q4,ORG-12345,SITE-E,England,Aluminium,Primary,2024-11-27,4924.39,Exported
REC-2260-Q2 2024-SITE-B-PL02,2024-Q2,ORG-12345,SITE-B,Scotland,Plastic,Secondary,2024-06-13,4510.79,Imported
REC-2261-2024-Q1-SITE-B-GL01,2024-Q1,ORG-12345,SITE-B,Scotland,Glass,Secondary,2024-07-14,201.99,Supplied as goods
REC-2262-Q4 2024-SITE-E-PL01,2024-Q4,ORG-12345,SITE-E,England,Plastic,Tertiary,2024-02-05,0.35085000000000005,Exported
REC-2263-Q2 2024-SITE-D-ST01,2024-Q2,ORG-12345,SITE-D,Northern Ireland,Steel,Secondary,2024-10-20,3.1949400000000003,Exported
REC-2264-Q2 2024-SITE-C-OT01,2024-Q2,ORG-12345,SITE-C,Wales,Other,Tertiary,2024-01-21,1.37049,Supplied as goods
REC-2265-2024-Q1-SITE-E-PL01,2024-Q1,ORG-12345,SITE-E,England,Plastic,Tertiary,2024-08-04,3.9498,Exported
REC-2266-2024-Q3-SITE-D-WD01,2024-Q3,ORG-12345,SITE-D,Northern Ireland,Wood,Secondary,2024-06-05,1.4687000000000001,Exported
REC-2267-Q4 2024-SITE-C-ST01,2024-Q4,ORG-12345,SITE-C,Wales,Steel,Secondary,2024-10-13,4779.78,Exported
REC-2268-Q2 2024-SITE-D-AL01,2024-Q2,ORG-12345,SITE-D,Northern Ireland,Aluminium,Tertiary,2025-01-09,4.40109,Exported
REC-2269-2024-Q1-SITE-B-OT01,2024-Q1,ORG-12345,SITE-B,Scotland,Other,Primary,2024-10-15,3226.85,Supplied as goods
REC-2270-Q4 2024-SITE-E-WD01,2024-Q4,ORG-12345,SITE-E,England,Wood,Shipment,2024-10-11,3322.3,Exported
REC-2271-2024-Q3-SITE-C-OT01,2024-Q3,ORG-12345,SITE-C,Wales,Other,Tertiary,2024-11-06,4.42976,Supplied as goods
REC-2272-2024-Q3-SITE-B-GL01,2024-Q3,ORG-12345,SITE-B,Scotland,Glass,Tertiary,2024-05-13,568.04,Imported
REC-2273-Q2 2024-SITE-C-PL01,2024-Q2,ORG-12345,SITE-C,Wales,Plastic,Tertiary,2024-03-22,4316.15,Supplied as goods
REC-2274-Q2 2024-SITE-B-AL01,2024-Q2,ORG-12345,SITE-B,Scotland,Aluminium,Tertiary,2024-10-31,3261.05,Exported
REC-2275-Q4 2024-SITE-A-PL02,2024-Q4,ORG-12345,SITE-A,England,Plastic,Primary,2024-10-31,4927.39,Supplied as goods
REC-2276-Q2 2024-SITE-E-AL01,2024-Q2,ORG-12345,SITE-E,England,Aluminium,Primary,2024-03-29,4.34132,Exported
REC-2277-2024-Q1-SITE-B-PL02,2024-Q1,ORG-12345,SITE-B,Scotland,Plastic,Primary,2024-02-16,0.12377,Supplied as goods
REC-2278-2024-Q1-SITE-A-OT01,2024-Q1,ORG-12345,SITE-A,England,Other,Secondary,2024-12-03,2.19815,Imported
REC-2279-2024-Q1-SITE-A-OT01,2024-Q1,ORG-12345,SITE-A,England,Other,Tertiary,2024-02-26,2430.19,Exported
REC-2280-2024-Q1-SITE-C-ST01,2024-Q1,ORG-12345,SITE-C,Wales,Steel,Primary,2024-05-14,1.9493900000000002,Imported
REC-2281-2024-Q1-SITE-E-OT01,2024-Q1,ORG-12345,SITE-E,England,Other,Secondary,2024-06-04,3.26688,Imported
REC-2282-2024-Q3-SITE-C-FB01,2024-Q3,ORG-12345,SITE-C,Wales,Fibre-based composite,Tertiary,2024-11-11,3.2255000000000003,Exported
REC-2283-Q2 2024-SITE-A-PC01,2024-Q2,ORG-12345,SITE-A,England,Paper/card,Tertiary,2024-01-23,3.96102,Exported
REC-2284-2024-Q3-SITE-C-WD01,2024-Q3,ORG-12345,SITE-C,Wales,Wood,Tertiary,2024-11-11,4.5842,Imported
REC-2285-Q4 2024-SITE-D-FB01,2024-Q4,ORG-12345,SITE-D,Northern Ireland,Fibre-based composite,Secondary,2024-08-01,1.6904700000000001,Supplied as goods
REC-2286-2024-Q3-SITE-C-FB01,2024-Q3,ORG-12345,SITE-C,Wales,Fibre-based composite,Secondary,2024-03-01,415.44,Supplied as goods
REC-2287-Q4 2024-SITE-A-AL01,2024-Q4,ORG-12345,SITE-A,England,Aluminium,Secondary,2024-11-12,4048.43,Supplied as goods
REC-2288-Q2 2024-SITE-C-ST01,2024-Q2,ORG-12345,SITE-C,Wales,Steel,Tertiary,2024-08-16,2.3737,Exported
REC-2289-Q4 2024-SITE-E-OT01,2024-Q4,ORG-12345,SITE-E,England,Other,Primary,2024-07-31,2792.11,Imported
REC-2290-2024-Q1-SITE-E-WD01,2024-Q1,ORG-12345,SITE-E,England,Wood,Tertiary,2024-10-11,2663.37,Supplied as goods
REC-2291-Q4 2024-SITE-C-WD01,2024-Q4,ORG-12345,SITE-C,Wales,Wood,Tertiary,2024-07-18,0.40961000000000003,Exported
REC-2292-Q2 2024-SITE-A-WD01,2024-Q2,ORG-12345,SITE-A,England,Wood,Tertiary,2024-01-26,2868.28,Supplied as goods
REC-2293-Q2 2024-SITE-D-PL02,2024-Q2,ORG-12345,SITE-D,Northern Ireland,Plastic,Primary,2024-01-22,4411.84,Imported
REC-2294-2024-Q1-SITE-B-ST01,2024-Q1,ORG-12345,SITE-B,Scotland,Steel,Primary,2024-07-17,4281.16,Exported
REC-2295-Q4 2024-SITE-D-PC01,2024-Q4,ORG-12345,SITE-D,Northern Ireland,Paper/card,Shipment,2024-06-11,4.859,Imported
REC-2296-Q2 2024-SITE-D-PL02,2024-Q2,ORG-12345,SITE-D,Northern Ireland,Plastic,Tertiary,2024-03-04,732.95,Exported
REC-2297-Q4 2024-SITE-A-OT01,2024-Q4,ORG-12345,SITE-A,England,Other,Tertiary,2024-08-25,2779.56,Exported
REC-2298-2024-Q1-SITE-C-ST01,2024-Q1,ORG-12345,SITE-C,Wales,Steel,Primary,2024-02-11,747.52,Supplied as goods
REC-2299-2024-Q3-SITE-A-ST01,2024-Q3,ORG-12345,SITE-A,England,Steel,Tertiary,2024-06-13,1.8638800000000002,Exported
REC-2300-Q2 2024-SITE-A-PC01,2024-Q2,ORG-12345,SITE-A,England,Paper/card,Secondary,2024-07-20,1.62885,Supplied as goods
REC-2301-2024Q2-SITE-A-WD01,2024-Q2,ORG-12345,SITE-A,England,Wood,Tertiary,2024-08-06,3.56602,Supplied as goods
REC-2302-Q2 2024-SITE-D-AL01,2024-Q2,ORG-12345,SITE-D,Northern Ireland,Aluminium,Tertiary,2024-03-24,2.07954,Imported
REC-2303-2024-Q3-SITE-E-ST01,2024-Q3,ORG-12345,SITE-E,England,Steel,Primary,2024-06-06,4.9598,Imported
REC-2304-2024-Q3-SITE-B-PL01,2024-Q3,ORG-12345,SITE-B,Scotland,Plastic,Primary,2024-09-02,2.4531,Supplied as goods
REC-2305-2024-Q3-SITE-D-AL01,2024-Q3,ORG-12345,SITE-D,Northern Ireland,Aluminium,Primary,2024-09-17,4.9687399999999995,Supplied as goods
REC-2306-2024-Q1-SITE-A-PL02,2024-Q1,ORG-12345,SITE-A,England,Plastic,Primary,2024-07-23,4.71771,Imported
REC-2307-2024-Q3-SITE-A-PL01,2024-Q3,ORG-12345,SITE-A,England,Plastic,Shipment,2024-03-15,4.22701,Supplied as goods
REC-2308-2024-Q1-SITE-D-PL02,2024-Q1,ORG-12345,SITE-D,Northern Ireland,Plastic,Tertiary,2024-03-24,3.7321500000000003,Supplied as goods
REC-2310-2024-Q3-SITE-E-PL01,2024-Q3,ORG-12345,SITE-E,England,Plastic,Secondary,2024-06-30,4.53495,Imported
REC-2312-Q4 2024-SITE-A-GL01,2024-Q4,ORG-12345,SITE-A,England,Glass,Shipment,2024-02-29,1431.19,Imported
REC-2313-2024-Q1-SITE-E-OT01,2024-Q1,ORG-12345,SITE-E,England,Other,Primary,2024-02-20,,Imported
REC-2314-Q4 2024-SITE-E-PL01,2024-Q4,ORG-12345,SITE-E,England,Plastic,Secondary,2024-12-30,274.75,Imported
REC-2315-Q4 2024-SITE-C-UNKNOWN,2024-Q4,ORG-12345,SITE-C,Wales,,Primary,2024-10-09,4.467390000000001,Imported
REC-2316-2024-Q3-SITE-D-AL01,2024-Q3,ORG-12345,SITE-D,Northern Ireland,Aluminium,Secondary,2024-08-24,2.1323499999999997,Supplied as goods
REC-2317-2024-Q3-SITE-Z-PL01,2024-Q3,ORG-12345,SITE-Z,,Plastic,Tertiary,2024-09-28,2.26663,Imported
REC-2318-Q4 2024-SITE-B-AL01,2024-Q4,ORG-12345,SITE-B,Scotland,Aluminium,Shipment,2024-06-15,4839.98,Imported
REC-2319-Q4 2024-SITE-A-FB01,2024-Q4,ORG-12345,SITE-A,England,Fibre-based composite,Primary,2024-06-04,284.79,Exported
REC-2320-2024-Q1-SITE-C-PL01,2024-Q1,ORG-12345,SITE-C,Wales,Plastic,Secondary,2024-08-05,2272.48,Imported
REC-2321-2024-Q1-SITE-E-GL01,2024-Q1,ORG-12345,SITE-E,England,Glass,Primary,2024-07-03,0.95472,Exported
REC-2322-2024-Q1-SITE-A-PC01,2024-Q1,ORG-12345,SITE-A,England,Paper/card,Primary,2024-03-06,2492.25,Supplied as goods
REC-2323-2024-Q1-SITE-A-PL02,2024-Q1,ORG-12345,SITE-A,England,Plastic,Primary,2024-07-01,3905.6,Imported
REC-2324-Q2 2024-SITE-B-ST01,2024-Q2,ORG-12345,SITE-B,Scotland,Steel,Tertiary,2024-01-27,3.42579,Imported
REC-2325-2024-Q3-SITE-C-FB01,2024-Q3,ORG-12345,SITE-C,Wales,Fibre-based composite,Tertiary,2024-02-26,1.8862,Exported
REC-2326-2024-Q3-SITE-D-GL01,2024-Q3,ORG-12345,SITE-D,Northern Ireland,Glass,Primary,2024-07-15,3.35096,Supplied as goods
REC-2327-2024-Q3-SITE-A-PL01,2024-Q3,ORG-12345,SITE-A,England,Plastic,Primary,2024-07-05,4.30666,Supplied as goods
REC-2328-2024-Q3-SITE-E-AL01,2024-Q3,ORG-12345,SITE-E,England,Aluminium,Tertiary,2024-12-04,4655.98,Exported
REC-2329-Q4 2024-SITE-A-PC01,2024-Q4,ORG-12345,SITE-A,England,Paper/card,Primary,2024-04-21,1448.47,Imported
REC-2330-2024-Q3-SITE-E-GL01,2024-Q3,ORG-12345,SITE-E,England,Glass,Secondary,2024-01-29,2776.19,Exported
REC-2331-Q2 2024-SITE-C-AL01,2024-Q2,ORG-12345,SITE-C,Wales,Aluminium,Tertiary,2024-01-21,288.32,Supplied as goods
REC-2332-Q2 2024-SITE-C-AL01,2024-Q2,ORG-12345,SITE-C,Wales,Aluminium,Tertiary,2024-05-03,636.66,Exported
REC-2333-2024-Q1-SITE-A-FB01,2024-Q1,ORG-12345,SITE-A,England,Fibre-based composite,Primary,2024-06-16,3077.29,Exported
REC-2334-2024-Q3-SITE-E-PL02,2024-Q3,ORG-12345,SITE-E,England,Plastic,Primary,2024-05-18,1.7172100000000001,Exported
REC-2335-Q4 2024-SITE-C-PC01,2024-Q4,ORG-12345,SITE-C,Wales,Paper/card,Tertiary,2024-02-01,1.73531,Exported
REC-2336-Q4 2024-SITE-A-PL01,2024-Q4,ORG-12345,SITE-A,England,Plastic,Secondary,2024-08-21,2.8685,Imported
REC-2337-2024-Q3-SITE-D-OT01,2024-Q3,ORG-12345,SITE-D,Northern Ireland,Other,Primary,2025-01-05,2756.34,Supplied as goods
REC-2338-Q2 2024-SITE-B-AL01,2024-Q2,ORG-12345,SITE-B,Scotland,Aluminium,Secondary,2024-06-10,1.37193,Exported
REC-2339-2024-Q1-SITE-B-ST01,2024-Q1,ORG-12345,SITE-B,Scotland,Steel,Shipment,2024-08-03,4817.74,Exported
REC-2340-2024-Q3-SITE-C-WD01,2024-Q3,ORG-12345,SITE-C,Wales,Wood,Secondary,2024-05-05,3.80588,Imported
REC-2341-Q2 2024-SITE-D-GL01,2024-Q2,ORG-12345,SITE-D,Northern Ireland,Glass,Tertiary,2024-06-23,4.15079,Imported
REC-2342-2024-Q3-SITE-D-ST01,2024-Q3,ORG-12345,SITE-D,Northern Ireland,Steel,Primary,2024-11-08,0.95904,Imported
REC-2343-Q2 2024-SITE-B-PL01,2024-Q2,ORG-12345,SITE-B,Scotland,Plastic,Tertiary,2024-07-02,3.32438,Supplied as goods
REC-2344-2024-Q1-SITE-E-PL02,2024-Q1,ORG-12345,SITE-E,England,Plastic,Primary,2024-08-17,3.6992800000000003,Supplied as goods
REC-2345-2024-Q3-SITE-E-PL01,2024-Q3,ORG-12345,SITE-E,England,Plastic,Secondary,2024-01-22,77.81,Supplied as goods
REC-2346-Q2 2024-SITE-B-GL01,2024-Q2,ORG-12345,SITE-B,Scotland,Glass,Primary,2024-01-18,1950.93,Supplied as goods
REC-2347-Q4 2024-SITE-C-ST01,2024-Q4,ORG-12345,SITE-C,Wales,Steel,Tertiary,2024-10-30,4790.55,Imported
REC-2348-Q2 2024-SITE-C-GL01,2024-Q2,ORG-12345,SITE-C,Wales,Glass,Primary,2024-02-07,2987.42,Supplied as goods
REC-2349-Q2 2024-SITE-A-AL01,2024-Q2,ORG-12345,SITE-A,England,Aluminium,Tertiary,2024-07-22,2.12445,Supplied as goods
REC-2350-2024-Q1-SITE-D-PC01,2024-Q1,ORG-12345,SITE-D,Northern Ireland,Paper/card,Shipment,2024-11-15,434.8,Supplied as goods
REC-2351-Q2 2024-SITE-B-GL01,2024-Q2,ORG-12345,SITE-B,Scotland,Glass,Primary,2024-10-22,616.95,Imported
REC-2352-Q2 2024-SITE-A-PL01,2024-Q2,ORG-12345,SITE-A,England,Plastic,Primary,2024-07-13,2.18567,Supplied as goods
REC-2353-2024-Q3-SITE-A-OT01,2024-Q3,ORG-12345,SITE-A,England,Other,Tertiary,2024-03-03,2635.16,Supplied as goods
REC-2354-2024-Q3-SITE-E-FB01,2024-Q3,ORG-12345,SITE-E,England,Fibre-based composite,Primary,2024-10-22,2.5405100000000003,Supplied as goods
REC-2355-Q4 2024-SITE-E-OT01,2024-Q4,ORG-12345,SITE-E,England,Other,Primary,2024-09-11,2963.28,Exported
REC-2356-2024-Q3-SITE-A-GL01,2024-Q3,ORG-12345,SITE-A,England,Glass,Tertiary,2024-09-16,0.51627,Exported
REC-2357-Q4 2024-SITE-A-OT01,2024-Q4,ORG-12345,SITE-A,England,Other,Tertiary,2024-04-03,3.03918,Exported
REC-2358-2024-Q3-SITE-C-OT01,2024-Q3,ORG-12345,SITE-C,Wales,Other,Shipment,2024-12-16,4501.11,Imported
REC-2359-2024-Q1-SITE-B-PL02,2024-Q1,ORG-12345,SITE-B,Scotland,Plastic,Shipment,2024-04-14,882.2,Supplied as goods
REC-2360-Q2 2024-SITE-B-OT01,2024-Q2,ORG-12345,SITE-B,Scotland,Other,Primary,2024-04-03,1.508,Exported
REC-2361-Q2 2024-SITE-C-PL01,2024-Q2,ORG-12345,SITE-C,Wales,Plastic,Secondary,2024-03-22,1423.25,Supplied as goods
REC-2362-Q2 2024-SITE-E-OT01,2024-Q2,ORG-12345,SITE-E,England,Other,Tertiary,2024-01-20,376.89,Supplied as goods
REC-2363-Q2 2024-SITE-A-GL01,2024-Q2,ORG-12345,SITE-A,England,Glass,Tertiary,2024-06-04,3.68719,Exported
REC-2364-2024-Q3-SITE-D-GL01,2024-Q3,ORG-12345,SITE-D,Northern Ireland,Glass,Primary,2025-01-05,696.39,Supplied as goods
REC-2365-2024-Q1-SITE-B-PL02,2024-Q1,ORG-12345,SITE-B,Scotland,Plastic,Primary,2024-07-04,3.60337,Imported
REC-2366-2024-Q3-SITE-A-PL01,2024-Q3,ORG-12345,SITE-A,England,Plastic,Secondary,2024-11-14,2.00957,Imported
REC-2367-2024-Q1-SITE-D-AL01,2024-Q1,ORG-12345,SITE-D,Northern Ireland,Aluminium,Tertiary,2024-10-16,2311.74,Imported
REC-2368-2024-Q1-SITE-E-AL01,2024-Q1,ORG-12345,SITE-E,England,Aluminium,Primary,2024-12-29,3.43475,Supplied as goods
REC-2369-Q2 2024-SITE-B-PL02,2024-Q2,ORG-12345,SITE-B,Scotland,Plastic,Secondary,2024-01-29,1.9216900000000001,Imported
REC-2370-Q4 2024-SITE-A-ST01,2024-Q4,ORG-12345,SITE-A,England,Steel,Primary,2024-04-07,2729.0,Exported
REC-2371-Q4 2024-SITE-A-GL01,2024-Q4,ORG-12345,SITE-A,England,Glass,Shipment,2024-01-22,4.01722,Supplied as goods
REC-2372-Q4 2024-SITE-D-OT01,2024-Q4,ORG-12345,SITE-D,Northern Ireland,Other,Primary,2024-02-04,2059.02,Imported
REC-2373-Q4 2024-SITE-A-FB01,2024-Q4,ORG-12345,SITE-A,England,Fibre-based composite,Primary,2024-07-18,2.00031,Exported
REC-2374-2024-Q1-SITE-C-PL01,2024-Q1,ORG-12345,SITE-C,Wales,Plastic,Secondary,2024-08-22,1470.35,Exported
REC-2375-Q4 2024-SITE-B-FB01,2024-Q4,ORG-12345,SITE-B,Scotland,Fibre-based composite,Primary,2024-01-19,1.56554,Exported
REC-2376-Q2 2024-SITE-B-ST01,2024-Q2,ORG-12345,SITE-B,Scotland,Steel,Tertiary,2024-07-30,1915.8,Exported
REC-2377-Q2 2024-SITE-C-GL01,2024-Q2,ORG-12345,SITE-C,Wales,Glass,Secondary,2024-12-20,0.48788,Supplied as goods
REC-2378-Q2 2024-SITE-C-GL01,2024-Q2,ORG-12345,SITE-C,Wales,Glass,Tertiary,2024-12-27,1750.44,Exported
REC-2379-Q4 2024-SITE-E-OT01,2024-Q4,ORG-12345,SITE-E,England,Other,Tertiary,2024-12-31,3.19935,Exported
REC-2380-2024-Q3-SITE-B-PL02,2024-Q3,ORG-12345,SITE-B,Scotland,Plastic,Tertiary,2024-02-27,4.655010000000001,Exported
REC-2381-Q2 2024-SITE-B-FB01,2024-Q2,ORG-12345,SITE-B,Scotland,Fibre-based composite,Secondary,2024-06-07,1045.02,Supplied as goods
REC-2382-Q2 2024-SITE-E-WD01,2024-Q2,ORG-12345,SITE-E,England,Wood,Primary,2024-05-19,3350.22,Imported
REC-2383-2024-Q1-SITE-A-ST01,2024-Q1,ORG-12345,SITE-A,England,Steel,Primary,2024-07-20,4.05414,Supplied as goods
REC-2384-Q4 2024-SITE-C-OT01,2024-Q4,ORG-12345,SITE-C,Wales,Other,Secondary,2024-08-01,188.55,Imported
REC-2385-2024-Q3-SITE-E-ST01,2024-Q3,ORG-12345,SITE-E,England,Steel,Secondary,2024-12-05,3990.53,Imported
REC-2386-Q4 2024-SITE-C-PC01,2024-Q4,ORG-12345,SITE-C,Wales,Paper/card,Primary,2024-08-03,4836.92,Imported
REC-2387-Q4 2024-SITE-A-FB01,2024-Q4,ORG-12345,SITE-A,England,Fibre-based composite,Tertiary,2024-06-06,3895.76,Exported
REC-2388-2024-Q1-SITE-A-GL01,2024-Q1,ORG-12345,SITE-A,England,Glass,Primary,2024-07-03,1749.12,Supplied as goods
REC-2389-Q2 2024-SITE-D-ST01,2024-Q2,ORG-12345,SITE-D,Northern Ireland,Steel,Shipment,2024-07-23,4.08309,Supplied as goods
REC-2390-Q2 2024-SITE-A-FB01,2024-Q2,ORG-12345,SITE-A,England,Fibre-based composite,Secondary,2024-09-03,4.22899,Imported
REC-2391-Q2 2024-SITE-C-ST01,2024-Q2,ORG-12345,SITE-C,Wales,Steel,Primary,2024-03-17,1.8713199999999999,Supplied as goods
REC-2392-Q2 2024-SITE-B-ST01,2024-Q2,ORG-12345,SITE-B,Scotland,Steel,Primary,2024-03-14,4.770600000000001,Exported
REC-2393-Q4 2024-SITE-A-ST01,2024-Q4,ORG-12345,SITE-A,England,Steel,Tertiary,2024-08-13,4.43635,Imported
REC-2394-2024-Q1-SITE-A-AL01,2024-Q1,ORG-12345,SITE-A,England,Aluminium,Tertiary,2024-10-12,1.16873,Imported
REC-2395-Q4 2024-SITE-C-PC01,2024-Q4,ORG-12345,SITE-C,Wales,Paper/card,Primary,2024-10-26,4.66301,Supplied as goods
REC-2396-Q4 2024-SITE-B-ST01,2024-Q4,ORG-12345,SITE-B,Scotland,Steel,Secondary,2024-09-06,1085.12,Supplied as goods
REC-2397-2024-Q1-SITE-A-ST01,2024-Q1,ORG-12345,SITE-A,England,Steel,Secondary,2024-04-23,3269.91,Exported
REC-2398-Q4 2024-SITE-E-GL01,2024-Q4,ORG-12345,SITE-E,England,Glass,Tertiary,2024-03-30,4.67211,Exported
REC-2399-2024-Q3-SITE-D-AL01,2024-Q3,ORG-12345,SITE-D,Northern Ireland,Aluminium,Secondary,2024-04-20,2292.18,Imported
REC-2400-2024-Q3-SITE-A-AL01,2024-Q3,ORG-12345,SITE-A,England,Aluminium,Secondary,2024-08-26,0.6018,Supplied as goods
REC-2401-2024Q2-SITE-C-OT01,2024-Q2,ORG-12345,SITE-C,Wales,Other,Primary,2024-01-27,4641.48,Supplied as goods
REC-2402-2024-Q3-SITE-A-GL01,2024-Q3,ORG-12345,SITE-A,England,Glass,Secondary,2024-06-26,0.932,Exported
REC-2403-2024-Q3-SITE-E-WD01,2024-Q3,ORG-12345,SITE-E,England,Wood,Primary,2024-11-03,0.64358,Supplied as goods
REC-2404-Q2 2024-SITE-D-PL02,2024-Q2,ORG-12345,SITE-D,Northern Ireland,Plastic,Tertiary,2024-04-25,3.82717,Supplied as goods
REC-2405-Q4 2024-SITE-B-PL02,2024-Q4,ORG-12345,SITE-B,Scotland,Plastic,Primary,2024-01-28,3.13105,Imported
REC-2406-2024-Q3-SITE-B-GL01,2024-Q3,ORG-12345,SITE-B,Scotland,Glass,Shipment,2024-07-24,3174.28,Exported
REC-2407-Q2 2024-SITE-B-PC01,2024-Q2,ORG-12345,SITE-B,Scotland,Paper/card,Tertiary,2024-03-15,3.43028,Exported
REC-2408-2024-Q3-SITE-A-WD01,2024-Q3,ORG-12345,SITE-A,England,Wood,Primary,2024-09-13,3.09895,Exported
REC-2410-Q4 2024-SITE-E-PC01,2024-Q4,ORG-12345,SITE-E,England,Paper/card,Primary,2024-10-02,2.0156300000000003,Imported
REC-2412-2024-Q1-SITE-D-PL01,2024-Q1,ORG-12345,SITE-D,Northern Ireland,Plastic,Primary,2024-12-10,2.48239,Supplied as goods
REC-2413-Q4 2024-SITE-A-OT01,2024-Q4,ORG-12345,SITE-A,England,Other,Primary,2024-12-02,,Exported
REC-2414-Q4 2024-SITE-D-FB01,2024-Q4,ORG-12345,SITE-D,Northern Ireland,Fibre-based composite,Tertiary,2024-06-29,2693.96,Imported
REC-2415-Q2 2024-SITE-B-UNKNOWN,2024-Q2,ORG-12345,SITE-B,Scotland,,Tertiary,2024-04-06,0.69857,Imported
REC-2416-Q2 2024-SITE-C-OT01,2024-Q2,ORG-12345,SITE-C,Wales,Other,Primary,2024-10-27,575.35,Exported
REC-2417-2024-Q3-SITE-Z-GL01,2024-Q3,ORG-12345,SITE-Z,,Glass,Tertiary,2024-02-13,4.9545200000000005,Exported
REC-2418-2024-Q3-SITE-B-FB01,2024-Q3,ORG-12345,SITE-B,Scotland,Fibre-based composite,Primary,2024-02-09,4964.87,Exported
REC-2419-2024-Q1-SITE-B-FB01,2024-Q1,ORG-12345,SITE-B,Scotland,Fibre-based composite,Primary,2024-03-13,3962.26,Exported
REC-2420-2024-Q1-SITE-C-OT01,2024-Q1,ORG-12345,SITE-C,Wales,Other,Primary,2024-01-18,2014.26,Imported
REC-2421-2024-Q3-SITE-A-WD01,2024-Q3,ORG-12345,SITE-A,England,Wood,Tertiary,2024-01-21,1184.12,Imported
REC-2422-2024-Q3-SITE-E-PL02,2024-Q3,ORG-12345,SITE-E,England,Plastic,Primary,2024-08-06,0.91385,Imported
REC-2423-2024-Q1-SITE-D-AL01,2024-Q1,ORG-12345,SITE-D,Northern Ireland,Aluminium,Shipment,2024-06-04,2393.96,Exported
REC-2424-2024-Q1-SITE-B-WD01,2024-Q1,ORG-12345,SITE-B,Scotland,Wood,Primary,2024-02-28,1.6261800000000002,Imported
REC-2425-Q4 2024-SITE-C-FB01,2024-Q4,ORG-12345,SITE-C,Wales,Fibre-based composite,Tertiary,2024-01-23,406.5,Imported
REC-2426-2024-Q3-SITE-E-PL02,2024-Q3,ORG-12345,SITE-E,England,Plastic,Shipment,2024-10-21,1.91108,Exported
REC-2427-2024-Q1-SITE-B-WD01,2024-Q1,ORG-12345,SITE-B,Scotland,Wood,Secondary,2024-04-10,0.34798,Supplied as goods
REC-2428-Q2 2024-SITE-A-FB01,2024-Q2,ORG-12345,SITE-A,England,Fibre-based composite,Primary,2024-12-18,123.8,Exported
REC-2429-Q2 2024-SITE-E-PL02,2024-Q2,ORG-12345,SITE-E,England,Plastic,Primary,2024-08-22,0.41279000000000005,Imported
REC-2430-2024-Q1-SITE-D-FB01,2024-Q1,ORG-12345,SITE-D,Northern Ireland,Fibre-based composite,Secondary,2024-10-08,2854.32,Exported
REC-2431-Q2 2024-SITE-D-WD01,2024-Q2,ORG-12345,SITE-D,Northern Ireland,Wood,Primary,2024-11-18,866.62,Supplied as goods
REC-2432-2024-Q3-SITE-D-GL01,2024-Q3,ORG-12345,SITE-D,Northern Ireland,Glass,Primary,2024-11-05,3.2775700000000003,Imported
REC-2433-Q2 2024-SITE-C-OT01,2024-Q2,ORG-12345,SITE-C,Wales,Other,Shipment,2024-04-30,2402.01,Exported
REC-2434-2024-Q3-SITE-C-ST01,2024-Q3,ORG-12345,SITE-C,Wales,Steel,Primary,2024-01-30,3032.96,Supplied as goods
REC-2435-Q2 2024-SITE-B-OT01,2024-Q2,ORG-12345,SITE-B,Scotland,Other,Tertiary,2024-03-29,3938.91,Exported
REC-2436-2024-Q3-SITE-A-PL01,2024-Q3,ORG-12345,SITE-A,England,Plastic,Primary,2024-07-26,2951.16,Supplied as goods
REC-2437-2024-Q1-SITE-D-ST01,2024-Q1,ORG-12345,SITE-D,Northern Ireland,Steel,Secondary,2024-02-09,3218.42,Exported
REC-2438-2024-Q3-SITE-D-PL01,2024-Q3,ORG-12345,SITE-D,Northern Ireland,Plastic,Primary,2024-10-19,4842.44,Imported
REC-2439-Q4 2024-SITE-E-FB01,2024-Q4,ORG-12345,SITE-E,England,Fibre-based composite,Secondary,2024-02-29,1523.83,Imported
REC-2440-2024-Q1-SITE-D-FB01,2024-Q1,ORG-12345,SITE-D,Northern Ireland,Fibre-based composite,Tertiary,2024-07-02,1959.0,Supplied as goods
REC-2441-Q4 2024-SITE-B-PL01,2024-Q4,ORG-12345,SITE-B,Scotland,Plastic,Primary,2024-02-03,1259.11,Imported
REC-2442-Q4 2024-SITE-D-FB01,2024-Q4,ORG-12345,SITE-D,Northern Ireland,Fibre-based composite,Secondary,2024-03-11,2.16179,Exported
REC-2443-Q2 2024-SITE-C-PC01,2024-Q2,ORG-12345,SITE-C,Wales,Paper/card,Primary,2025-01-04,3.49493,Exported
REC-2444-2024-Q3-SITE-C-PC01,2024-Q3,ORG-12345,SITE-C,Wales,Paper/card,Shipment,2024-04-06,3.6091300000000004,Imported
REC-2445-2024-Q3-SITE-D-OT01,2024-Q3,ORG-12345,SITE-D,Northern Ireland,Other,Primary,2024-02-24,2.0969499999999996,Imported
REC-2446-Q4 2024-SITE-E-PC01,2024-Q4,ORG-12345,SITE-E,England,Paper/card,Shipment,2024-06-07,4585.02,Imported
REC-2447-2024-Q3-SITE-C-FB01,2024-Q3,ORG-12345,SITE-C,Wales,Fibre-based composite,Tertiary,2024-05-07,1277.67,Imported
REC-2448-2024-Q1-SITE-E-ST01,2024-Q1,ORG-12345,SITE-E,England,Steel,Tertiary,2024-11-01,3938.54,Imported
REC-2449-Q4 2024-SITE-C-AL01,2024-Q4,ORG-12345,SITE-C,Wales,Aluminium,Tertiary,2024-05-09,1250.17,Exported
REC-2450-Q2 2024-SITE-B-ST01,2024-Q2,ORG-12345,SITE-B,Scotland,Steel,Secondary,2024-11-13,0.13502,Imported
REC-2451-2024-Q3-SITE-B-PC01,2024-Q3,ORG-12345,SITE-B,Scotland,Paper/card,Shipment,2024-05-21,685.1,Imported
REC-2452-2024-Q1-SITE-B-GL01,2024-Q1,ORG-12345,SITE-B,Scotland,Glass,Primary,2024-04-12,4988.65,Supplied as goods
REC-2453-2024-Q3-SITE-C-PL02,2024-Q3,ORG-12345,SITE-C,Wales,Plastic,Tertiary,2024-07-11,3820.33,Imported
REC-2454-2024-Q3-SITE-C-AL01,2024-Q3,ORG-12345,SITE-C,Wales,Aluminium,Secondary,2024-11-09,3563.29,Exported
REC-2455-2024-Q3-SITE-A-GL01,2024-Q3,ORG-12345,SITE-A,England,Glass,Tertiary,2024-10-31,0.2346,Supplied as goods
REC-2456-Q2 2024-SITE-B-FB01,2024-Q2,ORG-12345,SITE-B,Scotland,Fibre-based composite,Tertiary,2024-02-11,1.93843,Imported
REC-2457-2024-Q1-SITE-B-PL01,2024-Q1,ORG-12345,SITE-B,Scotland,Plastic,Primary,2024-09-07,4.37948,Exported
REC-2458-2024-Q3-SITE-B-PC01,2024-Q3,ORG-12345,SITE-B,Scotland,Paper/card,Tertiary,2024-07-05,4328.38,Imported
REC-2459-Q2 2024-SITE-E-WD01,2024-Q2,ORG-12345,SITE-E,England,Wood,Primary,2024-05-27,4.70261,Exported
REC-2460-Q4 2024-SITE-D-PC01,2024-Q4,ORG-12345,SITE-D,Northern Ireland,Paper/card,Shipment,2024-02-27,986.31,Imported
REC-2461-2024-Q3-SITE-B-PL02,2024-Q3,ORG-12345,SITE-B,Scotland,Plastic,Primary,2024-04-21,2.77611,Exported
REC-2462-Q2 2024-SITE-B-FB01,2024-Q2,ORG-12345,SITE-B,Scotland,Fibre-based composite,Primary,2024-09-05,3.71727,Exported
REC-2463-2024-Q3-SITE-A-ST01,2024-Q3,ORG-12345,SITE-A,England,Steel,Primary,2024-12-19,2.06256,Imported
REC-2464-2024-Q1-SITE-E-WD01,2024-Q1,ORG-12345,SITE-E,England,Wood,Tertiary,2024-10-23,2107.64,Exported
REC-2465-2024-Q1-SITE-D-PC01,2024-Q1,ORG-12345,SITE-D,Northern Ireland,Paper/card,Tertiary,2024-12-14,4491.07,Exported
REC-2466-2024-Q1-SITE-C-PL02,2024-Q1,ORG-12345,SITE-C,Wales,Plastic,Tertiary,2024-05-28,4862.78,Exported
REC-2467-Q2 2024-SITE-A-AL01,2024-Q2,ORG-12345,SITE-A,England,Aluminium,Primary,2024-10-15,1078.8,Imported
REC-2468-Q4 2024-SITE-D-PC01,2024-Q4,ORG-12345,SITE-D,Northern Ireland,Paper/card,Primary,2024-04-16,851.84,Supplied as goods
REC-2469-Q2 2024-SITE-B-WD01,2024-Q2,ORG-12345,SITE-B,Scotland,Wood,Tertiary,2024-10-07,3.6626700000000003,Imported
REC-2470-2024-Q3-SITE-B-GL01,2024-Q3,ORG-12345,SITE-B,Scotland,Glass,Shipment,2024-11-03,0.09613,Supplied as goods
REC-2471-Q2 2024-SITE-A-PL02,2024-Q2,ORG-12345,SITE-A,England,Plastic,Primary,2024-05-23,4.395180000000001,Supplied as goods
REC-2472-Q4 2024-SITE-D-FB01,2024-Q4,ORG-12345,SITE-D,Northern Ireland,Fibre-based composite,Secondary,2024-01-20,0.38522000000000006,Imported
REC-2473-2024-Q3-SITE-E-WD01,2024-Q3,ORG-12345,SITE-E,England,Wood,Tertiary,2024-05-21,752.87,Imported
REC-2474-2024-Q1-SITE-A-PL01,2024-Q1,ORG-12345,SITE-A,England,Plastic,Primary,2024-05-12,3.22669,Imported
REC-2475-2024-Q1-SITE-B-OT01,2024-Q1,ORG-12345,SITE-B,Scotland,Other,Tertiary,2024-06-01,4.08952,Imported
REC-2476-2024-Q1-SITE-A-GL01,2024-Q1,ORG-12345,SITE-A,England,Glass,Primary,2024-09-03,2723.91,Supplied as goods
REC-2477-2024-Q3-SITE-A-GL01,2024-Q3,ORG-12345,SITE-A,England,Glass,Primary,2024-08-26,3995.49,Exported
REC-2478-Q4 2024-SITE-A-FB01,2024-Q4,ORG-12345,SITE-A,England,Fibre-based composite,Tertiary,2024-12-05,3319.74,Imported
REC-2479-2024-Q1-SITE-C-WD01,2024-Q1,ORG-12345,SITE-C,Wales,Wood,Secondary,2024-07-17,2.0989,Imported
REC-2480-Q4 2024-SITE-B-OT01,2024-Q4,ORG-12345,SITE-B,Scotland,Other,Primary,2024-03-30,4368.37,Exported
REC-2481-2024-Q1-SITE-E-PC01,2024-Q1,ORG-12345,SITE-E,England,Paper/card,Shipment,2025-01-01,940.4,Supplied as goods
REC-2482-Q2 2024-SITE-C-PC01,2024-Q2,ORG-12345,SITE-C,Wales,Paper/card,Secondary,2024-09-19,3803.33,Imported
REC-2483-2024-Q1-SITE-B-AL01,2024-Q1,ORG-12345,SITE-B,Scotland,Aluminium,Tertiary,2024-02-27,2.2842800000000003,Supplied as goods
REC-2484-2024-Q3-SITE-B-PL02,2024-Q3,ORG-12345,SITE-B,Scotland,Plastic,Primary,2024-10-24,2.67803,Supplied as goods
REC-2485-2024-Q1-SITE-D-FB01,2024-Q1,ORG-12345,SITE-D,Northern Ireland,Fibre-based composite,Tertiary,2024-06-12,3.0902399999999997,Exported
REC-2486-2024-Q1-SITE-C-PL01,2024-Q1,ORG-12345,SITE-C,Wales,Plastic,Tertiary,2024-11-27,4.66604,Exported
REC-2487-Q4 2024-SITE-A-ST01,2024-Q4,ORG-12345,SITE-A,England,Steel,Tertiary,2024-04-12,932.1,Imported
REC-2488-Q2 2024-SITE-B-GL01,2024-Q2,ORG-12345,SITE-B,Scotland,Glass,Primary,2024-09-03,4729.46,Imported
REC-2489-Q2 2024-SITE-B-GL01,2024-Q2,ORG-12345,SITE-B,Scotland,Glass,Primary,2024-07-25,1835.55,Supplied as goods
REC-2490-Q4 2024-SITE-E-GL01,2024-Q4,ORG-12345,SITE-E,England,Glass,Secondary,2024-04-23,1636.49,Exported
REC-2491-2024-Q3-SITE-C-PL01,2024-Q3,ORG-12345,SITE-C,Wales,Plastic,Tertiary,2024-08-28,4.09145,Exported
REC-2492-2024-Q3-SITE-E-PL01,2024-Q3,ORG-12345,SITE-E,England,Plastic,Secondary,2024-06-01,4211.06,Exported
REC-2493-Q4 2024-SITE-E-WD01,2024-Q4,ORG-12345,SITE-E,England,Wood,Primary,2024-12-30,101.11,Supplied as goods
REC-2494-Q4 2024-SITE-B-PC01,2024-Q4,ORG-12345,SITE-B,Scotland,Paper/card,Primary,2024-05-25,3842.14,Exported
REC-2495-2024-Q3-SITE-B-GL01,2024-Q3,ORG-12345,SITE-B,Scotland,Glass,Secondary,2024-05-13,3.19157,Imported
REC-2496-Q2 2024-SITE-C-ST01,2024-Q2,ORG-12345,SITE-C,Wales,Steel,Primary,2024-07-16,4610.35,Imported
REC-2497-2024-Q1-SITE-C-GL01,2024-Q1,ORG-12345,SITE-C,Wales,Glass,Primary,2024-11-19,448.74,Imported
REC-2498-2024-Q3-SITE-B-GL01,2024-Q3,ORG-12345,SITE-B,Scotland,Glass,Primary,2024-02-20,1.87598,Exported
REC-2499-2024-Q3-SITE-E-PC01,2024-Q3,ORG-12345,SITE-E,England,Paper/card,Tertiary,2024-12-20,1.13091,Imported
REC-2500-Q2 2024-SITE-D-FB01,2024-Q2,ORG-12345,SITE-D,Northern Ireland,Fibre-based composite,Primary,2024-06-14,1.2595999999999998,Imported
REC-2501-2024Q2-SITE-C-GL01,2024-Q2,ORG-12345,SITE-C,Wales,Glass,Primary,2024-12-22,1916.07,Imported
REC-2502-2024-Q1-SITE-B-OT01,2024-Q1,ORG-12345,SITE-B,Scotland,Other,Secondary,2024-06-02,1.0129299999999999,Supplied as goods
REC-2503-2024-Q1-SITE-A-OT01,2024-Q1,ORG-12345,SITE-A,England,Other,Primary,2024-04-01,3.53664,Supplied as goods
REC-2504-2024-Q1-SITE-C-PL02,2024-Q1,ORG-12345,SITE-C,Wales,Plastic,Tertiary,2024-07-23,3921.45,Supplied as goods
REC-2505-2024-Q3-SITE-D-OT01,2024-Q3,ORG-12345,SITE-D,Northern Ireland,Other,Primary,2024-03-08,2.7400300000000004,Imported
REC-2506-2024-Q3-SITE-D-PL02,2024-Q3,ORG-12345,SITE-D,Northern Ireland,Plastic,Shipment,2024-03-23,1.34761,Imported
REC-2507-Q4 2024-SITE-D-PL01,2024-Q4,ORG-12345,SITE-D,Northern Ireland,Plastic,Primary,2024-03-15,929.42,Imported
REC-2508-Q4 2024-SITE-C-OT01,2024-Q4,ORG-12345,SITE-C,Wales,Other,Secondary,2024-06-22,4800.83,Exported
REC-2510-Q2 2024-SITE-A-GL01,2024-Q2,ORG-12345,SITE-A,England,Glass,Tertiary,2024-01-23,4.05288,Imported
REC-2512-Q4 2024-SITE-A-PL02,2024-Q4,ORG-12345,SITE-A,England,Plastic,Secondary,2024-08-30,2.45371,Exported
REC-2513-2024-Q1-SITE-E-GL01,2024-Q1,ORG-12345,SITE-E,England,Glass,Tertiary,2024-04-06,,Imported
REC-2514-Q2 2024-SITE-A-OT01,2024-Q2,ORG-12345,SITE-A,England,Other,Tertiary,2024-08-18,0.59892,Supplied as goods
REC-2515-2024-Q1-SITE-A-UNKNOWN,2024-Q1,ORG-12345,SITE-A,England,,Primary,2024-07-11,3.45654,Exported
REC-2516-Q4 2024-SITE-E-AL01,2024-Q4,ORG-12345,SITE-E,England,Aluminium,Tertiary,2024-03-04,2.7192399999999997,Supplied as goods
REC-2517-Q2 2024-SITE-Z-PL01,2024-Q2,ORG-12345,SITE-Z,,Plastic,Secondary,2024-05-14,0.27975,Exported
REC-2518-Q2 2024-SITE-D-OT01,2024-Q2,ORG-12345,SITE-D,Northern Ireland,Other,Tertiary,2024-10-30,4.679819999999999,Supplied as goods
REC-2519-Q4 2024-SITE-B-PL01,2024-Q4,ORG-12345,SITE-B,Scotland,Plastic,Primary,2024-05-18,2020.63,Imported
REC-2520-Q4 2024-SITE-E-AL01,2024-Q4,ORG-12345,SITE-E,England,Aluminium,Primary,2024-04-28,4.96507,Exported
REC-2521-2024-Q3-SITE-E-AL01,2024-Q3,ORG-12345,SITE-E,England,Aluminium,Tertiary,2024-03-13,2.06717,Imported
REC-2522-Q2 2024-SITE-A-OT01,2024-Q2,ORG-12345,SITE-A,England,Other,Tertiary,2024-10-23,926.31,Imported
REC-2523-Q2 2024-SITE-B-ST01,2024-Q2,ORG-12345,SITE-B,Scotland,Steel,Tertiary,2024-09-29,0.054060000000000004,Supplied as goods
REC-2524-Q2 2024-SITE-A-GL01,2024-Q2,ORG-12345,SITE-A,England,Glass,Primary,2024-04-19,3.59864,Supplied as goods
REC-2525-Q4 2024-SITE-E-WD01,2024-Q4,ORG-12345,SITE-E,England,Wood,Tertiary,2025-01-07,3.6552,Exported
REC-2526-Q4 2024-SITE-A-PL01,2024-Q4,ORG-12345,SITE-A,England,Plastic,Secondary,2024-07-22,2.49039,Imported
REC-2527-Q2 2024-SITE-C-GL01,2024-Q2,ORG-12345,SITE-C,Wales,Glass,Primary,2024-11-28,4.49933,Exported
REC-2528-Q4 2024-SITE-A-GL01,2024-Q4,ORG-12345,SITE-A,England,Glass,Secondary,2025-01-04,2250.74,Exported
REC-2529-2024-Q3-SITE-E-PL02,2024-Q3,ORG-12345,SITE-E,England,Plastic,Secondary,2024-12-18,2.1240500000000004,Exported
REC-2530-Q4 2024-SITE-D-WD01,2024-Q4,ORG-12345,SITE-D,Northern Ireland,Wood,Primary,2025-01-05,3.39401,Exported
REC-2531-2024-Q1-SITE-E-FB01,2024-Q1,ORG-12345,SITE-E,England,Fibre-based composite,Shipment,2024-06-28,3830.41,Imported
REC-2532-2024-Q3-SITE-C-WD01,2024-Q3,ORG-12345,SITE-C,Wales,Wood,Primary,2024-11-18,3.1028800000000003,Imported
REC-2533-2024-Q3-SITE-D-ST01,2024-Q3,ORG-12345,SITE-D,Northern Ireland,Steel,Tertiary,2024-11-06,3.1599600000000003,Imported
REC-2534-Q4 2024-SITE-E-PL01,2024-Q4,ORG-12345,SITE-E,England,Plastic,Secondary,2024-11-12,3.15564,Imported
REC-2535-2024-Q1-SITE-D-ST01,2024-Q1,ORG-12345,SITE-D,Northern Ireland,Steel,Primary,2024-01-16,2891.77,Imported
REC-2536-2024-Q3-SITE-C-OT01,2024-Q3,ORG-12345,SITE-C,Wales,Other,Tertiary,2024-11-26,2313.56,Exported
REC-2537-2024-Q3-SITE-E-ST01,2024-Q3,ORG-12345,SITE-E,England,Steel,Secondary,2024-08-12,0.42258,Imported
REC-2538-Q4 2024-SITE-B-WD01,2024-Q4,ORG-12345,SITE-B,Scotland,Wood,Primary,2024-11-07,4202.53,Imported
REC-2539-2024-Q1-SITE-C-OT01,2024-Q1,ORG-12345,SITE-C,Wales,Other,Tertiary,2024-06-11,578.75,Exported
REC-2540-2024-Q3-SITE-A-PC01,2024-Q3,ORG-12345,SITE-A,England,Paper/card,Primary,2024-03-15,874.99,Exported
REC-2541-Q4 2024-SITE-A-PL01,2024-Q4,ORG-12345,SITE-A,England,Plastic,Primary,2024-06-11,740.73,Imported
REC-2542-2024-Q3-SITE-C-OT01,2024-Q3,ORG-12345,SITE-C,Wales,Other,Shipment,2024-10-07,0.13949,Supplied as goods
REC-2543-2024-Q3-SITE-A-PL02,2024-Q3,ORG-12345,SITE-A,England,Plastic,Tertiary,2024-06-19,0.052700000000000004,Supplied as goods
REC-2544-2024-Q1-SITE-C-OT01,2024-Q1,ORG-12345,SITE-C,Wales,Other,Shipment,2024-07-10,3113.33,Supplied as goods
REC-2545-2024-Q1-SITE-C-FB01,2024-Q1,ORG-12345,SITE-C,Wales,Fibre-based composite,Tertiary,2024-01-15,122.12,Supplied as goods
REC-2546-2024-Q1-SITE-D-AL01,2024-Q1,ORG-12345,SITE-D,Northern Ireland,Aluminium,Primary,2024-11-15,1757.32,Exported
REC-2547-2024-Q3-SITE-D-PC01,2024-Q3,ORG-12345,SITE-D,Northern Ireland,Paper/card,Tertiary,2024-10-26,135.57,Supplied as goods
REC-2548-2024-Q3-SITE-E-ST01,2024-Q3,ORG-12345,SITE-E,England,Steel,Tertiary,2024-08-31,998.33,Exported
REC-2549-Q4 2024-SITE-A-PL01,2024-Q4,ORG-12345,SITE-A,England,Plastic,Shipment,2024-08-14,4.5742,Imported
REC-2550-2024-Q3-SITE-D-PL01,2024-Q3,ORG-12345,SITE-D,Northern Ireland,Plastic,Primary,2024-03-17,3.1735700000000002,Supplied as goods
REC-2551-Q2 2024-SITE-C-PL01,2024-Q2,ORG-12345,SITE-C,Wales,Plastic,Primary,2024-11-14,4598.72,Imported
REC-2552-Q4 2024-SITE-D-PL01,2024-Q4,ORG-12345,SITE-D,Northern Ireland,Plastic,Secondary,2024-04-08,1407.58,Imported
REC-2553-2024-Q3-SITE-A-ST01,2024-Q3,ORG-12345,SITE-A,England,Steel,Primary,2024-11-22,0.75173,Imported
REC-2554-Q2 2024-SITE-B-FB01,2024-Q2,ORG-12345,SITE-B,Scotland,Fibre-based composite,Tertiary,2024-03-18,727.79,Imported
REC-2555-2024-Q1-SITE-D-PL01,2024-Q1,ORG-12345,SITE-D,Northern Ireland,Plastic,Secondary,2024-09-26,1116.5,Supplied as goods
REC-2556-2024-Q3-SITE-C-ST01,2024-Q3,ORG-12345,SITE-C,Wales,Steel,Secondary,2024-05-08,1552.69,Imported
REC-2557-Q2 2024-SITE-E-FB01,2024-Q2,ORG-12345,SITE-E,England,Fibre-based composite,Secondary,2024-01-18,0.52713,Supplied as goods
REC-2558-2024-Q3-SITE-C-WD01,2024-Q3,ORG-12345,SITE-C,Wales,Wood,Tertiary,2024-03-07,4848.77,Supplied as goods
REC-2559-Q2 2024-SITE-D-GL01,2024-Q2,ORG-12345,SITE-D,Northern Ireland,Glass,Tertiary,2024-04-18,0.32897000000000004,Exported
REC-2560-Q2 2024-SITE-B-PL02,2024-Q2,ORG-12345,SITE-B,Scotland,Plastic,Tertiary,2024-09-08,4650.01,Supplied as goods
REC-2561-2024-Q3-SITE-E-WD01,2024-Q3,ORG-12345,SITE-E,England,Wood,Primary,2024-06-27,3.87338,Imported
REC-2562-2024-Q3-SITE-B-PC01,2024-Q3,ORG-12345,SITE-B,Scotland,Paper/card,Shipment,2024-06-23,896.3,Imported
REC-2563-2024-Q3-SITE-D-PL02,2024-Q3,ORG-12345,SITE-D,Northern Ireland,Plastic,Secondary,2024-02-27,4888.62,Supplied as goods
REC-2564-2024-Q1-SITE-E-WD01,2024-Q1,ORG-12345,SITE-E,England,Wood,Primary,2024-06-20,1.71314,Supplied as goods
REC-2565-Q2 2024-SITE-D-PL02,2024-Q2,ORG-12345,SITE-D,Northern Ireland,Plastic,Secondary,2024-12-06,2297.83,Imported
REC-2566-Q4 2024-SITE-A-AL01,2024-Q4,ORG-12345,SITE-A,England,Aluminium,Secondary,2024-07-15,1522.94,Supplied as goods
REC-2567-Q2 2024-SITE-C-ST01,2024-Q2,ORG-12345,SITE-C,Wales,Steel,Tertiary,2024-07-03,2324.34,Exported
REC-2568-2024-Q1-SITE-B-AL01,2024-Q1,ORG-12345,SITE-B,Scotland,Aluminium,Secondary,2024-05-05,2.6948600000000003,Exported
REC-2569-Q2 2024-SITE-E-FB01,2024-Q2,ORG-12345,SITE-E,England,Fibre-based composite,Primary,2024-02-03,3.45749,Supplied as goods
REC-2570-2024-Q1-SITE-E-OT01,2024-Q1,ORG-12345,SITE-E,England,Other,Secondary,2024-04-13,2.69799,Exported
REC-2571-Q4 2024-SITE-E-WD01,2024-Q4,ORG-12345,SITE-E,England,Wood,Shipment,2024-06-24,1021.68,Imported
REC-2572-2024-Q3-SITE-D-PL02,2024-Q3,ORG-12345,SITE-D,Northern Ireland,Plastic,Secondary,2024-05-02,655.02,Supplied as goods
REC-2573-2024-Q1-SITE-A-PC01,2024-Q1,ORG-12345,SITE-A,England,Paper/card,Tertiary,2024-08-19,2.43902,Supplied as goods
REC-2574-2024-Q1-SITE-D-WD01,2024-Q1,ORG-12345,SITE-D,Northern Ireland,Wood,Primary,2024-09-16,1432.12,Imported
REC-2575-2024-Q1-SITE-E-WD01,2024-Q1,ORG-12345,SITE-E,England,Wood,Tertiary,2024-05-08,4670.9,Imported
REC-2576-Q4 2024-SITE-D-AL01,2024-Q4,ORG-12345,SITE-D,Northern Ireland,Aluminium,Tertiary,2024-07-07,725.93,Imported
REC-2577-2024-Q1-SITE-A-PL01,2024-Q1,ORG-12345,SITE-A,England,Plastic,Shipment,2024-10-13,2.8968200000000004,Exported
REC-2578-Q2 2024-SITE-E-OT01,2024-Q2,ORG-12345,SITE-E,England,Other,Secondary,2024-07-07,1.17798,Imported
REC-2579-2024-Q3-SITE-E-GL01,2024-Q3,ORG-12345,SITE-E,England,Glass,Primary,2024-04-11,470.67,Exported
REC-2580-Q4 2024-SITE-E-ST01,2024-Q4,ORG-12345,SITE-E,England,Steel,Secondary,2024-07-22,3693.81,Imported
REC-2581-2024-Q3-SITE-D-WD01,2024-Q3,ORG-12345,SITE-D,Northern Ireland,Wood,Primary,2024-11-02,4558.65,Exported
REC-2582-2024-Q1-SITE-E-PC01,2024-Q1,ORG-12345,SITE-E,England,Paper/card,Tertiary,2024-03-28,0.67577,Exported
REC-2583-2024-Q3-SITE-B-PL02,2024-Q3,ORG-12345,SITE-B,Scotland,Plastic,Secondary,2024-10-17,2.9398400000000002,Exported
REC-2584-Q4 2024-SITE-A-AL01,2024-Q4,ORG-12345,SITE-A,England,Aluminium,Tertiary,2024-07-01,4541.15,Exported
REC-2585-Q2 2024-SITE-C-OT01,2024-Q2,ORG-12345,SITE-C,Wales,Other,Secondary,2024-09-25,4.63093,Imported
REC-2586-Q2 2024-SITE-A-GL01,2024-Q2,ORG-12345,SITE-A,England,Glass,Shipment,2024-05-05,4.91111,Imported
REC-2587-2024-Q1-SITE-E-PL01,2024-Q1,ORG-12345,SITE-E,England,Plastic,Primary,2024-11-05,2538.75,Exported
REC-2588-2024-Q3-SITE-C-AL01,2024-Q3,ORG-12345,SITE-C,Wales,Aluminium,Shipment,2024-01-20,4.17975,Imported
REC-2589-Q4 2024-SITE-A-PL01,2024-Q4,ORG-12345,SITE-A,England,Plastic,Tertiary,2024-11-05,3.30062,Exported
REC-2590-Q2 2024-SITE-D-PL01,2024-Q2,ORG-12345,SITE-D,Northern Ireland,Plastic,Secondary,2024-07-24,781.64,Imported
REC-2591-2024-Q1-SITE-D-PL02,2024-Q1,ORG-12345,SITE-D,Northern Ireland,Plastic,Tertiary,2024-06-26,1.59975,Exported
REC-2592-Q2 2024-SITE-A-AL01,2024-Q2,ORG-12345,SITE-A,England,Aluminium,Primary,2024-02-24,2.00309,Exported
REC-2593-Q2 2024-SITE-C-PL01,2024-Q2,ORG-12345,SITE-C,Wales,Plastic,Primary,2024-06-24,671.97,Exported
REC-2594-2024-Q1-SITE-E-PC01,2024-Q1,ORG-12345,SITE-E,England,Paper/card,Primary,2024-10-12,3.6313600000000004,Supplied as goods
REC-2595-2024-Q3-SITE-A-PC01,2024-Q3,ORG-12345,SITE-A,England,Paper/card,Tertiary,2024-02-15,3.99813,Exported
REC-2596-2024-Q1-SITE-D-GL01,2024-Q1,ORG-12345,SITE-D,Northern Ireland,Glass,Secondary,2025-01-05,3.58744,Supplied as goods
REC-2597-Q4 2024-SITE-B-OT01,2024-Q4,ORG-12345,SITE-B,Scotland,Other,Secondary,2024-05-05,1926.62,Supplied as goods
REC-2598-2024-Q3-SITE-B-PC01,2024-Q3,ORG-12345,SITE-B,Scotland,Paper/card,Shipment,2024-11-26,3.0179400000000003,Exported
REC-2599-2024-Q1-SITE-D-PL01,2024-Q1,ORG-12345,SITE-D,Northern Ireland,Plastic,Tertiary,2024-12-04,3151.83,Supplied as goods
REC-2600-Q4 2024-SITE-D-ST01,2024-Q4,ORG-12345,SITE-D,Northern Ireland,Steel,Secondary,2024-11-09,1269.24,Exported
REC-2601-2024Q2-SITE-A-WD01,2024-Q2,ORG-12345,SITE-A,England,Wood,Shipment,2024-05-20,1.81749,Supplied as goods
REC-2602-Q2 2024-SITE-E-FB01,2024-Q2,ORG-12345,SITE-E,England,Fibre-based composite,Tertiary,2024-09-19,0.26081,Exported
REC-2603-Q4 2024-SITE-D-GL01,2024-Q4,ORG-12345,SITE-D,Northern Ireland,Glass,Primary,2024-07-08,4283.54,Supplied as goods
REC-2604-2024-Q3-SITE-C-AL01,2024-Q3,ORG-12345,SITE-C,Wales,Aluminium,Secondary,2025-01-09,2630.14,Supplied as goods
REC-2605-Q2 2024-SITE-C-FB01,2024-Q2,ORG-12345,SITE-C,Wales,Fibre-based composite,Primary,2024-10-15,4.47184,Supplied as goods
REC-2606-2024-Q1-SITE-A-ST01,2024-Q1,ORG-12345,SITE-A,England,Steel,Secondary,2024-12-22,262.13,Imported
REC-2607-2024-Q3-SITE-A-OT01,2024-Q3,ORG-12345,SITE-A,England,Other,Shipment,2024-03-15,0.72008,Supplied as goods
REC-2608-2024-Q3-SITE-C-FB01,2024-Q3,ORG-12345,SITE-C,Wales,Fibre-based composite,Primary,2024-06-01,0.71489,Imported
REC-2610-2024-Q1-SITE-C-FB01,2024-Q1,ORG-12345,SITE-C,Wales,Fibre-based composite,Shipment,2024-04-12,2121.03,Supplied as goods
REC-2612-Q4 2024-SITE-E-PC01,2024-Q4,ORG-12345,SITE-E,England,Paper/card,Primary,2024-09-22,1223.79,Exported
REC-2613-2024-Q1-SITE-D-PL02,2024-Q1,ORG-12345,SITE-D,Northern Ireland,Plastic,Secondary,2024-07-29,,Imported
REC-2614-2024-Q3-SITE-B-ST01,2024-Q3,ORG-12345,SITE-B,Scotland,Steel,Tertiary,2024-11-12,3.84005,Exported
REC-2615-Q4 2024-SITE-B-UNKNOWN,2024-Q4,ORG-12345,SITE-B,Scotland,,Tertiary,2024-12-13,4510.67,Exported
REC-2616-2024-Q3-SITE-D-PC01,2024-Q3,ORG-12345,SITE-D,Northern Ireland,Paper/card,Shipment,2024-09-01,3.6748800000000004,Supplied as goods
REC-2617-2024-Q1-SITE-Z-PL01,2024-Q1,ORG-12345,SITE-Z,,Plastic,Tertiary,2024-03-12,0.51675,Imported
REC-2618-Q2 2024-SITE-A-PC01,2024-Q2,ORG-12345,SITE-A,England,Paper/card,Primary,2024-03-20,4138.23,Exported
REC-2619-2024-Q3-SITE-A-FB01,2024-Q3,ORG-12345,SITE-A,England,Fibre-based composite,Primary,2024-12-15,1.35931,Imported
REC-2620-Q4 2024-SITE-C-GL01,2024-Q4,ORG-12345,SITE-C,Wales,Glass,Tertiary,2024-03-23,4.47747,Supplied as goods
REC-2621-2024-Q3-SITE-D-PL01,2024-Q3,ORG-12345,SITE-D,Northern Ireland,Plastic,Secondary,2024-10-30,0.37811,Imported
REC-2622-2024-Q1-SITE-E-AL01,2024-Q1,ORG-12345,SITE-E,England,Aluminium,Primary,2024-11-28,1.8876,Imported
REC-2623-2024-Q3-SITE-B-WD01,2024-Q3,ORG-12345,SITE-B,Scotland,Wood,Tertiary,2024-09-09,1.58235,Exported
REC-2624-Q4 2024-SITE-B-PL01,2024-Q4,ORG-12345,SITE-B,Scotland,Plastic,Shipment,2024-11-04,3690.12,Exported
REC-2625-2024-Q3-SITE-D-FB01,2024-Q3,ORG-12345,SITE-D,Northern Ireland,Fibre-based composite,Primary,2024-04-18,0.92841,Supplied as goods
REC-2626-Q4 2024-SITE-B-ST01,2024-Q4,ORG-12345,SITE-B,Scotland,Steel,Primary,2024-03-10,4.17029,Imported
REC-2627-Q4 2024-SITE-C-OT01,2024-Q4,ORG-12345,SITE-C,Wales,Other,Tertiary,2024-08-22,0.30551,Exported
REC-2628-Q2 2024-SITE-A-PL02,2024-Q2,ORG-12345,SITE-A,England,Plastic,Tertiary,2024-08-06,1114.81,Imported
REC-2629-2024-Q1-SITE-A-WD01,2024-Q1,ORG-12345,SITE-A,England,Wood,Tertiary,2024-07-04,0.8906799999999999,Exported
REC-2630-2024-Q3-SITE-E-AL01,2024-Q3,ORG-12345,SITE-E,England,Aluminium,Secondary,2024-08-11,3.62114,Imported
REC-2631-2024-Q3-SITE-D-OT01,2024-Q3,ORG-12345,SITE-D,Northern Ireland,Other,Shipment,2024-02-14,99.38,Supplied as goods
REC-2632-Q4 2024-SITE-A-PL02,2024-Q4,ORG-12345,SITE-A,England,Plastic,Secondary,2024-11-25,0.7259800000000001,Supplied as goods
REC-2633-Q2 2024-SITE-D-WD01,2024-Q2,ORG-12345,SITE-D,Northern Ireland,Wood,Primary,2024-03-02,3.77554,Supplied as goods
REC-2634-Q4 2024-SITE-E-PL02,2024-Q4,ORG-12345,SITE-E,England,Plastic,Primary,2024-12-15,4.07433,Exported
REC-2635-2024-Q3-SITE-C-FB01,2024-Q3,ORG-12345,SITE-C,Wales,Fibre-based composite,Secondary,2024-06-06,0.9689099999999999,Supplied as goods
REC-2636-Q2 2024-SITE-E-FB01,2024-Q2,ORG-12345,SITE-E,England,Fibre-based composite,Tertiary,2024-02-19,4.9940299999999995,Supplied as goods
REC-2637-Q4 2024-SITE-B-WD01,2024-Q4,ORG-12345,SITE-B,Scotland,Wood,Tertiary,2024-03-29,2301.2,Supplied as goods
REC-2638-2024-Q3-SITE-B-AL01,2024-Q3,ORG-12345,SITE-B,Scotland,Aluminium,Tertiary,2024-03-02,1.50102,Imported
REC-2639-2024-Q3-SITE-E-FB01,2024-Q3,ORG-12345,SITE-E,England,Fibre-based composite,Primary,2024-03-27,1.74449,Supplied as goods
REC-2640-Q2 2024-SITE-D-PL01,2024-Q2,ORG-12345,SITE-D,Northern Ireland,Plastic,Shipment,2024-11-25,1560.2,Imported
REC-2641-2024-Q1-SITE-C-PL01,2024-Q1,ORG-12345,SITE-C,Wales,Plastic,Primary,2024-03-21,954.03,Exported
REC-2642-2024-Q1-SITE-E-WD01,2024-Q1,ORG-12345,SITE-E,England,Wood,Secondary,2024-03-23,3275.15,Supplied as goods
REC-2643-Q4 2024-SITE-A-ST01,2024-Q4,ORG-12345,SITE-A,England,Steel,Secondary,2024-03-22,1827.5,Exported
REC-2644-2024-Q1-SITE-E-PL02,2024-Q1,ORG-12345,SITE-E,England,Plastic,Primary,2024-08-22,3353.7,Exported
REC-2645-Q4 2024-SITE-C-OT01,2024-Q4,ORG-12345,SITE-C,Wales,Other,Secondary,2024-08-21,1463.4,Exported
REC-2646-2024-Q1-SITE-D-OT01,2024-Q1,ORG-12345,SITE-D,Northern Ireland,Other,Tertiary,2024-09-27,678.16,Imported
REC-2647-Q2 2024-SITE-E-OT01,2024-Q2,ORG-12345,SITE-E,England,Other,Secondary,2024-12-16,2.3081199999999997,Imported
REC-2648-2024-Q3-SITE-D-OT01,2024-Q3,ORG-12345,SITE-D,Northern Ireland,Other,Primary,2024-10-31,0.5922000000000001,Exported
REC-2649-Q2 2024-SITE-D-GL01,2024-Q2,ORG-12345,SITE-D,Northern Ireland,Glass,Primary,2024-11-21,1.53884,Imported
REC-2650-2024-Q3-SITE-C-GL01,2024-Q3,ORG-12345,SITE-C,Wales,Glass,Tertiary,2024-08-25,3.93784,Supplied as goods
REC-2651-Q4 2024-SITE-B-ST01,2024-Q4,ORG-12345,SITE-B,Scotland,Steel,Secondary,2024-06-03,2.54564,Supplied as goods
REC-2652-2024-Q1-SITE-B-FB01,2024-Q1,ORG-12345,SITE-B,Scotland,Fibre-based composite,Primary,2024-04-26,3.58636,Supplied as goods
REC-2653-2024-Q3-SITE-C-WD01,2024-Q3,ORG-12345,SITE-C,Wales,Wood,Tertiary,2024-04-30,0.7845,Exported
REC-2654-2024-Q3-SITE-B-AL01,2024-Q3,ORG-12345,SITE-B,Scotland,Aluminium,Primary,2024-08-08,152.07,Supplied as goods
REC-2655-2024-Q1-SITE-A-WD01,2024-Q1,ORG-12345,SITE-A,England,Wood,Primary,2024-05-23,0.6005900000000001,Exported
REC-2656-Q2 2024-SITE-D-PL02,2024-Q2,ORG-12345,SITE-D,Northern Ireland,Plastic,Secondary,2024-03-26,0.16456,Supplied as goods
REC-2657-2024-Q1-SITE-E-WD01,2024-Q1,ORG-12345,SITE-E,England,Wood,Primary,2024-01-19,3723.71,Imported
REC-2658-Q4 2024-SITE-E-OT01,2024-Q4,ORG-12345,SITE-E,England,Other,Tertiary,2024-05-26,1.71735,Exported
REC-2659-Q2 2024-SITE-B-FB01,2024-Q2,ORG-12345,SITE-B,Scotland,Fibre-based composite,Primary,2024-03-15,300.78,Supplied as goods
REC-2660-2024-Q1-SITE-A-PL02,2024-Q1,ORG-12345,SITE-A,England,Plastic,Tertiary,2024-03-02,4.767810000000001,Supplied as goods
REC-2661-Q2 2024-SITE-E-OT01,2024-Q2,ORG-12345,SITE-E,England,Other,Tertiary,2024-06-21,3486.8,Imported
REC-2662-2024-Q3-SITE-A-GL01,2024-Q3,ORG-12345,SITE-A,England,Glass,Primary,2024-06-28,3.19781,Supplied as goods
REC-2663-Q4 2024-SITE-C-AL01,2024-Q4,ORG-12345,SITE-C,Wales,Aluminium,Secondary,2024-11-20,2085.02,Imported
REC-2664-Q4 2024-SITE-D-ST01,2024-Q4,ORG-12345,SITE-D,Northern Ireland,Steel,Secondary,2024-03-30,4458.33,Exported
REC-2665-Q2 2024-SITE-A-PL01,2024-Q2,ORG-12345,SITE-A,England,Plastic,Primary,2024-10-17,2775.16,Supplied as goods
REC-2666-Q4 2024-SITE-B-PL02,2024-Q4,ORG-12345,SITE-B,Scotland,Plastic,Tertiary,2024-06-10,0.80343,Exported
REC-2667-2024-Q1-SITE-E-PL01,2024-Q1,ORG-12345,SITE-E,England,Plastic,Primary,2024-05-28,746.66,Imported
REC-2668-Q4 2024-SITE-B-PC01,2024-Q4,ORG-12345,SITE-B,Scotland,Paper/card,Primary,2024-04-05,1175.64,Imported
REC-2669-Q2 2024-SITE-A-AL01,2024-Q2,ORG-12345,SITE-A,England,Aluminium,Secondary,2024-03-03,136.11,Imported
REC-2670-2024-Q1-SITE-E-OT01,2024-Q1,ORG-12345,SITE-E,England,Other,Primary,2024-08-16,3.52104,Exported
REC-2671-2024-Q1-SITE-C-PL02,2024-Q1,ORG-12345,SITE-C,Wales,Plastic,Tertiary,2024-12-20,3942.19,Supplied as goods
REC-2672-2024-Q1-SITE-B-FB01,2024-Q1,ORG-12345,SITE-B,Scotland,Fibre-based composite,Primary,2024-08-20,0.35112,Supplied as goods
REC-2673-Q2 2024-SITE-E-FB01,2024-Q2,ORG-12345,SITE-E,England,Fibre-based composite,Primary,2024-02-28,0.47200000000000003,Supplied as goods
REC-2674-Q2 2024-SITE-B-PL01,2024-Q2,ORG-12345,SITE-B,Scotland,Plastic,Primary,2024-12-01,4.400939999999999,Exported
REC-2675-2024-Q3-SITE-C-FB01,2024-Q3,ORG-12345,SITE-C,Wales,Fibre-based composite,Primary,2024-09-25,0.49338,Imported
REC-2676-Q4 2024-SITE-C-FB01,2024-Q4,ORG-12345,SITE-C,Wales,Fibre-based composite,Secondary,2024-02-07,1160.72,Imported
REC-2677-Q2 2024-SITE-D-ST01,2024-Q2,ORG-12345,SITE-D,Northern Ireland,Steel,Tertiary,2024-06-16,4474.48,Supplied as goods
REC-2678-Q2 2024-SITE-C-FB01,2024-Q2,ORG-12345,SITE-C,Wales,Fibre-based composite,Tertiary,2024-07-20,0.58,Supplied as goods
REC-2679-Q4 2024-SITE-C-WD01,2024-Q4,ORG-12345,SITE-C,Wales,Wood,Tertiary,2024-05-26,4.00282,Exported
REC-2680-Q4 2024-SITE-D-AL01,2024-Q4,ORG-12345,SITE-D,Northern Ireland,Aluminium,Secondary,2024-04-10,4.80746,Exported
REC-2681-Q2 2024-SITE-D-GL01,2024-Q2,ORG-12345,SITE-D,Northern Ireland,Glass,Secondary,2024-09-02,3.75979,Supplied as goods
REC-2682-Q4 2024-SITE-C-PL01,2024-Q4,ORG-12345,SITE-C,Wales,Plastic,Shipment,2024-03-21,4244.15,Imported
REC-2683-Q4 2024-SITE-E-ST01,2024-Q4,ORG-12345,SITE-E,England,Steel,Primary,2024-06-01,4402.64,Exported
REC-2684-2024-Q1-SITE-E-ST01,2024-Q1,ORG-12345,SITE-E,England,Steel,Secondary,2024-04-30,4.157850000000001,Imported
REC-2685-2024-Q3-SITE-E-PC01,2024-Q3,ORG-12345,SITE-E,England,Paper/card,Primary,2024-10-30,2.09327,Supplied as goods
REC-2686-Q2 2024-SITE-C-WD01,2024-Q2,ORG-12345,SITE-C,Wales,Wood,Secondary,2024-02-11,671.49,Supplied as goods
REC-2687-Q2 2024-SITE-E-ST01,2024-Q2,ORG-12345,SITE-E,England,Steel,Tertiary,2024-04-01,4399.59,Imported
REC-2688-2024-Q3-SITE-E-PL02,2024-Q3,ORG-12345,SITE-E,England,Plastic,Secondary,2024-07-15,2192.48,Exported
REC-2689-2024-Q3-SITE-C-ST01,2024-Q3,ORG-12345,SITE-C,Wales,Steel,Shipment,2024-02-29,135.1,Supplied as goods
REC-2690-2024-Q1-SITE-B-PL02,2024-Q1,ORG-12345,SITE-B,Scotland,Plastic,Primary,2024-03-30,3565.77,Exported
REC-2691-2024-Q3-SITE-B-WD01,2024-Q3,ORG-12345,SITE-B,Scotland,Wood,Primary,2024-07-05,4293.01,Supplied as goods
REC-2692-2024-Q3-SITE-E-ST01,2024-Q3,ORG-12345,SITE-E,England,Steel,Shipment,2024-08-16,4.04114,Exported
REC-2693-2024-Q1-SITE-C-OT01,2024-Q1,ORG-12345,SITE-C,Wales,Other,Primary,2024-02-06,2.0555,Imported
REC-2694-Q2 2024-SITE-C-GL01,2024-Q2,ORG-12345,SITE-C,Wales,Glass,Primary,2024-06-05,4085.13,Supplied as goods
REC-2695-Q4 2024-SITE-A-PL02,2024-Q4,ORG-12345,SITE-A,England,Plastic,Tertiary,2024-06-22,0.97312,Exported
REC-2696-Q2 2024-SITE-D-OT01,2024-Q2,ORG-12345,SITE-D,Northern Ireland,Other,Secondary,2024-12-08,4.12779,Supplied as goods
REC-2697-2024-Q1-SITE-B-OT01,2024-Q1,ORG-12345,SITE-B,Scotland,Other,Secondary,2024-04-27,4.9379,Supplied as goods
REC-2698-2024-Q1-SITE-A-PL02,2024-Q1,ORG-12345,SITE-A,England,Plastic,Shipment,2024-01-31,2.77626,Imported
REC-2699-Q2 2024-SITE-A-PL01,2024-Q2,ORG-12345,SITE-A,England,Plastic,Primary,2025-01-02,4598.97,Imported
REC-2700-Q4 2024-SITE-E-WD01,2024-Q4,ORG-12345,SITE-E,England,Wood,Tertiary,2024-03-08,2968.99,Supplied as goods
REC-2701-2024Q2-SITE-E-FB01,2024-Q2,ORG-12345,SITE-E,England,Fibre-based composite,Primary,2024-11-07,3.43453,Imported
REC-2702-2024-Q1-SITE-C-ST01,2024-Q1,ORG-12345,SITE-C,Wales,Steel,Tertiary,2024-03-16,2359.96,Exported
REC-2703-Q2 2024-SITE-E-PL02,2024-Q2,ORG-12345,SITE-E,England,Plastic,Primary,2024-03-16,1736.59,Imported
REC-2704-2024-Q1-SITE-E-PL01,2024-Q1,ORG-12345,SITE-E,England,Plastic,Secondary,2024-03-25,2812.65,Supplied as goods
REC-2705-Q4 2024-SITE-A-WD01,2024-Q4,ORG-12345,SITE-A,England,Wood,Shipment,2024-08-20,3.58954,Supplied as goods
REC-2706-Q2 2024-SITE-B-PL01,2024-Q2,ORG-12345,SITE-B,Scotland,Plastic,Shipment,2024-12-26,2584.33,Exported
REC-2707-Q2 2024-SITE-E-FB01,2024-Q2,ORG-12345,SITE-E,England,Fibre-based composite,Secondary,2024-03-15,2.4775300000000002,Imported
REC-2708-Q2 2024-SITE-A-AL01,2024-Q2,ORG-12345,SITE-A,England,Aluminium,Primary,2024-10-21,4.39762,Imported
REC-2710-Q2 2024-SITE-B-PL01,2024-Q2,ORG-12345,SITE-B,Scotland,Plastic,Primary,2024-08-04,1321.62,Exported
REC-2712-Q4 2024-SITE-D-WD01,2024-Q4,ORG-12345,SITE-D,Northern Ireland,Wood,Secondary,2024-12-29,3.34859,Imported
REC-2713-2024-Q3-SITE-B-PC01,2024-Q3,ORG-12345,SITE-B,Scotland,Paper/card,Primary,2024-03-27,,Imported
REC-2714-Q2 2024-SITE-C-PL02,2024-Q2,ORG-12345,SITE-C,Wales,Plastic,Secondary,2024-02-21,3692.21,Supplied as goods
REC-2715-2024-Q3-SITE-A-UNKNOWN,2024-Q3,ORG-12345,SITE-A,England,,Secondary,2024-06-07,1127.05,Supplied as goods
REC-2716-Q2 2024-SITE-E-AL01,2024-Q2,ORG-12345,SITE-E,England,Aluminium,Tertiary,2024-10-18,3.4894499999999997,Exported
REC-2717-2024-Q1-SITE-Z-ST01,2024-Q1,ORG-12345,SITE-Z,,Steel,Shipment,2024-08-19,1.14093,Supplied as goods
REC-2718-Q2 2024-SITE-A-PL02,2024-Q2,ORG-12345,SITE-A,England,Plastic,Tertiary,2024-07-21,1.6161400000000001,Supplied as goods
REC-2719-Q4 2024-SITE-C-PL02,2024-Q4,ORG-12345,SITE-C,Wales,Plastic,Secondary,2024-05-19,3612.49,Imported
REC-2720-2024-Q1-SITE-C-AL01,2024-Q1,ORG-12345,SITE-C,Wales,Aluminium,Tertiary,2024-01-16,4.31938,Exported
REC-2721-Q4 2024-SITE-D-PC01,2024-Q4,ORG-12345,SITE-D,Northern Ireland,Paper/card,Primary,2024-04-03,4408.3,Supplied as goods
REC-2722-Q4 2024-SITE-C-WD01,2024-Q4,ORG-12345,SITE-C,Wales,Wood,Shipment,2024-10-23,3.94683,Exported
REC-2723-2024-Q1-SITE-B-PC01,2024-Q1,ORG-12345,SITE-B,Scotland,Paper/card,Secondary,2024-09-23,3.83635,Exported
REC-2724-Q4 2024-SITE-E-PC01,2024-Q4,ORG-12345,SITE-E,England,Paper/card,Tertiary,2024-03-05,713.23,Supplied as goods
REC-2725-Q4 2024-SITE-E-PC01,2024-Q4,ORG-12345,SITE-E,England,Paper/card,Secondary,2024-05-10,0.81608,Imported
REC-2726-2024-Q3-SITE-D-FB01,2024-Q3,ORG-12345,SITE-D,Northern Ireland,Fibre-based composite,Primary,2024-08-18,1513.4,Supplied as goods
REC-2727-2024-Q1-SITE-D-WD01,2024-Q1,ORG-12345,SITE-D,Northern Ireland,Wood,Secondary,2024-09-06,0.23156000000000002,Supplied as goods
REC-2728-2024-Q3-SITE-D-AL01,2024-Q3,ORG-12345,SITE-D,Northern Ireland,Aluminium,Primary,2024-09-17,2346.03,Exported
REC-2729-2024-Q1-SITE-B-OT01,2024-Q1,ORG-12345,SITE-B,Scotland,Other,Tertiary,2024-06-25,2.4317100000000003,Supplied as goods
REC-2730-2024-Q3-SITE-D-ST01,2024-Q3,ORG-12345,SITE-D,Northern Ireland,Steel,Primary,2024-06-17,0.12893000000000002,Exported
REC-2731-2024-Q1-SITE-D-OT01,2024-Q1,ORG-12345,SITE-D,Northern Ireland,Other,Tertiary,2024-10-29,3.54311,Imported
REC-2732-Q4 2024-SITE-E-GL01,2024-Q4,ORG-12345,SITE-E,England,Glass,Secondary,2024-09-01,3864.36,Imported
REC-2733-Q4 2024-SITE-D-GL01,2024-Q4,ORG-12345,SITE-D,Northern Ireland,Glass,Shipment,2024-05-22,4.17783,Exported
REC-2734-Q2 2024-SITE-B-GL01,2024-Q2,ORG-12345,SITE-B,Scotland,Glass,Primary,2024-02-18,3280.88,Imported
REC-2735-Q4 2024-SITE-D-AL01,2024-Q4,ORG-12345,SITE-D,Northern Ireland,Aluminium,Secondary,2024-03-25,3646.81,Supplied as goods
REC-2736-Q4 2024-SITE-E-PC01,2024-Q4,ORG-12345,SITE-E,England,Paper/card,Shipment,2024-02-10,1128.55,Supplied as goods
REC-2737-Q4 2024-SITE-E-FB01,2024-Q4,ORG-12345,SITE-E,England,Fibre-based composite,Tertiary,2024-12-27,199.54,Exported
REC-2738-2024-Q3-SITE-B-AL01,2024-Q3,ORG-12345,SITE-B,Scotland,Aluminium,Primary,2024-07-10,3484.91,Supplied as goods
REC-2739-Q2 2024-SITE-D-PL01,2024-Q2,ORG-12345,SITE-D,Northern Ireland,Plastic,Tertiary,2024-08-16,4.720770000000001,Exported
REC-2740-2024-Q1-SITE-C-PL02,2024-Q1,ORG-12345,SITE-C,Wales,Plastic,Secondary,2024-04-22,4276.08,Exported
REC-2741-Q4 2024-SITE-E-PC01,2024-Q4,ORG-12345,SITE-E,England,Paper/card,Secondary,2024-07-06,335.98,Imported
REC-2742-2024-Q1-SITE-E-PC01,2024-Q1,ORG-12345,SITE-E,England,Paper/card,Secondary,2024-10-10,2.20985,Supplied as goods
REC-2743-Q4 2024-SITE-B-ST01,2024-Q4,ORG-12345,SITE-B,Scotland,Steel,Primary,2024-04-29,2410.44,Supplied as goods
REC-2744-2024-Q1-SITE-D-GL01,2024-Q1,ORG-12345,SITE-D,Northern Ireland,Glass,Primary,2024-02-22,0.92152,Exported
REC-2745-2024-Q1-SITE-D-WD01,2024-Q1,ORG-12345,SITE-D,Northern Ireland,Wood,Tertiary,2024-03-09,3273.68,Imported
REC-2746-2024-Q3-SITE-E-FB01,2024-Q3,ORG-12345,SITE-E,England,Fibre-based composite,Primary,2024-06-10,3.90822,Supplied as goods
REC-2747-2024-Q3-SITE-A-ST01,2024-Q3,ORG-12345,SITE-A,England,Steel,Tertiary,2024-03-08,2.05053,Exported
REC-2748-2024-Q1-SITE-B-FB01,2024-Q1,ORG-12345,SITE-B,Scotland,Fibre-based composite,Shipment,2024-08-13,1.07629,Supplied as goods
REC-2749-Q4 2024-SITE-B-OT01,2024-Q4,ORG-12345,SITE-B,Scotland,Other,Primary,2024-09-24,4984.58,Supplied as goods
REC-2750-Q4 2024-SITE-D-PL02,2024-Q4,ORG-12345,SITE-D,Northern Ireland,Plastic,Primary,2024-05-04,2.75452,Imported
REC-2751-2024-Q1-SITE-C-PL02,2024-Q1,ORG-12345,SITE-C,Wales,Plastic,Secondary,2024-06-12,2.25596,Supplied as goods
REC-2752-2024-Q3-SITE-B-AL01,2024-Q3,ORG-12345,SITE-B,Scotland,Aluminium,Primary,2024-07-25,2095.68,Supplied as goods
REC-2753-2024-Q3-SITE-B-AL01,2024-Q3,ORG-12345,SITE-B,Scotland,Aluminium,Tertiary,2024-08-23,4321.98,Supplied as goods
REC-2754-2024-Q3-SITE-D-AL01,2024-Q3,ORG-12345,SITE-D,Northern Ireland,Aluminium,Shipment,2024-02-15,2.72266,Supplied as goods
REC-2755-Q2 2024-SITE-A-GL01,2024-Q2,ORG-12345,SITE-A,England,Glass,Secondary,2024-11-19,3656.21,Exported
REC-2756-2024-Q1-SITE-B-AL01,2024-Q1,ORG-12345,SITE-B,Scotland,Aluminium,Primary,2024-11-03,3518.54,Imported
REC-2757-Q4 2024-SITE-C-PL02,2024-Q4,ORG-12345,SITE-C,Wales,Plastic,Tertiary,2024-03-19,1.1499300000000001,Imported
REC-2758-Q4 2024-SITE-B-FB01,2024-Q4,ORG-12345,SITE-B,Scotland,Fibre-based composite,Tertiary,2024-10-24,2290.18,Imported
REC-2759-2024-Q3-SITE-E-ST01,2024-Q3,ORG-12345,SITE-E,England,Steel,Secondary,2024-09-02,2961.15,Supplied as goods
REC-2760-Q4 2024-SITE-D-PL01,2024-Q4,ORG-12345,SITE-D,Northern Ireland,Plastic,Shipment,2024-08-13,2.2025,Exported
REC-2761-Q2 2024-SITE-E-PL01,2024-Q2,ORG-12345,SITE-E,England,Plastic,Primary,2024-02-07,2.7509200000000003,Supplied as goods
REC-2762-2024-Q1-SITE-B-GL01,2024-Q1,ORG-12345,SITE-B,Scotland,Glass,Primary,2024-05-26,4525.39,Supplied as goods
REC-2763-2024-Q3-SITE-B-OT01,2024-Q3,ORG-12345,SITE-B,Scotland,Other,Shipment,2024-05-20,2.9446700000000003,Supplied as goods
REC-2764-2024-Q1-SITE-C-AL01,2024-Q1,ORG-12345,SITE-C,Wales,Aluminium,Primary,2024-04-02,4.789149999999999,Supplied as goods
REC-2765-Q2 2024-SITE-A-PC01,2024-Q2,ORG-12345,SITE-A,England,Paper/card,Tertiary,2024-06-08,1.75306,Imported
REC-2766-Q4 2024-SITE-B-PC01,2024-Q4,ORG-12345,SITE-B,Scotland,Paper/card,Tertiary,2024-09-29,3.4306,Exported
REC-2767-Q2 2024-SITE-E-OT01,2024-Q2,ORG-12345,SITE-E,England,Other,Tertiary,2024-04-22,1.45994,Exported
REC-2768-Q4 2024-SITE-E-GL01,2024-Q4,ORG-12345,SITE-E,England,Glass,Secondary,2024-01-18,2.00087,Supplied as goods
REC-2769-Q2 2024-SITE-A-OT01,2024-Q2,ORG-12345,SITE-A,England,Other,Primary,2024-06-01,2.84344,Imported
REC-2770-Q4 2024-SITE-E-PL02,2024-Q4,ORG-12345,SITE-E,England,Plastic,Primary,2024-11-23,334.78,Exported
REC-2771-Q2 2024-SITE-D-GL01,2024-Q2,ORG-12345,SITE-D,Northern Ireland,Glass,Primary,2024-09-17,756.08,Supplied as goods
REC-2772-2024-Q1-SITE-A-WD01,2024-Q1,ORG-12345,SITE-A,England,Wood,Secondary,2024-04-17,1.88989,Exported
REC-2773-2024-Q1-SITE-C-ST01,2024-Q1,ORG-12345,SITE-C,Wales,Steel,Tertiary,2024-03-22,2853.47,Supplied as goods
REC-2774-Q4 2024-SITE-A-GL01,2024-Q4,ORG-12345,SITE-A,England,Glass,Secondary,2024-05-12,0.42627,Imported
REC-2775-2024-Q3-SITE-D-FB01,2024-Q3,ORG-12345,SITE-D,Northern Ireland,Fibre-based composite,Primary,2024-12-21,4282.11,Imported
REC-2776-2024-Q1-SITE-B-OT01,2024-Q1,ORG-12345,SITE-B,Scotland,Other,Tertiary,2024-08-19,1.29678,Imported
REC-2777-2024-Q3-SITE-E-PL02,2024-Q3,ORG-12345,SITE-E,England,Plastic,Secondary,2024-03-25,0.18093,Supplied as goods
REC-2778-2024-Q3-SITE-A-ST01,2024-Q3,ORG-12345,SITE-A,England,Steel,Primary,2024-05-11,0.87277,Supplied as goods
REC-2779-Q2 2024-SITE-B-PC01,2024-Q2,ORG-12345,SITE-B,Scotland,Paper/card,Secondary,2024-11-07,1623.09,Supplied as goods
REC-2780-Q4 2024-SITE-E-PL02,2024-Q4,ORG-12345,SITE-E,England,Plastic,Secondary,2024-11-12,3.3476399999999997,Supplied as goods
REC-2781-2024-Q3-SITE-C-WD01,2024-Q3,ORG-12345,SITE-C,Wales,Wood,Tertiary,2024-04-02,1.3416,Supplied as goods
REC-2782-2024-Q1-SITE-C-PL02,2024-Q1,ORG-12345,SITE-C,Wales,Plastic,Shipment,2024-04-16,1219.52,Exported
REC-2783-Q4 2024-SITE-D-PL01,2024-Q4,ORG-12345,SITE-D,Northern Ireland,Plastic,Secondary,2024-07-28,2.44136,Exported
REC-2784-2024-Q1-SITE-C-AL01,2024-Q1,ORG-12345,SITE-C,Wales,Aluminium,Primary,2024-11-26,3799.89,Supplied as goods
REC-2785-2024-Q3-SITE-D-PL01,2024-Q3,ORG-12345,SITE-D,Northern Ireland,Plastic,Primary,2024-10-07,2362.99,Imported
REC-2786-Q2 2024-SITE-E-PC01,2024-Q2,ORG-12345,SITE-E,England,Paper/card,Tertiary,2024-10-18,3938.77,Exported
REC-2787-Q4 2024-SITE-B-GL01,2024-Q4,ORG-12345,SITE-B,Scotland,Glass,Tertiary,2024-01-24,3512.38,Imported
REC-2788-2024-Q3-SITE-C-OT01,2024-Q3,ORG-12345,SITE-C,Wales,Other,Secondary,2024-12-06,2.43716,Imported
REC-2789-Q2 2024-SITE-B-PC01,2024-Q2,ORG-12345,SITE-B,Scotland,Paper/card,Tertiary,2024-04-17,446.76,Imported
REC-2790-Q2 2024-SITE-D-PC01,2024-Q2,ORG-12345,SITE-D,Northern Ireland,Paper/card,Primary,2024-08-30,2689.75,Supplied as goods
REC-2791-2024-Q1-SITE-B-GL01,2024-Q1,ORG-12345,SITE-B,Scotland,Glass,Shipment,2024-04-10,984.08,Imported
REC-2792-2024-Q1-SITE-E-GL01,2024-Q1,ORG-12345,SITE-E,England,Glass,Primary,2024-11-20,0.48158999999999996,Imported
REC-2793-Q2 2024-SITE-A-FB01,2024-Q2,ORG-12345,SITE-A,England,Fibre-based composite,Secondary,2024-08-06,4165.8,Supplied as goods
REC-2794-2024-Q3-SITE-E-PL01,2024-Q3,ORG-12345,SITE-E,England,Plastic,Secondary,2024-04-23,4.14875,Imported
REC-2795-Q2 2024-SITE-A-GL01,2024-Q2,ORG-12345,SITE-A,England,Glass,Primary,2024-02-22,4.18797,Imported
REC-2796-Q2 2024-SITE-C-PL01,2024-Q2,ORG-12345,SITE-C,Wales,Plastic,Tertiary,2024-11-27,2.8958600000000003,Supplied as goods
REC-2797-2024-Q1-SITE-A-GL01,2024-Q1,ORG-12345,SITE-A,England,Glass,Primary,2024-05-07,1524.5,Supplied as goods
REC-2798-Q2 2024-SITE-A-FB01,2024-Q2,ORG-12345,SITE-A,England,Fibre-based composite,Tertiary,2024-09-19,3489.4,Supplied as goods
REC-2799-2024-Q1-SITE-D-PL01,2024-Q1,ORG-12345,SITE-D,Northern Ireland,Plastic,Secondary,2024-08-25,1.4408800000000002,Imported
REC-2800-2024-Q1-SITE-A-GL01,2024-Q1,ORG-12345,SITE-A,England,Glass,Secondary,2024-06-29,1131.02,Imported
REC-2801-2024Q2-SITE-A-AL01,2024-Q2,ORG-12345,SITE-A,England,Aluminium,Secondary,2024-12-17,1039.43,Supplied as goods
REC-2802-Q4 2024-SITE-B-GL01,2024-Q4,ORG-12345,SITE-B,Scotland,Glass,Tertiary,2024-01-21,3.38282,Supplied as goods
REC-2803-Q2 2024-SITE-C-ST01,2024-Q2,ORG-12345,SITE-C,Wales,Steel,Primary,2024-03-05,511.11,Exported
REC-2804-Q2 2024-SITE-A-FB01,2024-Q2,ORG-12345,SITE-A,England,Fibre-based composite,Secondary,2024-04-15,4504.64,Imported
REC-2805-Q4 2024-SITE-D-WD01,2024-Q4,ORG-12345,SITE-D,Northern Ireland,Wood,Secondary,2024-08-18,4.4790600000000005,Exported
REC-2806-2024-Q1-SITE-E-AL01,2024-Q1,ORG-12345,SITE-E,England,Aluminium,Tertiary,2024-08-21,3.04181,Imported
REC-2807-Q4 2024-SITE-E-PL02,2024-Q4,ORG-12345,SITE-E,England,Plastic,Secondary,2024-03-15,4.29882,Imported
REC-2808-Q2 2024-SITE-C-WD01,2024-Q2,ORG-12345,SITE-C,Wales,Wood,Shipment,2024-04-10,2.8449299999999997,Exported
REC-2810-Q4 2024-SITE-B-AL01,2024-Q4,ORG-12345,SITE-B,Scotland,Aluminium,Secondary,2024-05-24,2170.58,Imported
REC-2812-Q4 2024-SITE-C-FB01,2024-Q4,ORG-12345,SITE-C,Wales,Fibre-based composite,Tertiary,2024-04-25,2.1192100000000003,Supplied as goods
REC-2813-2024-Q1-SITE-A-OT01,2024-Q1,ORG-12345,SITE-A,England,Other,Secondary,2024-07-06,,Exported
REC-2814-2024-Q3-SITE-D-AL01,2024-Q3,ORG-12345,SITE-D,Northern Ireland,Aluminium,Shipment,2024-03-01,3147.82,Imported
REC-2815-Q2 2024-SITE-A-UNKNOWN,2024-Q2,ORG-12345,SITE-A,England,,Tertiary,2024-10-14,1.21056,Imported
REC-2816-Q4 2024-SITE-D-PL02,2024-Q4,ORG-12345,SITE-D,Northern Ireland,Plastic,Secondary,2024-03-03,2165.34,Exported
REC-2817-Q2 2024-SITE-Z-ST01,2024-Q2,ORG-12345,SITE-Z,,Steel,Primary,2024-02-10,2550.68,Imported
REC-2818-Q4 2024-SITE-C-FB01,2024-Q4,ORG-12345,SITE-C,Wales,Fibre-based composite,Tertiary,2024-08-14,457.65,Imported
REC-2819-2024-Q1-SITE-D-WD01,2024-Q1,ORG-12345,SITE-D,Northern Ireland,Wood,Primary,2024-12-17,4.390350000000001,Exported
REC-2820-Q2 2024-SITE-A-ST01,2024-Q2,ORG-12345,SITE-A,England,Steel,Tertiary,2024-09-14,2.62136,Supplied as goods
REC-2821-2024-Q1-SITE-C-GL01,2024-Q1,ORG-12345,SITE-C,Wales,Glass,Shipment,2024-09-03,104.91,Supplied as goods
REC-2822-Q4 2024-SITE-C-OT01,2024-Q4,ORG-12345,SITE-C,Wales,Other,Secondary,2024-02-01,1.48578,Supplied as goods
REC-2823-Q4 2024-SITE-C-PC01,2024-Q4,ORG-12345,SITE-C,Wales,Paper/card,Primary,2024-10-01,3544.15,Supplied as goods
REC-2824-2024-Q1-SITE-B-AL01,2024-Q1,ORG-12345,SITE-B,Scotland,Aluminium,Primary,2024-09-12,2011.97,Supplied as goods
REC-2825-Q4 2024-SITE-D-PL02,2024-Q4,ORG-12345,SITE-D,Northern Ireland,Plastic,Shipment,2024-11-04,0.95603,Supplied as goods
REC-2826-Q4 2024-SITE-E-ST01,2024-Q4,ORG-12345,SITE-E,England,Steel,Tertiary,2024-05-05,3090.83,Supplied as goods
REC-2827-Q4 2024-SITE-D-OT01,2024-Q4,ORG-12345,SITE-D,Northern Ireland,Other,Tertiary,2024-11-03,3.39745,Imported
REC-2828-Q4 2024-SITE-E-FB01,2024-Q4,ORG-12345,SITE-E,England,Fibre-based composite,Primary,2024-01-27,3.4147,Imported
REC-2829-Q2 2024-SITE-C-PC01,2024-Q2,ORG-12345,SITE-C,Wales,Paper/card,Tertiary,2024-03-15,1.6471300000000002,Exported
REC-2830-Q4 2024-SITE-A-WD01,2024-Q4,ORG-12345,SITE-A,England,Wood,Primary,2024-08-28,3257.16,Imported
REC-2831-Q4 2024-SITE-A-PL01,2024-Q4,ORG-12345,SITE-A,England,Plastic,Secondary,2024-11-05,1.06937,Imported
REC-2832-2024-Q1-SITE-E-PL01,2024-Q1,ORG-12345,SITE-E,England,Plastic,Secondary,2024-10-31,4.720350000000001,Supplied as goods
REC-2833-2024-Q3-SITE-D-OT01,2024-Q3,ORG-12345,SITE-D,Northern Ireland,Other,Primary,2024-05-13,0.6439900000000001,Imported
REC-2834-Q4 2024-SITE-E-WD01,2024-Q4,ORG-12345,SITE-E,England,Wood,Primary,2024-11-22,3.70081,Imported
REC-2835-Q2 2024-SITE-A-ST01,2024-Q2,ORG-12345,SITE-A,England,Steel,Primary,2025-01-05,2.9572,Imported
REC-2836-2024-Q3-SITE-B-OT01,2024-Q3,ORG-12345,SITE-B,Scotland,Other,Tertiary,2024-12-31,1.21037,Exported
REC-2837-2024-Q1-SITE-D-PL01,2024-Q1,ORG-12345,SITE-D,Northern Ireland,Plastic,Primary,2024-11-16,1826.02,Imported
REC-2838-2024-Q1-SITE-B-GL01,2024-Q1,ORG-12345,SITE-B,Scotland,Glass,Primary,2024-05-26,1732.89,Exported
REC-2839-2024-Q1-SITE-B-OT01,2024-Q1,ORG-12345,SITE-B,Scotland,Other,Primary,2024-03-30,1198.4,Imported
REC-2840-2024-Q1-SITE-D-PL02,2024-Q1,ORG-12345,SITE-D,Northern Ireland,Plastic,Secondary,2024-12-04,2716.95,Exported
REC-2841-2024-Q1-SITE-C-FB01,2024-Q1,ORG-12345,SITE-C,Wales,Fibre-based composite,Tertiary,2024-07-27,3.33345,Imported
REC-2842-2024-Q1-SITE-E-ST01,2024-Q1,ORG-12345,SITE-E,England,Steel,Tertiary,2024-01-15,4.6089899999999995,Exported
REC-2843-Q2 2024-SITE-E-AL01,2024-Q2,ORG-12345,SITE-E,England,Aluminium,Secondary,2024-12-02,0.6164700000000001,Supplied as goods
REC-2844-2024-Q1-SITE-A-ST01,2024-Q1,ORG-12345,SITE-A,England,Steel,Primary,2024-12-07,4.405189999999999,Imported
REC-2845-Q4 2024-SITE-E-PL02,2024-Q4,ORG-12345,SITE-E,England,Plastic,Secondary,2024-04-13,2.04045,Supplied as goods
REC-2846-2024-Q1-SITE-A-ST01,2024-Q1,ORG-12345,SITE-A,England,Steel,Tertiary,2024-03-30,4220.11,Imported
REC-2847-Q2 2024-SITE-E-OT01,2024-Q2,ORG-12345,SITE-E,England,Other,Shipment,2024-12-11,2918.3,Exported
REC-2848-2024-Q1-SITE-E-WD01,2024-Q1,ORG-12345,SITE-E,England,Wood,Tertiary,2024-11-13,489.65,Imported
REC-2849-Q2 2024-SITE-A-PL02,2024-Q2,ORG-12345,SITE-A,England,Plastic,Tertiary,2024-08-09,4428.56,Exported
REC-2850-Q2 2024-SITE-A-FB01,2024-Q2,ORG-12345,SITE-A,England,Fibre-based composite,Primary,2024-03-16,2.8094699999999997,Supplied as goods
REC-2851-Q2 2024-SITE-D-WD01,2024-Q2,ORG-12345,SITE-D,Northern Ireland,Wood,Primary,2024-05-29,3.79918,Exported
REC-2852-2024-Q3-SITE-B-ST01,2024-Q3,ORG-12345,SITE-B,Scotland,Steel,Secondary,2024-10-08,1664.01,Supplied as goods
REC-2853-2024-Q3-SITE-B-WD01,2024-Q3,ORG-12345,SITE-B,Scotland,Wood,Primary,2024-12-16,934.28,Supplied as goods
REC-2854-Q2 2024-SITE-B-PC01,2024-Q2,ORG-12345,SITE-B,Scotland,Paper/card,Primary,2024-07-19,3.00352,Imported
REC-2855-Q4 2024-SITE-E-AL01,2024-Q4,ORG-12345,SITE-E,England,Aluminium,Primary,2025-01-09,2779.03,Supplied as goods
REC-2856-Q2 2024-SITE-A-PL01,2024-Q2,ORG-12345,SITE-A,England,Plastic,Primary,2024-05-18,1914.78,Exported
REC-2857-2024-Q3-SITE-A-FB01,2024-Q3,ORG-12345,SITE-A,England,Fibre-based composite,Secondary,2024-05-07,4230.09,Supplied as goods
REC-2858-2024-Q3-SITE-C-FB01,2024-Q3,ORG-12345,SITE-C,Wales,Fibre-based composite,Secondary,2024-01-23,3781.8,Exported
REC-2859-Q2 2024-SITE-E-AL01,2024-Q2,ORG-12345,SITE-E,England,Aluminium,Tertiary,2024-07-13,4143.99,Imported
REC-2860-Q4 2024-SITE-D-WD01,2024-Q4,ORG-12345,SITE-D,Northern Ireland,Wood,Secondary,2024-04-25,2612.97,Supplied as goods
REC-2861-Q4 2024-SITE-D-GL01,2024-Q4,ORG-12345,SITE-D,Northern Ireland,Glass,Primary,2024-11-09,240.28,Imported
REC-2862-Q2 2024-SITE-B-PL02,2024-Q2,ORG-12345,SITE-B,Scotland,Plastic,Primary,2024-02-09,2928.31,Imported
REC-2863-Q4 2024-SITE-B-ST01,2024-Q4,ORG-12345,SITE-B,Scotland,Steel,Primary,2024-11-27,2.64595,Exported
REC-2864-Q4 2024-SITE-D-GL01,2024-Q4,ORG-12345,SITE-D,Northern Ireland,Glass,Primary,2024-04-20,2.1139200000000002,Imported
REC-2865-Q2 2024-SITE-E-PC01,2024-Q2,ORG-12345,SITE-E,England,Paper/card,Secondary,2024-06-27,4.92707,Exported
REC-2866-Q4 2024-SITE-E-OT01,2024-Q4,ORG-12345,SITE-E,England,Other,Tertiary,2024-09-24,4332.55,Imported
REC-2867-2024-Q3-SITE-A-WD01,2024-Q3,ORG-12345,SITE-A,England,Wood,Shipment,2024-05-20,1892.24,Supplied as goods
REC-2868-Q2 2024-SITE-E-ST01,2024-Q2,ORG-12345,SITE-E,England,Steel,Shipment,2024-06-30,291.84,Supplied as goods
REC-2869-Q2 2024-SITE-B-AL01,2024-Q2,ORG-12345,SITE-B,Scotland,Aluminium,Shipment,2024-01-20,3.74288,Exported
REC-2870-Q4 2024-SITE-D-PL01,2024-Q4,ORG-12345,SITE-D,Northern Ireland,Plastic,Primary,2024-11-25,1.4834800000000001,Supplied as goods
REC-2871-2024-Q3-SITE-A-PL02,2024-Q3,ORG-12345,SITE-A,England,Plastic,Tertiary,2024-10-29,3.7189,Imported
REC-2872-Q4 2024-SITE-E-PL02,2024-Q4,ORG-12345,SITE-E,England,Plastic,Primary,2024-04-01,0.63513,Imported
REC-2873-Q4 2024-SITE-C-OT01,2024-Q4,ORG-12345,SITE-C,Wales,Other,Secondary,2024-04-05,214.2,Supplied as goods
REC-2874-Q2 2024-SITE-A-GL01,2024-Q2,ORG-12345,SITE-A,England,Glass,Secondary,2024-07-05,1.68106,Supplied as goods
REC-2875-2024-Q1-SITE-D-AL01,2024-Q1,ORG-12345,SITE-D,Northern Ireland,Aluminium,Primary,2024-05-27,4665.82,Exported
REC-2876-Q4 2024-SITE-C-OT01,2024-Q4,ORG-12345,SITE-C,Wales,Other,Shipment,2024-03-22,0.66926,Imported
REC-2877-Q4 2024-SITE-A-PL01,2024-Q4,ORG-12345,SITE-A,England,Plastic,Primary,2024-08-11,3.3114600000000003,Imported
REC-2878-Q2 2024-SITE-D-FB01,2024-Q2,ORG-12345,SITE-D,Northern Ireland,Fibre-based composite,Primary,2024-12-08,2181.54,Exported
REC-2879-2024-Q3-SITE-D-ST01,2024-Q3,ORG-12345,SITE-D,Northern Ireland,Steel,Tertiary,2024-04-07,1582.62,Supplied as goods
REC-2880-2024-Q3-SITE-E-PC01,2024-Q3,ORG-12345,SITE-E,England,Paper/card,Primary,2024-03-04,3300.41,Supplied as goods
REC-2881-2024-Q1-SITE-B-PL01,2024-Q1,ORG-12345,SITE-B,Scotland,Plastic,Primary,2024-07-12,2.47645,Imported
REC-2882-Q2 2024-SITE-A-PL01,2024-Q2,ORG-12345,SITE-A,England,Plastic,Primary,2024-07-03,0.47650000000000003,Imported
REC-2883-Q4 2024-SITE-B-PL02,2024-Q4,ORG-12345,SITE-B,Scotland,Plastic,Shipment,2024-04-21,2.6024000000000003,Supplied as goods
REC-2884-Q4 2024-SITE-C-ST01,2024-Q4,ORG-12345,SITE-C,Wales,Steel,Tertiary,2024-10-22,4061.31,Supplied as goods
REC-2885-Q4 2024-SITE-D-PL01,2024-Q4,ORG-12345,SITE-D,Northern Ireland,Plastic,Tertiary,2024-05-09,2.49224,Imported
REC-2886-2024-Q3-SITE-D-PC01,2024-Q3,ORG-12345,SITE-D,Northern Ireland,Paper/card,Primary,2024-11-21,3474.55,Supplied as goods
REC-2887-Q4 2024-SITE-A-PL02,2024-Q4,ORG-12345,SITE-A,England,Plastic,Tertiary,2024-05-16,3167.88,Imported
REC-2888-2024-Q3-SITE-C-GL01,2024-Q3,ORG-12345,SITE-C,Wales,Glass,Tertiary,2024-04-22,2.98579,Exported
REC-2889-2024-Q1-SITE-E-ST01,2024-Q1,ORG-12345,SITE-E,England,Steel,Primary,2024-07-10,4079.02,Exported
REC-2890-Q4 2024-SITE-C-OT01,2024-Q4,ORG-12345,SITE-C,Wales,Other,Tertiary,2024-06-01,3.65815,Supplied as goods
REC-2891-2024-Q1-SITE-D-FB01,2024-Q1,ORG-12345,SITE-D,Northern Ireland,Fibre-based composite,Tertiary,2024-09-22,1.28194,Imported
REC-2892-2024-Q3-SITE-A-WD01,2024-Q3,ORG-12345,SITE-A,England,Wood,Primary,2024-06-22,1.46103,Supplied as goods
REC-2893-Q2 2024-SITE-E-PL02,2024-Q2,ORG-12345,SITE-E,England,Plastic,Shipment,2024-02-25,4.92432,Imported
REC-2894-Q2 2024-SITE-D-OT01,2024-Q2,ORG-12345,SITE-D,Northern Ireland,Other,Primary,2024-02-04,1084.58,Exported
REC-2895-2024-Q1-SITE-C-AL01,2024-Q1,ORG-12345,SITE-C,Wales,Aluminium,Shipment,2024-08-29,4580.93,Imported
REC-2896-2024-Q3-SITE-B-OT01,2024-Q3,ORG-12345,SITE-B,Scotland,Other,Shipment,2024-07-28,800.18,Supplied as goods
REC-2897-Q2 2024-SITE-B-ST01,2024-Q2,ORG-12345,SITE-B,Scotland,Steel,Tertiary,2024-08-15,3.5610100000000005,Imported
REC-2898-2024-Q3-SITE-C-GL01,2024-Q3,ORG-12345,SITE-C,Wales,Glass,Primary,2024-09-28,4666.08,Supplied as goods
REC-2899-Q2 2024-SITE-A-OT01,2024-Q2,ORG-12345,SITE-A,England,Other,Primary,2024-12-27,2462.54,Imported
REC-2900-2024-Q1-SITE-B-PL02,2024-Q1,ORG-12345,SITE-B,Scotland,Plastic,Shipment,2024-04-26,3094.91,Exported
REC-2901-2024Q2-SITE-C-GL01,2024-Q2,ORG-12345,SITE-C,Wales,Glass,Tertiary,2024-07-06,1.9239300000000001,Imported
REC-2902-Q2 2024-SITE-B-OT01,2024-Q2,ORG-12345,SITE-B,Scotland,Other,Primary,2024-03-16,856.9,Imported
REC-2903-Q2 2024-SITE-D-PL02,2024-Q2,ORG-12345,SITE-D,Northern Ireland,Plastic,Primary,2024-01-24,2046.23,Exported
REC-2904-Q4 2024-SITE-D-PC01,2024-Q4,ORG-12345,SITE-D,Northern Ireland,Paper/card,Primary,2024-07-19,4.52967,Exported
REC-2905-Q2 2024-SITE-E-ST01,2024-Q2,ORG-12345,SITE-E,England,Steel,Secondary,2024-04-24,3.64573,Imported
REC-2906-2024-Q3-SITE-E-PL02,2024-Q3,ORG-12345,SITE-E,England,Plastic,Secondary,2024-05-18,1.48191,Supplied as goods
REC-2907-Q4 2024-SITE-B-ST01,2024-Q4,ORG-12345,SITE-B,Scotland,Steel,Secondary,2024-03-15,4029.34,Imported
REC-2908-Q2 2024-SITE-C-PC01,2024-Q2,ORG-12345,SITE-C,Wales,Paper/card,Tertiary,2024-03-25,1.9108399999999999,Exported
REC-2910-2024-Q3-SITE-A-WD01,2024-Q3,ORG-12345,SITE-A,England,Wood,Primary,2024-08-03,4538.91,Supplied as goods
REC-2912-2024-Q1-SITE-C-OT01,2024-Q1,ORG-12345,SITE-C,Wales,Other,Tertiary,2024-10-20,3252.55,Supplied as goods
REC-2913-2024-Q1-SITE-B-PL02,2024-Q1,ORG-12345,SITE-B,Scotland,Plastic,Primary,2024-05-15,,Supplied as goods
REC-2914-Q2 2024-SITE-C-PL01,2024-Q2,ORG-12345,SITE-C,Wales,Plastic,Primary,2024-04-26,719.52,Imported
REC-2915-2024-Q1-SITE-B-UNKNOWN,2024-Q1,ORG-12345,SITE-B,Scotland,,Tertiary,2024-12-12,2863.7,Imported
REC-2916-Q2 2024-SITE-A-GL01,2024-Q2,ORG-12345,SITE-A,England,Glass,Secondary,2024-07-11,295.22,Supplied as goods
REC-2917-Q2 2024-SITE-Z-WD01,2024-Q2,ORG-12345,SITE-Z,,Wood,Secondary,2024-06-26,1642.32,Exported
REC-2918-2024-Q3-SITE-C-ST01,2024-Q3,ORG-12345,SITE-C,Wales,Steel,Tertiary,2024-10-04,4815.09,Exported
REC-2919-Q4 2024-SITE-E-PL02,2024-Q4,ORG-12345,SITE-E,England,Plastic,Primary,2024-12-02,0.13063999999999998,Exported
REC-2920-Q4 2024-SITE-C-PC01,2024-Q4,ORG-12345,SITE-C,Wales,Paper/card,Shipment,2024-04-04,1452.8,Supplied as goods
REC-2921-Q4 2024-SITE-D-GL01,2024-Q4,ORG-12345,SITE-D,Northern Ireland,Glass,Shipment,2024-06-24,1.8864200000000002,Exported
REC-2922-Q4 2024-SITE-A-FB01,2024-Q4,ORG-12345,SITE-A,England,Fibre-based composite,Secondary,2024-06-21,1211.93,Supplied as goods
REC-2923-Q2 2024-SITE-D-OT01,2024-Q2,ORG-12345,SITE-D,Northern Ireland,Other,Secondary,2024-08-09,2265.84,Supplied as goods
REC-2924-2024-Q3-SITE-C-PL01,2024-Q3,ORG-12345,SITE-C,Wales,Plastic,Primary,2024-02-20,1.7989300000000001,Supplied as goods
REC-2925-2024-Q1-SITE-B-PC01,2024-Q1,ORG-12345,SITE-B,Scotland,Paper/card,Primary,2024-09-25,71.62,Exported
REC-2926-2024-Q1-SITE-E-PL02,2024-Q1,ORG-12345,SITE-E,England,Plastic,Secondary,2024-03-21,317.14,Imported
REC-2927-2024-Q3-SITE-E-GL01,2024-Q3,ORG-12345,SITE-E,England,Glass,Secondary,2024-08-28,0.42151,Imported
REC-2928-Q2 2024-SITE-C-ST01,2024-Q2,ORG-12345,SITE-C,Wales,Steel,Primary,2024-12-28,1908.11,Exported
REC-2929-2024-Q1-SITE-D-PC01,2024-Q1,ORG-12345,SITE-D,Northern Ireland,Paper/card,Tertiary,2024-02-24,2938.45,Imported
REC-2930-Q4 2024-SITE-C-OT01,2024-Q4,ORG-12345,SITE-C,Wales,Other,Tertiary,2024-05-03,2681.01,Exported
REC-2931-2024-Q3-SITE-B-FB01,2024-Q3,ORG-12345,SITE-B,Scotland,Fibre-based composite,Secondary,2024-11-20,4.43161,Imported
REC-2932-2024-Q1-SITE-D-WD01,2024-Q1,ORG-12345,SITE-D,Northern Ireland,Wood,Secondary,2024-12-31,3369.24,Exported
REC-2933-2024-Q1-SITE-D-WD01,2024-Q1,ORG-12345,SITE-D,Northern Ireland,Wood,Primary,2024-05-29,4854.32,Supplied as goods
REC-2934-Q2 2024-SITE-E-AL01,2024-Q2,ORG-12345,SITE-E,England,Aluminium,Tertiary,2024-01-28,4.03827,Supplied as goods
REC-2935-Q4 2024-SITE-B-PC01,2024-Q4,ORG-12345,SITE-B,Scotland,Paper/card,Secondary,2024-12-29,1.2473800000000002,Imported
REC-2936-2024-Q3-SITE-C-GL01,2024-Q3,ORG-12345,SITE-C,Wales,Glass,Primary,2024-04-19,4991.54,Exported
REC-2937-Q4 2024-SITE-D-OT01,2024-Q4,ORG-12345,SITE-D,Northern Ireland,Other,Primary,2024-11-26,1.23836,Imported
REC-2938-Q2 2024-SITE-E-GL01,2024-Q2,ORG-12345,SITE-E,England,Glass,Secondary,2024-10-14,2.22452,Supplied as goods
REC-2939-2024-Q1-SITE-B-PC01,2024-Q1,ORG-12345,SITE-B,Scotland,Paper/card,Tertiary,2024-03-03,0.28132999999999997,Supplied as goods
REC-2940-Q2 2024-SITE-B-ST01,2024-Q2,ORG-12345,SITE-B,Scotland,Steel,Tertiary,2024-06-05,0.37303,Supplied as goods
REC-2941-Q2 2024-SITE-A-ST01,2024-Q2,ORG-12345,SITE-A,England,Steel,Primary,2024-01-19,4809.56,Supplied as goods
REC-2942-2024-Q3-SITE-C-WD01,2024-Q3,ORG-12345,SITE-C,Wales,Wood,Secondary,2024-08-01,4316.99,Imported
REC-2943-Q2 2024-SITE-B-PL01,2024-Q2,ORG-12345,SITE-B,Scotland,Plastic,Secondary,2024-01-30,2.21027,Imported
REC-2944-Q2 2024-SITE-B-PL01,2024-Q2,ORG-12345,SITE-B,Scotland,Plastic,Tertiary,2024-08-23,3.95358,Imported
REC-2945-Q2 2024-SITE-B-GL01,2024-Q2,ORG-12345,SITE-B,Scotland,Glass,Primary,2024-08-14,2274.53,Imported
REC-2946-Q4 2024-SITE-C-OT01,2024-Q4,ORG-12345,SITE-C,Wales,Other,Tertiary,2024-08-28,4776.96,Supplied as goods
REC-2947-2024-Q1-SITE-D-PL01,2024-Q1,ORG-12345,SITE-D,Northern Ireland,Plastic,Primary,2024-11-24,1.83946,Exported
REC-2948-2024-Q3-SITE-B-PC01,2024-Q3,ORG-12345,SITE-B,Scotland,Paper/card,Primary,2024-02-03,2541.95,Exported
REC-2949-Q4 2024-SITE-B-WD01,2024-Q4,ORG-12345,SITE-B,Scotland,Wood,Tertiary,2024-01-24,1.52268,Exported
REC-2950-Q4 2024-SITE-D-FB01,2024-Q4,ORG-12345,SITE-D,Northern Ireland,Fibre-based composite,Secondary,2024-07-23,2556.38,Imported
REC-2951-Q2 2024-SITE-A-PL01,2024-Q2,ORG-12345,SITE-A,England,Plastic,Tertiary,2024-08-09,4.16051,Imported
REC-2952-2024-Q3-SITE-D-AL01,2024-Q3,ORG-12345,SITE-D,Northern Ireland,Aluminium,Tertiary,2024-02-20,3328.68,Exported
REC-2953-Q2 2024-SITE-E-ST01,2024-Q2,ORG-12345,SITE-E,England,Steel,Shipment,2024-10-08,1372.97,Imported
REC-2954-2024-Q3-SITE-E-AL01,2024-Q3,ORG-12345,SITE-E,England,Aluminium,Shipment,2024-02-23,3861.87,Exported
REC-2955-2024-Q3-SITE-E-ST01,2024-Q3,ORG-12345,SITE-E,England,Steel,Shipment,2024-01-22,2.55513,Exported
REC-2956-Q4 2024-SITE-B-ST01,2024-Q4,ORG-12345,SITE-B,Scotland,Steel,Shipment,2024-06-14,4.01216,Exported
REC-2957-2024-Q1-SITE-D-AL01,2024-Q1,ORG-12345,SITE-D,Northern Ireland,Aluminium,Primary,2024-03-06,3739.24,Supplied as goods
REC-2958-2024-Q3-SITE-A-GL01,2024-Q3,ORG-12345,SITE-A,England,Glass,Tertiary,2024-06-10,2.94933,Exported
REC-2959-Q2 2024-SITE-A-OT01,2024-Q2,ORG-12345,SITE-A,England,Other,Secondary,2024-09-01,1.2948199999999999,Supplied as goods
REC-2960-Q2 2024-SITE-B-FB01,2024-Q2,ORG-12345,SITE-B,Scotland,Fibre-based composite,Tertiary,2024-10-12,4.93917,Exported
REC-2961-Q4 2024-SITE-C-ST01,2024-Q4,ORG-12345,SITE-C,Wales,Steel,Secondary,2024-09-07,0.90449,Imported
REC-2962-Q2 2024-SITE-B-OT01,2024-Q2,ORG-12345,SITE-B,Scotland,Other,Tertiary,2024-10-10,0.36786,Imported
REC-2963-Q4 2024-SITE-A-OT01,2024-Q4,ORG-12345,SITE-A,England,Other,Tertiary,2024-02-09,336.15,Imported
REC-2964-2024-Q3-SITE-C-FB01,2024-Q3,ORG-12345,SITE-C,Wales,Fibre-based composite,Tertiary,2024-06-19,4.93788,Supplied as goods
REC-2965-2024-Q1-SITE-D-WD01,2024-Q1,ORG-12345,SITE-D,Northern Ireland,Wood,Tertiary,2024-06-29,3017.32,Exported
REC-2966-Q4 2024-SITE-E-OT01,2024-Q4,ORG-12345,SITE-E,England,Other,Secondary,2024-12-27,2246.92,Exported
REC-2967-Q2 2024-SITE-B-OT01,2024-Q2,ORG-12345,SITE-B,Scotland,Other,Primary,2024-03-16,4288.76,Supplied as goods
REC-2968-2024-Q1-SITE-D-PL01,2024-Q1,ORG-12345,SITE-D,Northern Ireland,Plastic,Tertiary,2024-08-07,0.3438,Exported
REC-2969-Q4 2024-SITE-C-GL01,2024-Q4,ORG-12345,SITE-C,Wales,Glass,Primary,2024-09-30,2122.54,Supplied as goods
REC-2970-2024-Q3-SITE-C-FB01,2024-Q3,ORG-12345,SITE-C,Wales,Fibre-based composite,Secondary,2024-09-23,2521.35,Imported
REC-2971-2024-Q1-SITE-C-PC01,2024-Q1,ORG-12345,SITE-C,Wales,Paper/card,Primary,2024-02-10,1311.09,Supplied as goods
REC-2972-Q2 2024-SITE-E-FB01,2024-Q2,ORG-12345,SITE-E,England,Fibre-based composite,Shipment,2024-12-29,1721.01,Imported
REC-2973-2024-Q3-SITE-C-PL01,2024-Q3,ORG-12345,SITE-C,Wales,Plastic,Secondary,2024-04-02,2102.88,Supplied as goods
REC-2974-2024-Q1-SITE-C-GL01,2024-Q1,ORG-12345,SITE-C,Wales,Glass,Secondary,2024-04-27,1337.06,Imported
REC-2975-Q2 2024-SITE-A-AL01,2024-Q2,ORG-12345,SITE-A,England,Aluminium,Shipment,2024-09-11,4565.14,Imported
REC-2976-Q2 2024-SITE-D-PL01,2024-Q2,ORG-12345,SITE-D,Northern Ireland,Plastic,Tertiary,2024-11-28,2.29054,Supplied as goods
REC-2977-Q4 2024-SITE-E-ST01,2024-Q4,ORG-12345,SITE-E,England,Steel,Tertiary,2024-04-12,0.81172,Imported
REC-2978-Q2 2024-SITE-E-PL01,2024-Q2,ORG-12345,SITE-E,England,Plastic,Tertiary,2024-11-21,1.69728,Exported
REC-2979-Q4 2024-SITE-E-ST01,2024-Q4,ORG-12345,SITE-E,England,Steel,Tertiary,2024-02-17,1.10233,Supplied as goods
REC-2980-2024-Q3-SITE-B-WD01,2024-Q3,ORG-12345,SITE-B,Scotland,Wood,Shipment,2024-04-02,4346.63,Imported
REC-2981-2024-Q3-SITE-E-OT01,2024-Q3,ORG-12345,SITE-E,England,Other,Secondary,2024-01-21,1088.24,Supplied as goods
REC-2982-Q4 2024-SITE-D-ST01,2024-Q4,ORG-12345,SITE-D,Northern Ireland,Steel,Secondary,2024-10-01,2346.99,Supplied as goods
REC-2983-2024-Q3-SITE-E-PL01,2024-Q3,ORG-12345,SITE-E,England,Plastic,Shipment,2024-01-24,2.51641,Imported
REC-2984-Q4 2024-SITE-B-PC01,2024-Q4,ORG-12345,SITE-B,Scotland,Paper/card,Shipment,2024-04-10,3.81828,Exported
REC-2985-2024-Q1-SITE-B-ST01,2024-Q1,ORG-12345,SITE-B,Scotland,Steel,Secondary,2024-10-12,3.27083,Supplied as goods
REC-2986-Q2 2024-SITE-D-GL01,2024-Q2,ORG-12345,SITE-D,Northern Ireland,Glass,Secondary,2024-04-02,1.4378199999999999,Exported
REC-2987-Q4 2024-SITE-D-PL01,2024-Q4,ORG-12345,SITE-D,Northern Ireland,Plastic,Primary,2024-10-13,2839.43,Supplied as goods
REC-2988-2024-Q1-SITE-C-FB01,2024-Q1,ORG-12345,SITE-C,Wales,Fibre-based composite,Secondary,2024-08-19,3.06783,Imported
REC-2989-Q2 2024-SITE-A-ST01,2024-Q2,ORG-12345,SITE-A,England,Steel,Tertiary,2024-06-26,3.62209,Exported
REC-2990-Q4 2024-SITE-A-OT01,2024-Q4,ORG-12345,SITE-A,England,Other,Tertiary,2024-05-19,3496.84,Imported
REC-2991-Q4 2024-SITE-E-AL01,2024-Q4,ORG-12345,SITE-E,England,Aluminium,Primary,2024-11-28,204.08,Imported
REC-2992-Q2 2024-SITE-C-ST01,2024-Q2,ORG-12345,SITE-C,Wales,Steel,Primary,2024-08-29,2128.95,Imported
REC-2993-Q2 2024-SITE-E-AL01,2024-Q2,ORG-12345,SITE-E,England,Aluminium,Tertiary,2024-12-08,1.95055,Supplied as goods
REC-2994-Q2 2024-SITE-D-PL02,2024-Q2,ORG-12345,SITE-D,Northern Ireland,Plastic,Secondary,2024-03-30,4.90954,Supplied as goods
REC-2995-2024-Q1-SITE-D-FB01,2024-Q1,ORG-12345,SITE-D,Northern Ireland,Fibre-based composite,Tertiary,2024-04-02,4117.43,Imported
REC-2996-2024-Q1-SITE-D-AL01,2024-Q1,ORG-12345,SITE-D,Northern Ireland,Aluminium,Primary,2024-11-29,3.63842,Imported
REC-2997-Q4 2024-SITE-B-OT01,2024-Q4,ORG-12345,SITE-B,Scotland,Other,Shipment,2024-11-03,4.90445,Supplied as goods
REC-2998-2024-Q3-SITE-C-PL01,2024-Q3,ORG-12345,SITE-C,Wales,Plastic,Primary,2024-10-18,4072.13,Exported
REC-2999-Q4 2024-SITE-D-WD01,2024-Q4,ORG-12345,SITE-D,Northern Ireland,Wood,Primary,2024-06-28,4448.43,Exported
REC-3000-2024-Q3-SITE-D-ST01,2024-Q3,ORG-12345,SITE-D,Northern Ireland,Steel,Primary,2024-04-27,3965.76,Exported
